,Pm,Po,Ps,hm,hs,LintletConst,DmotiveIn,DmotiveOut,Dthroat,alphaMotiveDiff,alphaMotiveConv,Lmch,alphaSuction,Lsuction,Dmix,Lmix,alphadiff,DdiffOut,Loutlet,Dsuc,ThicknessNozzle,ThicknessNozzleOuter,SimulatedIndicator,ConvergenceIndicator,CrashIndicator,Experiment_model_type,MeshRefinement,mfr_m,mfr_s,mfr_o,mfr_err,uni_alpha,uni_vel,ds1,eff,s_out,s_m_inlet,s_s_in,s_diff_out,s_mch,s_mix_in,s_mix_out,s_m_in,s_m_t,s_m_o,ds_diff,ds_mix,ds_mot
0,8500000.0,3800000.0,3300000.0,280000.0,432000.0,0.01,0.01,0.00159164325,0.00141,3.0,35.0,0.0042,42.0,0.02,0.006923775,0.0462392196768749,34.48675,0.0513423880406249,0.01,-1.0,0.001,0.01,True,True,False,HEM,0.0,0.077955475,-0.20251199,0.12455609,-4.250000000122212e-07,0.99999998,0.99999998,0.1755417517385492,-1.5135508071141477,1.8833043,1.2562531,1.8598734,1.8833044,1.7752782,1.7897041,1.8914913,1.2562531,1.3197399,1.2659352,-0.008186899999999886,0.10178719999999997,0.009682100000000027
1,8500000.0,3800000.0,3300000.0,280000.0,432000.0,0.01,0.01,0.00194400225,0.00141,3.0,35.0,0.0042,42.0,0.02,0.004287075,0.033555686263125,74.04275,0.028514300416875,0.01,-1.0,0.001,0.01,True,True,False,HEM,0.0,0.077386825,0.018166471,-0.095552131,1.165000000011296e-06,0.99474902,0.99474902,0.0405904655490591,0.1367717569343279,1.4300712,1.256253,1.8566195,1.4200279,1.3254225,1.3770191,1.3995257,1.256253,1.2796273,1.2657819,0.020502199999999915,0.022506600000000043,0.00952889999999984
2,8500000.0,3800000.0,3300000.0,280000.0,432000.0,0.01,0.01,0.00206836425,0.00141,3.0,35.0,0.0042,42.0,0.02,0.006138375,0.033635379271875,85.72975000000001,0.046897952296875,0.01,-1.0,0.001,0.01,True,True,False,HEM,0.0,0.077750426,-0.124056,0.046304865,-7.09000000001514e-07,0.99999999,0.99999999,0.2708334065458995,-0.9296251861826637,1.8799816,1.2562531,1.744888,1.8799847,1.5603917,1.5924572,1.8812872,1.2562531,1.2862237,1.2658371,-0.0013024999999999842,0.28883000000000014,0.009584000000000037
3,8500000.0,3800000.0,3300000.0,280000.0,432000.0,0.01,0.01,0.00158473425,0.00141,3.0,35.0,0.0042,42.0,0.02,0.002660175,0.003016305928125,46.62325000000001,0.009681906425625,0.01,-1.0,0.001,0.01,True,True,False,HEM,0.0,0.077045688,0.014141168,-0.091187097,-2.409999999980484e-07,0.86359871,0.86359871,0.0625722062634688,0.1069374512678671,1.4030263,1.256253,1.8566174,1.4005405,1.3181669,1.3664967,1.4002672,1.256253,1.2821848,1.2657807,0.00027329999999992083,0.03377050000000015,0.009527700000000028
4,8500000.0,3800000.0,3300000.0,280000.0,432000.0,0.01,0.01,0.00148800825,0.00141,3.0,35.0,0.0042,42.0,0.02,0.004230975,0.0028953619668749,78.53775,0.0178713210768749,0.01,-1.0,0.001,0.01,True,True,False,HEM,0.0,0.077553543,-0.021466661,-0.056086921,-3.899999999334992e-08,0.95785625,0.95785625,0.0631295154986441,-0.1612707997600145,1.8710594,1.2562531,1.8762975,1.871086,1.8498154,1.8503227,1.8768078,1.2562531,1.3076751,1.2659955,-0.005721799999999888,0.026485099999999928,0.009742400000000151
5,8500000.0,3800000.0,3300000.0,280000.0,432000.0,0.01,0.01,0.00157091625,0.00141,3.0,35.0,0.0042,42.0,0.02,0.003165075,0.014971675145625,19.203750000000003,0.0116617979643749,0.01,-1.0,0.001,0.01,True,False,False,HEM,0.0,0.077197782,0.035540231,-0.11281607,-7.805700000000637e-05,0.96335714,0.96335714,0.0604224144539316,0.2682305922104885,1.5768912,1.256253,1.8567072,1.5768929,1.5448193,1.5525947,1.5729275,1.256253,1.2915643,1.2657962,0.003965400000000008,0.02033280000000004,0.009543199999999974
6,8500000.0,3800000.0,3300000.0,280000.0,432000.0,0.01,0.01,0.00150182625,0.00141,3.0,35.0,0.0042,42.0,0.02,0.001986975,0.010986928588125,49.76975,0.003480534433125,0.01,-1.0,0.001,0.01,True,True,False,HEM,0.0,0.076862566,-0.0059195674,-0.070945598,-2.5994000000112427e-06,0.017340455,0.017340455,0.0805081387804963,-0.0448712301207769,1.8909434,1.2562531,1.8358655,1.8913337,1.7190577,1.7407394,1.8958801,1.2562531,1.3162873,1.2659035,-0.0045464000000001725,0.15514070000000002,0.00965040000000017
7,8500000.0,3800000.0,3300000.0,280000.0,432000.0,0.01,0.01,0.00202691025,0.00141,3.0,35.0,0.0042,42.0,0.02,0.0048480749999999,0.027049470856875,45.27475,0.0074026469193749,0.01,-1.0,0.001,0.01,True,True,False,HEM,0.0,0.077498472,0.006546611,-0.084045488,-4.050000000088705e-07,0.95362515,0.95362515,0.0566364024952109,0.049217129526597,1.8669975,1.2562531,1.8438544,1.8669994,1.7439513,1.7600923,1.8737777,1.2562531,1.3171666,1.2659221,-0.006778299999999904,0.11368540000000005,0.00966900000000015
8,8500000.0,3800000.0,3300000.0,280000.0,432000.0,0.01,0.01,0.00164346075,0.00141,3.0,35.0,0.0042,42.0,0.02,0.006699375,0.026001111796875,69.09825000000001,0.036428354015625,0.01,-1.0,0.001,0.01,True,True,False,HEM,0.0,0.077926386,-0.17583283,0.097905812,-6.3200000000041e-07,0.99999998,0.99999998,0.2001695230410926,-1.3146444596612012,1.8713913,1.2562531,1.8715501,1.8714145,1.8324779,1.8395546,1.8846412,1.2562531,1.2841521,1.2659276,-0.013226699999999925,0.045086599999999866,0.00967450000000003
9,8500000.0,3800000.0,3300000.0,280000.0,432000.0,0.01,0.01,0.00185763975,0.00141,3.0,35.0,0.0042,42.0,0.02,0.0036980249999999,0.001791785563125,36.28475,0.011796977101875,0.01,-1.0,0.001,0.01,True,True,False,HEM,0.0,0.077255935,-0.011864284,-0.065391663,-1.2000000007561518e-08,0.95033616,0.95033616,0.044345616932201,-0.0894751769314162,1.5599724,1.256253,1.8566996,1.5599704,1.4919371,1.5286438,1.5505053,1.256253,1.2780488,1.2657845,0.009465100000000115,0.021861499999999978,0.009531500000000026
10,8500000.0,3800000.0,3300000.0,280000.0,432000.0,0.01,0.01,0.00146728125,0.00141,3.0,35.0,0.0042,42.0,0.02,0.002043075,0.008541739036875,20.102750000000004,0.018823616128125,0.01,-1.0,0.001,0.01,True,False,False,HEM,0.0,0.076921092,-0.004256777,-0.079355772,-0.006691457,0.99849636,0.99849636,0.1165074627098802,-0.0322424728777625,1.8700642,1.2562531,1.8522143,1.8700659,1.761323,1.7762212,1.8778949,1.2562531,1.3193399,1.2659292,-0.007829000000000086,0.10167370000000009,0.009676100000000076
11,8500000.0,3800000.0,3300000.0,280000.0,432000.0,0.01,0.01,0.00176782275,0.00141,3.0,35.0,0.0042,42.0,0.02,0.001510125,0.013026904546875,35.38575,0.003663449990625,0.01,-1.0,0.001,0.01,True,True,False,HEM,0.0,0.076613474,-0.023104119,-0.053548762,-3.940699999999825e-05,0.53276062,0.53276062,0.0586621961794182,-0.17570217675183,1.8755293,1.2562531,1.8790672,1.8755298,1.8676617,1.8685217,1.8917683,1.2562531,1.3223107,1.266038,-0.016238500000000045,0.023246600000000006,0.009784900000000096
12,8500000.0,3800000.0,3300000.0,280000.0,432000.0,0.01,0.01,0.00178854975,0.00141,3.0,35.0,0.0042,42.0,0.02,0.001874775,0.001563890435625,42.12825000000001,0.004800876950625,0.01,-1.0,0.001,0.01,True,False,False,HEM,0.0,0.076740243,-0.0032824331,-0.073722714,-0.0002649040999999,0.20791024,0.20791024,0.0584789332648232,-0.0249210076304972,1.8677388,1.2562531,1.8563513,1.8677392,1.7753933,1.7825354,1.8762996,1.2562531,1.3006169,1.2659346,-0.008560400000000135,0.09376420000000008,0.00968150000000012
13,8500000.0,3800000.0,3300000.0,280000.0,432000.0,0.01,0.01,0.00157782525,0.00141,3.0,35.0,0.0042,42.0,0.02,0.006867675,0.033172072093125,66.85074999999999,0.018821378413125,0.01,-1.0,0.001,0.01,True,True,False,HEM,0.0,0.077955063,-0.19592348,0.11796788,-5.370000000087805e-07,0.9957648,0.9957648,0.1807673139466477,-1.4643167968956254,1.5322417,1.256253,1.8566529,1.5311942,1.4788956,1.5020379,1.525947,1.256253,1.3132316,1.2657977,0.0052472000000001184,0.023909100000000016,0.009544699999999962
14,8500000.0,3800000.0,3300000.0,280000.0,432000.0,0.01,0.01,0.00167800575,0.00141,3.0,35.0,0.0042,42.0,0.02,0.004062675,0.007650524859375,30.890750000000004,0.034143837935625,0.01,-1.0,0.001,0.01,True,True,False,HEM,0.0,0.077425186,0.016175211,-0.093600408,-1.1000000008087872e-08,0.99882703,0.99882703,0.0490577529136513,0.1217196183836809,1.527166,1.2562531,1.856645,1.5271299,1.4633255,1.4993151,1.5253064,1.2562531,1.2801481,1.2657815,0.001823499999999978,0.02599130000000005,0.009528399999999992
15,8500000.0,3800000.0,3300000.0,280000.0,432000.0,0.01,0.01,0.00202000125,0.00141,3.0,35.0,0.0042,42.0,0.02,0.001538175,0.004894203669375,47.522250000000014,0.005529162309375,0.01,-1.0,0.001,0.01,True,False,False,HEM,0.0,0.076580862,-0.030598488,-0.046055451,-7.307699999999778e-05,0.48957928,0.48957928,0.0442611779601482,-0.2327944386629637,1.503321,1.256253,1.8566292,1.5030792,1.4488049,1.4775876,1.501333,1.256253,1.3200783,1.2657981,0.00174619999999992,0.02374540000000014,0.009545099999999973
16,8500000.0,3800000.0,3300000.0,280000.0,432000.0,0.01,0.01,0.00163309725,0.00141,3.0,35.0,0.0042,42.0,0.02,0.003052875,0.0148984116093749,52.466750000000005,0.020991492178125,0.01,-1.0,0.001,0.01,True,False,False,HEM,0.0,0.077154681,0.024278851,-0.10152168,-8.814799999999623e-05,0.98693864,0.98693864,0.0578780918083849,0.1833406364734195,1.9103867,1.2562531,1.8923648,1.9104852,1.8928529,1.8944652,1.9267892,1.2562531,1.3206518,1.2660272,-0.016303999999999874,0.03232400000000002,0.009774100000000008
17,8500000.0,3800000.0,3300000.0,280000.0,432000.0,0.01,0.01,0.00162964275,0.00141,3.0,35.0,0.0042,42.0,0.02,0.002295525,0.018196798839375,9.31475,0.010108860830625,0.01,-1.0,0.001,0.01,True,False,False,HEM,0.0,0.076916353,0.0063300407,-0.083995544,-0.0007491503,0.98093795,0.98093795,0.1134266474368777,0.0479491268714655,1.4952632,1.256253,1.8566364,1.4950373,1.4559079,1.4635617,1.4933397,1.256253,1.2912775,1.2657975,0.0016975999999999658,0.02977799999999986,0.009544499999999845
18,8500000.0,3800000.0,3300000.0,280000.0,432000.0,0.01,0.01,0.00188527575,0.00141,3.0,35.0,0.0042,42.0,0.02,0.001566225,0.014840804143125,76.29024999999999,0.015627049093125,0.01,-1.0,0.001,0.01,True,False,False,HEM,0.0,0.076611511,-0.026442631,-0.049247484,0.0009213959999999,0.96791242,0.96791242,0.0878532051035028,-0.2010960413552593,1.9211199,1.2562531,1.8963825,1.9232309,1.8746388,1.8804673,1.9306809,1.2562531,1.3232082,1.2659971,-0.007449999999999957,0.05021359999999997,0.009744000000000197
19,8500000.0,3800000.0,3300000.0,280000.0,432000.0,0.01,0.01,0.00159509775,0.00141,3.0,35.0,0.0042,42.0,0.02,0.005633475,0.048033683750625,10.21375,0.021516353578125,0.01,-1.0,0.001,0.01,True,True,False,HEM,0.0,0.077762513,-0.052301281,-0.025462041,-8.089999999939812e-07,0.99956392,0.99956392,0.0617942936315039,-0.391863599956806,1.3850372,1.2562531,1.4472674,1.3850267,1.3210787,1.3554069,1.385003,1.2562531,1.3098765,1.2658292,2.3700000000070887e-05,0.029596100000000014,0.009576100000000087
20,8500000.0,3800000.0,3300000.0,280000.0,432000.0,0.01,0.01,0.00200963775,0.00141,3.0,35.0,0.0042,42.0,0.02,0.002968725,0.004997329010625,85.28025,0.015475443898125,0.01,-1.0,0.001,0.01,True,True,False,HEM,0.0,0.077038461,0.011644166,-0.088683257,-6.300000000014627e-07,0.9093198,0.9093198,0.0437964998534101,0.088063040231643,2.0805301,1.2562531,1.935604,2.0813094,2.0116358,2.0191247,2.0886244,1.2562531,1.2889006,1.2659547,-0.0073150000000001825,0.06949970000000016,0.009701600000000088
21,8500000.0,3800000.0,3300000.0,280000.0,432000.0,0.01,0.01,0.00177818625,0.00141,3.0,35.0,0.0042,42.0,0.02,0.006194475,0.0401310611493749,8.415750000000001,0.044820588448125,0.01,-1.0,0.001,0.01,True,True,False,HEM,0.0,0.077815091,-0.11817784,0.040361845,-9.04000000002958e-07,0.99999998,0.99999998,0.2976194896778675,-0.8848407252413176,1.870891,1.2562532,1.8776966,1.8708927,1.8629514,1.8633713,1.8870964,1.2562532,1.2912587,1.2659744,-0.016203699999999932,0.023725099999999832,0.009721199999999985
22,8500000.0,3800000.0,3300000.0,280000.0,432000.0,0.01,0.01,0.00199581975,0.00141,3.0,35.0,0.0042,42.0,0.02,0.005605425,0.0206353911881249,63.25475000000001,0.045849713923125,0.01,-1.0,0.001,0.01,True,True,False,HEM,0.0,0.077682297,-0.062763409,-0.014919551,-6.630000000083791e-07,0.99890374,0.99890374,0.0337116452434534,-0.4707359324091643,1.8734116,1.2562531,1.862162,1.8735746,1.7907354,1.8067692,1.8828046,1.2562531,1.2785833,1.2659277,-0.009230000000000071,0.07603540000000009,0.009674600000000089
23,8500000.0,3800000.0,3300000.0,280000.0,432000.0,0.01,0.01,0.00153982575,0.00141,3.0,35.0,0.0042,42.0,0.02,0.003501675,0.012191169054375,13.80975,0.020614623350625,0.01,-1.0,0.001,0.01,True,False,False,HEM,0.0,0.077319902,0.045337468,-0.12287649,-0.00021912,0.9979841,0.9979841,0.0492075182813023,0.3416322427134442,1.8620757,1.2562531,1.8036123,1.8620766,1.668511,1.6878686,1.7927959,1.2562531,1.3072969,1.2658885,0.06928069999999997,0.10492729999999995,0.009635400000000072
24,8500000.0,3800000.0,3300000.0,280000.0,432000.0,0.01,0.01,0.00147073575,0.00141,3.0,35.0,0.0042,42.0,0.02,0.005381025,0.036473798180625,48.421250000000015,0.049819278283125,0.01,-1.0,0.001,0.01,True,True,False,HEM,0.0,0.077773255,-0.033542193,-0.044229793,1.2689999999981882e-06,0.99984875,0.99984875,0.0518945246928743,-0.251277766258616,1.3685206,1.256253,1.3782421,1.3599109,1.3067696,1.3252631,1.3523147,1.256253,1.3037677,1.2657985,0.007596200000000053,0.027051600000000064,0.009545499999999985
25,8500000.0,3800000.0,3300000.0,280000.0,432000.0,0.01,0.01,0.00188182125,0.00141,3.0,35.0,0.0042,42.0,0.02,0.006615225,0.049465510318125,83.48225,0.020805709528125,0.01,-1.0,0.001,0.01,True,True,False,HEM,0.0,0.077869472,-0.16579697,0.087926888,-6.09999999998112e-07,0.9986099,0.9986099,0.2227519568134699,-1.2405156405964002,1.8712324,1.2562531,1.8789476,1.8712335,1.8618136,1.8629321,1.8873974,1.2562531,1.2845779,1.2661267,-0.01616390000000001,0.024465299999999912,0.009873600000000149
26,8500000.0,3800000.0,3300000.0,280000.0,432000.0,0.01,0.01,0.00193018425,0.00141,3.0,35.0,0.0042,42.0,0.02,0.0027162749999999,0.006200508849375,29.09275,0.016479300890625,0.01,-1.0,0.001,0.01,True,True,False,HEM,0.0,0.076967387,0.018459539,-0.095413649,1.32769999999921e-05,0.97992748,0.97992748,0.0549374398622731,0.1397355771492648,1.8718278,1.2562531,1.8668236,1.8718369,1.809187,1.8205503,1.8831161,1.2562531,1.2847877,1.2659087,-0.011279200000000156,0.0625658,0.009655600000000097
27,8500000.0,3800000.0,3300000.0,280000.0,432000.0,0.01,0.01,0.00153637125,0.00141,3.0,35.0,0.0042,42.0,0.02,0.0057737249999999,0.040000799829375,29.542250000000003,0.0137470948818749,0.01,-1.0,0.001,0.01,True,True,False,HEM,0.0,0.077822241,-0.072699617,-0.0051309949,-8.370899999993534e-06,0.993028,0.993028,0.0654090938865929,-0.5442786199765397,1.9169539,1.2562531,1.8513735,1.9169557,1.7398692,1.7684831,1.9228076,1.2562531,1.3286869,1.2659032,-0.005851900000000132,0.15432449999999998,0.009650099999999995
28,8500000.0,3800000.0,3300000.0,280000.0,432000.0,0.01,0.01,0.00158127975,0.00141,3.0,35.0,0.0042,42.0,0.02,0.005128575,0.012987987973125,0.77425,0.011519420521875,0.01,-1.0,0.001,0.01,True,True,False,HEM,0.0,0.077682706,0.0010317804,-0.078708427,6.059400000008042e-06,0.98886519,0.98886519,0.0765254157883671,0.0077384826474615,1.8680826,1.2562531,1.8607967,1.8680828,1.7874033,1.8009264,1.8775846,1.2562531,1.2859832,1.2659107,-0.009501800000000005,0.07665820000000001,0.009657600000000155
29,8500000.0,3800000.0,3300000.0,280000.0,432000.0,0.01,0.01,0.0014569177499999,0.00141,3.0,35.0,0.0042,42.0,0.02,0.004090725,0.004229707381875,88.87625,0.039712042423125,0.01,-1.0,0.001,0.01,True,True,False,HEM,0.0,0.077543313,0.013958847,-0.091502127,3.2999999996508045e-08,0.99530766,0.99530766,0.1420678380233214,0.1048813043547875,1.5104611,1.256253,1.8566632,1.5091944,1.4711157,1.4774609,1.4987897,1.256253,1.292811,1.2657989,0.010404700000000044,0.021328799999999815,0.009545899999999996
30,8500000.0,3800000.0,3300000.0,280000.0,432000.0,0.01,0.01,0.00186454875,0.00141,3.0,35.0,0.0042,42.0,0.02,0.003305325,0.024550549336875,37.18375,0.029561752569375,0.01,-1.0,0.001,0.01,True,False,False,HEM,0.0,0.077148929,0.034478947,-0.1117737,-0.0001458239999999,0.9983727,0.9983727,0.0338021499995708,0.2603856085504783,1.4921561,1.256253,1.8566299,1.4921515,1.3464608,1.402069,1.4191949,1.256253,1.2727102,1.2657899,0.07295660000000015,0.017125899999999916,0.009536899999999848
31,8500000.0,3800000.0,3300000.0,280000.0,432000.0,0.01,0.01,0.00172291425,0.00141,3.0,35.0,0.0042,42.0,0.02,0.004483425,0.0129217912781249,42.57775000000001,0.037478406688125,0.01,-1.0,0.001,0.01,True,True,False,HEM,0.0,0.077519773,0.021393033,-0.098912573,2.329999999883814e-07,0.99827523,0.99827523,0.030108884527836,0.1607876743661039,1.8882308,1.2562531,1.8674067,1.8882313,1.8013659,1.8178881,1.8987763,1.2562531,1.2795352,1.2659333,-0.010545000000000027,0.08088819999999997,0.009680200000000028
32,8500000.0,3800000.0,3300000.0,280000.0,432000.0,0.01,0.01,0.00160891575,0.00141,3.0,35.0,0.0042,42.0,0.02,0.004932225,0.011012548674375,27.744250000000005,0.0252674187581249,0.01,-1.0,0.001,0.01,True,True,False,HEM,0.0,0.077641019,0.0069477731,-0.084588679,1.13100000004307e-07,0.9980461,0.9980461,0.0704093444010614,0.0521371497118879,1.9001648,1.2562531,1.7834821,1.900165,1.6298428,1.6555616,1.9026496,1.2562531,1.3102817,1.2658737,-0.002484599999999837,0.24708799999999997,0.00962060000000009
33,8500000.0,3800000.0,3300000.0,280000.0,432000.0,0.01,0.01,0.00175055025,0.00141,3.0,35.0,0.0042,42.0,0.02,0.005465175,0.035133287375625,70.44675,0.022593170079375,0.01,-1.0,0.001,0.01,True,True,False,HEM,0.0,0.077720343,-0.033319641,-0.044401559,-8.569999999999411e-07,0.99962026,0.99962026,0.0302083252445773,-0.2497804764809765,1.8728247,1.2562531,1.8822827,1.8728271,1.8598526,1.8623223,1.8891285,1.2562531,1.3298974,1.2660247,-0.01630139999999991,0.026806200000000002,0.009771600000000102
34,8500000.0,3800000.0,3300000.0,280000.0,432000.0,0.01,0.01,0.00201309225,0.00141,3.0,35.0,0.0042,42.0,0.02,0.006026175,0.012251063120625,79.43675,0.010014146960625,0.01,-1.0,0.001,0.01,True,True,False,HEM,0.0,0.077753085,-0.11169495,0.033941041,-8.240000000034331e-07,0.9965808,0.9965808,0.2101552574386648,-0.8369678835306644,1.8885455,1.2562531,1.8229104,1.8885459,1.6948633,1.7177349,1.8928745,1.2562531,1.3142521,1.2658993,-0.004328600000000016,0.17513960000000006,0.00964620000000016
35,8500000.0,3800000.0,3300000.0,280000.0,432000.0,0.01,0.01,0.00190254825,0.00141,3.0,35.0,0.0042,42.0,0.02,0.005998125,0.040357034484375,35.83525,0.026144477296875,0.01,-1.0,0.001,0.01,True,True,False,HEM,0.0,0.077788646,-0.098824373,0.021034312,-1.4149999999907292e-06,1.0,1.0,0.3475188430978209,-0.7401857848278678,1.5543382,1.256253,1.8566992,1.5540713,1.5354852,1.5376022,1.5516512,1.256253,1.2956571,1.2658001,0.002420099999999925,0.014048999999999978,0.00954710000000003
36,8500000.0,3800000.0,3300000.0,280000.0,432000.0,0.01,0.01,0.00183691275,0.00141,3.0,35.0,0.0042,42.0,0.02,0.001734525,0.001706815963125,55.16375000000001,0.007014635915625,0.01,-1.0,0.001,0.01,True,True,False,HEM,0.0,0.076674359,-0.012418801,-0.064253722,1.835999999991178e-06,0.69152988,0.69152988,0.0527473777367946,-0.0943674889277445,1.8682285,1.2562531,1.8784846,1.8682309,1.8667218,1.866992,1.885563,1.2562531,1.3256181,1.2660583,-0.017332100000000183,0.018571000000000115,0.00980520000000018
37,8500000.0,3800000.0,3300000.0,280000.0,432000.0,0.01,0.01,0.00205800075,0.00141,3.0,35.0,0.0042,42.0,0.02,0.0032211749999999,0.018133202015625,64.15374999999999,0.022727886035625,0.01,-1.0,0.001,0.01,True,True,False,HEM,0.0,0.077095715,0.019853385,-0.096950325,-1.22500000000747e-06,0.97940004,0.97940004,0.0379169885824416,0.1500365982384819,1.903089,1.2562531,1.8754072,1.9030901,1.8219766,1.834264,1.9134741,1.2562531,1.2890072,1.2659238,-0.010383999999999949,0.07921010000000006,0.009670700000000032
38,8500000.0,3800000.0,3300000.0,280000.0,432000.0,0.01,0.01,0.00152255325,0.00141,3.0,35.0,0.0042,42.0,0.02,0.003669975,0.0279922755656249,43.92625,0.0201207296868749,0.01,-1.0,0.001,0.01,True,False,False,HEM,0.0,0.077383844,0.032964861,-0.11044895,-0.000100245,0.98406534,0.98406534,0.0477704020633699,0.2481954607409165,1.3530576,1.256253,1.4102299,1.3494746,1.3116361,1.3287988,1.3315511,1.256253,1.2923526,1.2657996,0.01792349999999998,0.002752300000000041,0.00954659999999996
39,8500000.0,3800000.0,3300000.0,280000.0,432000.0,0.01,0.01,0.00156055275,0.00141,3.0,35.0,0.0042,42.0,0.02,0.006278625,0.052280069821875,50.66875,0.025109320134375,0.01,-1.0,0.001,0.01,True,True,False,HEM,0.0,0.077876279,-0.12513759,0.04726046,-8.509999999892215e-07,0.99999847,0.99999847,0.2878411423829031,-0.936214750173993,1.8639991,1.2562531,1.8758022,1.8640006,1.848699,1.8487268,1.8787089,1.2562531,1.3134827,1.2660161,-0.014708299999999896,0.02998210000000001,0.009763000000000188
40,8500000.0,3800000.0,3300000.0,280000.0,432000.0,0.01,0.01,0.00180582225,0.00141,3.0,35.0,0.0042,42.0,0.02,0.0043712249999999,0.032904286906875,71.34575,0.022982917524375,0.01,-1.0,0.001,0.01,True,True,False,HEM,0.0,0.077457413,0.023829019,-0.10128223,4.202000000008699e-06,0.9838498,0.9838498,0.0180272345882057,0.1792404644088041,1.5805016,1.256253,1.8566999,1.5805012,1.5430467,1.5536119,1.5754539,1.256253,1.3086949,1.2657995,0.005047299999999977,0.02184200000000014,0.009546499999999902
41,8500000.0,3800000.0,3300000.0,280000.0,432000.0,0.01,0.01,0.00165036975,0.00141,3.0,35.0,0.0042,42.0,0.02,0.005970075,0.021381375856875,39.431250000000006,0.053931120268125,0.01,-1.0,0.001,0.01,True,True,False,HEM,0.0,0.07780803,-0.092071274,0.014257534,-5.709999999993845e-06,0.99996877,0.99996877,0.3201200478705606,-0.689433873864112,1.8677772,1.2562531,1.8764548,1.8677774,1.8607532,1.8620759,1.8841675,1.2562531,1.3270725,1.2660428,-0.016390099999999963,0.02209159999999999,0.009789700000000012
42,8500000.0,3800000.0,3300000.0,280000.0,432000.0,0.01,0.01,0.00184036725,0.00141,3.0,35.0,0.0042,42.0,0.02,0.005100525,0.039413159319375,57.41125,0.012832028308125,0.01,-1.0,0.001,0.01,True,True,False,HEM,0.0,0.07762551,-0.0012708627,-0.076355761,-1.11369999999944e-06,0.99459729,0.99459729,0.0428534876487884,-0.0095386530312378,1.8667396,1.2562531,1.8717249,1.866744,1.8446014,1.8491536,1.8833886,1.2562531,1.2842109,1.2659253,-0.01664460000000001,0.034235000000000015,0.00967220000000002
43,8500000.0,3800000.0,3300000.0,280000.0,432000.0,0.01,0.01,0.00167109675,0.00141,3.0,35.0,0.0042,42.0,0.02,0.002688225,0.023995297966875,50.21925000000002,0.021263389310625,0.01,-1.0,0.001,0.01,True,True,False,HEM,0.0,0.077028702,0.015375705,-0.092402804,1.6030000000027966e-06,0.99396738,0.99396738,0.058170644329919,0.1162988293315835,1.9366528,1.2562531,1.8821557,1.9369574,1.816417,1.8301357,1.9411867,1.2562531,1.2939053,1.265916,-0.004229299999999991,0.11105100000000001,0.00966290000000014
44,8500000.0,3800000.0,3300000.0,280000.0,432000.0,0.01,0.01,0.00203036475,0.00141,3.0,35.0,0.0042,42.0,0.02,0.001958925,0.016996269950625,4.37025,0.017255827513125,0.01,-1.0,0.001,0.01,True,True,False,HEM,0.0,0.076715647,-0.012549237,-0.064195232,-2.882200000001167e-05,0.99479053,0.99479053,0.0934756295674677,-0.0953073192223574,1.8801656,1.2562531,1.8796025,1.8801714,1.8650631,1.8676223,1.8963762,1.2562531,1.2913065,1.265964,-0.016204799999999908,0.028753899999999888,0.009710900000000189
45,8500000.0,3800000.0,3300000.0,280000.0,432000.0,0.01,0.01,0.00147419025,0.00141,3.0,35.0,0.0042,42.0,0.02,0.0049602749999999,0.040559300626875,84.38125,0.0222896157468749,0.01,-1.0,0.001,0.01,True,True,False,HEM,0.0,0.077704546,-0.0016284292,-0.076079082,-2.9652000000102152e-06,0.99797029,0.99797029,0.0695524017782244,-0.0122099908573697,1.3915476,1.256253,1.4042656,1.3784491,1.3098649,1.3400351,1.3588568,1.256253,1.2823889,1.2658155,0.019592300000000007,0.018821700000000163,0.009562499999999918
46,8500000.0,3800000.0,3300000.0,280000.0,432000.0,0.01,0.01,0.00177473175,0.00141,3.0,35.0,0.0042,42.0,0.02,0.001594275,0.0069042868856249,3.92075,0.0118938096393749,0.01,-1.0,0.001,0.01,True,False,False,HEM,0.0,0.07663792,-0.017695212,-0.0591551,-0.000212392,0.99486411,0.99486411,0.1032248577879391,-0.1345256024848677,1.8886174,1.2562532,1.8838865,1.8886189,1.8737056,1.8765559,1.9046789,1.2562532,1.2819871,1.2661225,-0.016059999999999963,0.028122999999999898,0.00986930000000008
47,8500000.0,3800000.0,3300000.0,280000.0,432000.0,0.01,0.01,0.00199927425,0.00141,3.0,35.0,0.0042,42.0,0.02,0.002940675,0.011706900691875,9.76425,0.013478657379375,0.01,-1.0,0.001,0.01,True,True,False,HEM,0.0,0.077026762,0.029022474,-0.10604902,2.159999999973295e-07,0.98912765,0.98912765,0.0510748556066484,0.2195258533170466,1.4498428,1.256253,1.8566226,1.4498143,1.4196806,1.4230226,1.4432251,1.256253,1.3005366,1.2658067,0.006589199999999851,0.020202500000000123,0.009553699999999887
48,8500000.0,3800000.0,3300000.0,280000.0,432000.0,0.01,0.01,0.00166764225,0.00141,3.0,35.0,0.0042,42.0,0.02,0.001818675,0.006876819376875,86.62875,0.014794148188125,0.01,-1.0,0.001,0.01,True,False,False,HEM,0.0,0.07675861,-0.008404507,-0.068207253,0.00014685,0.95706038,0.95706038,0.086476269694168,-0.0637937344793308,1.8670265,1.2562531,1.8752291,1.8670337,1.8506851,1.8500528,1.8818857,1.2562531,1.3073601,1.2660082,-0.014852000000000087,0.03183289999999994,0.009755100000000017
49,8500000.0,3800000.0,3300000.0,280000.0,432000.0,0.01,0.01,0.00166418775,0.00141,3.0,35.0,0.0042,42.0,0.02,0.001650375,0.000222594328125,24.597750000000005,0.007861272496875,0.01,-1.0,0.001,0.01,True,True,False,HEM,0.0,0.07669657,-0.013722005,-0.062977188,-2.6229999999932696e-06,0.77319354,0.77319354,0.0843427483214683,-0.1042400272094609,1.8707184,1.2562531,1.7470697,1.8707213,1.5542257,1.595709,1.8720312,1.2562531,1.2781893,1.2658311,-0.001309899999999864,0.27632219999999985,0.009578000000000086
50,8500000.0,3800000.0,3300000.0,280000.0,432000.0,0.01,0.01,0.00154673475,0.00141,3.0,35.0,0.0042,42.0,0.02,0.004006575,0.007344753125625,37.63325,0.0300704471831249,0.01,-1.0,0.001,0.01,True,True,False,HEM,0.0,0.077455128,0.01531282,-0.092768294,-3.459999999982921e-07,0.99532043,0.99532043,0.0627144788945171,0.1151855197560356,1.8860535,1.2562531,1.704766,1.8860537,1.5273499,1.5466302,1.8870131,1.2562531,1.295513,1.2658507,-0.0009594000000001657,0.34038290000000004,0.009597600000000206
51,8500000.0,3800000.0,3300000.0,280000.0,432000.0,0.01,0.01,0.00210981825,0.00141,3.0,35.0,0.0042,42.0,0.02,0.006054225,0.0374079967856249,32.688750000000006,0.045710760950625,0.01,-1.0,0.001,0.01,True,True,False,HEM,0.0,0.077713815,-0.11893539,0.041221084,-4.909999999982984e-07,0.99999997,0.99999997,0.2874564295167845,-0.8916732881302676,1.432304,1.256253,1.8566306,1.4265932,1.3892888,1.4029368,1.4212098,1.256253,1.3032923,1.2657809,0.005383399999999927,0.018272999999999984,0.009527899999999923
52,8500000.0,3800000.0,3300000.0,280000.0,432000.0,0.01,0.01,0.00143964525,0.00141,3.0,35.0,0.0042,42.0,0.02,0.0050163749999999,0.0390134770593749,69.99725000000001,0.0198358754343749,0.01,-1.0,0.001,0.01,True,True,False,HEM,0.0,0.077702245,-0.0077072878,-0.069993815,1.1421999999983168e-06,0.99778411,0.99778411,0.0710233612404987,-0.0577910911543938,1.4702997,1.2562531,1.8566288,1.4702907,1.4002943,1.4444794,1.4566807,1.2562531,1.2761251,1.2657664,0.013610000000000122,0.01220129999999986,0.009513300000000058
53,8500000.0,3800000.0,3300000.0,280000.0,432000.0,0.01,0.01,0.00208218225,0.00141,3.0,35.0,0.0042,42.0,0.02,0.006811575,0.0662444400581249,55.61325,0.024178877488125,0.01,-1.0,0.001,0.01,True,True,False,HEM,0.0,0.077867303,-0.20097111,0.12310369,-1.170000000078053e-07,0.999375,0.999375,0.1711460634525775,-1.503735259769981,1.9044451,1.2562531,1.8882896,1.9044471,1.8894497,1.8909921,1.920939,1.2562531,1.292927,1.2659799,-0.016491899999999893,0.029946899999999887,0.009726800000000146
54,8500000.0,3800000.0,3300000.0,280000.0,432000.0,0.01,0.01,0.00167455125,0.00141,3.0,35.0,0.0042,42.0,0.02,0.002323575,0.006812896168125,51.11825000000002,0.020154631460625,0.01,-1.0,0.001,0.01,True,True,False,HEM,0.0,0.076909038,0.0081321585,-0.085041333,-1.3649999999754137e-07,0.96467277,0.96467277,0.0676975590685602,0.061605762946801,1.3645445,1.256253,1.491012,1.3675793,1.3273202,1.3682606,1.3845037,1.256253,1.2740826,1.2655513,-0.01692439999999995,0.016243100000000066,0.009298299999999982
55,8500000.0,3800000.0,3300000.0,280000.0,432000.0,0.01,0.01,0.00184382175,0.00141,3.0,35.0,0.0042,42.0,0.02,0.0068957249999999,0.055696253645625,65.05274999999999,0.041525538770625,0.01,-1.0,0.001,0.01,True,True,False,HEM,0.0,0.077911388,-0.200501,0.12258928,-3.320000000195389e-07,0.99999997,0.99999997,0.1780603209946649,-1.4993688584856817,1.8921822,1.2562531,1.8715119,1.8921886,1.8040224,1.8158937,1.9018787,1.2562531,1.3195525,1.265951,-0.009690099999999813,0.08598499999999998,0.009697900000000148
56,8500000.0,3800000.0,3300000.0,280000.0,432000.0,0.01,0.01,0.00164000625,0.00141,3.0,35.0,0.0042,42.0,0.02,0.002267475,0.006874927513125,16.05725,0.007844953318125,0.01,-1.0,0.001,0.01,True,False,False,HEM,0.0,0.076907777,0.0064786571,-0.088544322,-0.0051578879,0.61978861,0.61978861,0.1173156703840758,0.0490803465813943,1.8724661,1.2562531,1.8787515,1.8724678,1.8662655,1.8670328,1.8898583,1.2562531,1.3272794,1.2660484,-0.017390500000000086,0.022825499999999943,0.009795300000000173
57,8500000.0,3800000.0,3300000.0,280000.0,432000.0,0.01,0.01,0.00162273375,0.00141,3.0,35.0,0.0042,42.0,0.02,0.006222525,0.024461212464375,56.51225,0.018451808945625,0.01,-1.0,0.001,0.01,True,True,False,HEM,0.0,0.077852563,-0.1194108,0.041557431,-8.059999999990297e-07,0.99945273,0.99945273,0.2665295196783832,-0.8936420129057624,1.9622588,1.2562532,1.917037,1.962372,1.9412476,1.942609,1.97872,1.2562532,1.2887981,1.2659702,-0.01634800000000003,0.036111000000000004,0.009716999999999976
58,8500000.0,3800000.0,3300000.0,280000.0,432000.0,0.01,0.01,0.00163655175,0.00141,3.0,35.0,0.0042,42.0,0.02,0.005885925,0.019609989174375,54.26475000000001,0.011103944660625,0.01,-1.0,0.001,0.01,True,True,False,HEM,0.0,0.077799506,-0.083419658,0.0056119064,-8.245599999989403e-06,0.99814359,0.99814359,0.3154835269724939,-0.6247186199967232,1.9797584,1.2562531,1.9032181,1.980974,1.8754672,1.8892053,1.9826774,1.2562531,1.2936749,1.2659293,-0.0017034000000000216,0.09347210000000006,0.009676200000000135
59,8500000.0,3800000.0,3300000.0,280000.0,432000.0,0.01,0.01,0.00178509525,0.00141,3.0,35.0,0.0042,42.0,0.02,0.004455375,0.035540637759375,86.17925,0.025828588565625,0.01,-1.0,0.001,0.01,True,True,False,HEM,0.0,0.077493991,0.021046424,-0.098531486,8.928999999990861e-06,0.99330328,0.99330328,0.0362908100965986,0.1582352262245133,1.3747525,1.256253,1.3833117,1.3704916,1.2991553,1.3251903,1.3401234,1.256253,1.2893449,1.2658055,0.030368200000000067,0.014933099999999921,0.009552499999999853
60,8500000.0,3800000.0,3300000.0,280000.0,432000.0,0.01,0.01,0.00146382675,0.00141,3.0,35.0,0.0042,42.0,0.02,0.003137025,0.017972878906875,53.81525,0.007187159551875,0.01,-1.0,0.001,0.01,True,False,False,HEM,0.0,0.077282281,0.025315761,-0.10268624,-8.819799999999767e-05,0.86758786,0.86758786,0.0424313508601852,0.1908551748487929,1.5164714,1.256253,1.8566681,1.5164604,1.4719427,1.4814079,1.5067901,1.256253,1.302816,1.2657879,0.00967030000000002,0.02538219999999991,0.009534900000000013
61,8500000.0,3800000.0,3300000.0,280000.0,432000.0,0.01,0.01,0.00204763725,0.00141,3.0,35.0,0.0042,42.0,0.02,0.0038382749999999,0.0348358960293749,23.698750000000004,0.0327755100093749,0.01,-1.0,0.001,0.01,True,True,False,HEM,0.0,0.077255415,0.037723461,-0.11495597,2.2905999999989213e-05,0.99934748,0.99934748,0.0343627686543488,0.2844955554337467,1.9070687,1.2562531,1.4887877,1.9070687,1.357749,1.3703776,1.9070857,1.2562531,1.2980314,1.2658356,-1.700000000015578e-05,0.5367081,0.00958250000000005
62,8500000.0,3800000.0,3300000.0,280000.0,432000.0,0.01,0.01,0.00152946225,0.00141,3.0,35.0,0.0042,42.0,0.02,0.004202925,0.0268088824781249,73.59325000000001,0.0175639185018749,0.01,-1.0,0.001,0.01,True,True,False,HEM,0.0,0.077527078,0.022797248,-0.10032375,5.759999999882526e-07,0.96986266,0.96986266,0.0555626014673045,0.1713254546025611,1.5135564,1.2562531,1.8566183,1.4955196,1.3777531,1.4055452,1.4311949,1.2562531,1.2902168,1.2658051,0.06432470000000001,0.025649699999999998,0.009552000000000005
63,8500000.0,3800000.0,3300000.0,280000.0,432000.0,0.01,0.01,0.00155709825,0.00141,3.0,35.0,0.0042,42.0,0.02,0.001678425,0.015484771404375,61.90625000000001,0.011465363135625,0.01,-1.0,0.001,0.01,True,False,False,HEM,0.0,0.07673718,-0.021029328,-0.055575035,0.000132817,0.91565169,0.91565169,0.060769348471496,-0.1596659996299762,1.9055628,1.2562531,1.8620999,1.9056338,1.7714304,1.782709,1.9116467,1.2562531,1.2983061,1.265912,-0.006012899999999988,0.12893769999999982,0.009658900000000026
64,8500000.0,3800000.0,3300000.0,280000.0,432000.0,0.01,0.01,0.00151218975,0.00141,3.0,35.0,0.0042,42.0,0.02,0.006531075,0.0553608205143749,34.93625,0.064576820446875,0.01,-1.0,0.001,0.01,True,True,False,HEM,0.0,0.077918469,-0.1581251,0.080206051,-5.799999999861472e-07,1.0,1.0,0.2156672560441517,-1.1823696881427457,1.9049641,1.2562531,1.8853075,1.9049648,1.8596838,1.8651203,1.9195753,1.2562531,1.2953498,1.2659599,-0.014610500000000082,0.05445499999999992,0.009706800000000015
65,8500000.0,3800000.0,3300000.0,280000.0,432000.0,0.01,0.01,0.00191636625,0.00141,3.0,35.0,0.0042,42.0,0.02,0.0063627749999999,0.0056254884468749,77.18924999999999,0.0549045445443749,0.01,-1.0,0.001,0.01,True,True,False,HEM,0.0,0.077827849,-0.16471809,0.086888529,-1.712000000000935e-06,0.99999998,0.99999998,0.1717061356046368,-1.2331024338858685,1.8729816,1.2562532,1.8762219,1.8729819,1.8550447,1.8585228,1.8885366,1.2562532,1.2819658,1.266119,-0.01555469999999981,0.03001379999999987,0.009865800000000036
66,8500000.0,3800000.0,3300000.0,280000.0,432000.0,0.01,0.01,0.00195436575,0.00141,3.0,35.0,0.0042,42.0,0.02,0.002491875,0.012534068953125,7.96625,0.007277209453125,0.01,-1.0,0.001,0.01,True,False,False,HEM,0.0,0.07688628,0.011466809,-0.08984004,-0.001486951,0.65912414,0.65912414,0.0968898001421405,0.0868933647402092,1.8882416,1.2562531,1.8839837,1.8882418,1.8478714,1.8534461,1.902329,1.2562531,1.3247343,1.2659878,-0.014087199999999855,0.04888289999999995,0.009734700000000096
67,8500000.0,3800000.0,3300000.0,280000.0,432000.0,0.01,0.01,0.00196472925,0.00141,3.0,35.0,0.0042,42.0,0.02,0.002632125,9.2058571875e-05,80.78524999999999,0.021647846259375,0.01,-1.0,0.001,0.01,True,True,False,HEM,0.0,0.076930674,-0.00048839582,-0.07644229,-1.1819999992668253e-08,0.96790373,0.96790373,0.0881485182804878,-0.0036988377877874,1.9030473,1.2562531,1.6778051,1.9030728,1.5048096,1.528291,1.9034115,1.2562531,1.3061402,1.2658497,-0.0003387000000001361,0.37512049999999997,0.009596600000000066
68,8500000.0,3800000.0,3300000.0,280000.0,432000.0,0.01,0.01,0.00206490975,0.00141,3.0,35.0,0.0042,42.0,0.02,0.001454025,0.012179822165625,20.552250000000004,0.009540330583125,0.01,-1.0,0.001,0.01,True,True,False,HEM,0.0,0.076553755,-0.04092626,-0.03558036,4.71350000000037e-05,0.98572329,0.98572329,0.0645404524844964,-0.3114787662852616,1.8832186,1.2562531,1.6863341,1.8832197,1.4793541,1.5221725,1.8837179,1.2562531,1.2753631,1.2658788,-0.0004982000000000042,0.3615454,0.009625700000000181
69,8500000.0,3800000.0,3300000.0,280000.0,432000.0,0.01,0.01,0.00168836925,0.00141,3.0,35.0,0.0042,42.0,0.02,0.001902825,0.011281992136875,56.06275000000001,0.018643356073125,0.01,-1.0,0.001,0.01,True,False,False,HEM,0.0,0.076777156,-0.0053731171,-0.071194803,0.0002092358999999,0.95419672,0.95419672,0.0694763395957101,-0.0407743615520996,1.3726771,1.256253,1.3821253,1.3673378,1.3058411,1.3141758,1.3310079,1.256253,1.2941158,1.2658115,0.03632990000000014,0.016832100000000016,0.009558500000000025
70,8500000.0,3800000.0,3300000.0,280000.0,432000.0,0.01,0.01,0.00180236775,0.00141,3.0,35.0,0.0042,42.0,0.02,0.002099175,0.006259792329375,68.19925,0.0192461285493749,0.01,-1.0,0.001,0.01,True,False,False,HEM,0.0,0.076801751,0.0038471333,-0.080425297,0.0002235872999999,0.96594914,0.96594914,0.0639866375436728,0.0291849529655181,1.8796936,1.2562529,1.791215,1.8796983,1.6144122,1.6555529,1.8821021,1.2562529,1.2749507,1.2660384,-0.002403799999999956,0.2265492,0.009785500000000003
71,8500000.0,3800000.0,3300000.0,280000.0,432000.0,0.01,0.01,0.00187836675,0.00141,3.0,35.0,0.0042,42.0,0.02,0.004343175,0.033343966006875,36.73425,0.014635956853125,0.01,-1.0,0.001,0.01,True,True,False,HEM,0.0,0.077421619,0.039167241,-0.1165708,1.805999999998642e-05,0.98812396,0.98812396,0.0265922427096951,0.2947498659665228,1.470846,1.256253,1.8566493,1.4693563,1.3990545,1.4451318,1.4614962,1.256253,1.274393,1.2657875,0.007860100000000037,0.016364400000000057,0.009534500000000001
72,8500000.0,3800000.0,3300000.0,280000.0,432000.0,0.01,0.01,0.00155018925,0.00141,3.0,35.0,0.0042,42.0,0.02,0.003557775,0.001190698348125,43.02725000000001,0.009430505248125,0.01,-1.0,0.001,0.01,True,True,False,HEM,0.0,0.077332238,-0.0079723468,-0.069359877,1.4199999995301305e-08,0.86398314,0.86398314,0.0726874350063989,-0.060064586049478,1.4721237,1.256253,1.8566357,1.4698373,1.3776999,1.4197301,1.459668,1.256253,1.2798689,1.2657825,0.010169300000000048,0.03993789999999997,0.009529499999999969
73,8500000.0,3800000.0,3300000.0,280000.0,432000.0,0.01,0.01,0.00175745925,0.00141,3.0,35.0,0.0042,42.0,0.02,0.002547975,0.011925351091875,45.72425000000001,0.021070288164375,0.01,-1.0,0.001,0.01,True,True,False,HEM,0.0,0.076961812,0.015854832,-0.092834131,-1.748699999999659e-05,0.98997327,0.98997327,0.034486472111657,0.1200270812028892,1.8771291,1.2562531,1.8793339,1.8772581,1.8668794,1.8686459,1.8925403,1.2562531,1.3269174,1.2660421,-0.015282200000000135,0.023894400000000093,0.009789000000000048
74,8500000.0,3800000.0,3300000.0,280000.0,432000.0,0.01,0.01,0.00174018675,0.00141,3.0,35.0,0.0042,42.0,0.02,0.003080925,0.015189191319375,28.19375,0.022569239064375,0.01,-1.0,0.001,0.01,True,False,False,HEM,0.0,0.07712177,0.031983314,-0.10923342,-0.0001283359999999,0.99681705,0.99681705,0.0313207902166255,0.2416236042268878,1.9192875,1.2562531,1.8146793,1.9192877,1.6730557,1.7020198,1.9234136,1.2562531,1.317333,1.2658844,-0.004125900000000016,0.22139379999999997,0.00963130000000012
75,8500000.0,3800000.0,3300000.0,280000.0,432000.0,0.01,0.01,0.00152600775,0.00141,3.0,35.0,0.0042,42.0,0.02,0.005549325,0.005183485749375,70.89625000000001,0.020696068854375,0.01,-1.0,0.001,0.01,True,True,False,HEM,0.0,0.077792473,-0.1017131,0.023920992,3.649999999986997e-07,0.9936993,0.9936993,0.042276067168256,-0.7617846159026965,1.8706179,1.2562531,1.8700544,1.8706419,1.8157901,1.8217106,1.8818875,1.2562531,1.3134231,1.2659693,-0.011245599999999856,0.06017689999999987,0.009716200000000175
76,8500000.0,3800000.0,3300000.0,280000.0,432000.0,0.01,0.01,0.00198891075,0.00141,3.0,35.0,0.0042,42.0,0.02,0.003754125,0.035197268203125,13.36025,0.032900682234375,0.01,-1.0,0.001,0.01,True,False,False,HEM,0.0,0.077245555,0.047158239,-0.12455054,-0.000146746,0.99980915,0.99980915,0.0363609726723955,0.3556943494886433,1.908277,1.2562531,1.7947264,1.9082794,1.6444127,1.6676851,1.9111138,1.2562531,1.3059604,1.2658779,-0.0028344000000000147,0.24342870000000016,0.0096248000000001
77,8500000.0,3800000.0,3300000.0,280000.0,432000.0,0.01,0.01,0.00193363875,0.00141,3.0,35.0,0.0042,42.0,0.02,0.0027723749999999,0.023361625865625,53.365750000000006,0.021679764571875,0.01,-1.0,0.001,0.01,True,True,False,HEM,0.0,0.076990577,0.014568066,-0.091530211,2.8432000000008784e-05,0.98736488,0.98736488,0.0517491790067541,0.1102445707298778,1.8918619,1.2562531,1.8778275,1.8918638,1.8257895,1.8351721,1.9029343,1.2562531,1.3227777,1.2659697,-0.011070499999999983,0.0677622,0.009716600000000186
78,8500000.0,3800000.0,3300000.0,280000.0,432000.0,0.01,0.01,0.00179891325,0.00141,3.0,35.0,0.0042,42.0,0.02,0.002576025,0.0156594627731249,26.395750000000003,0.012502028930625,0.01,-1.0,0.001,0.01,True,True,False,HEM,0.0,0.076967676,0.017632735,-0.094632215,-3.180400000001027e-05,0.9688851,0.9688851,0.0390158938750865,0.1334763100183623,1.3999901,1.2562531,1.4508616,1.3999603,1.3311984,1.3676717,1.3999041,1.2562531,1.315963,1.2658268,5.6199999999950734e-05,0.03223240000000005,0.009573700000000018
79,8500000.0,3800000.0,3300000.0,280000.0,432000.0,0.01,0.01,0.00161927925,0.00141,3.0,35.0,0.0042,42.0,0.02,0.002828475,0.011684076665625,31.789750000000005,0.005590268701875,0.01,-1.0,0.001,0.01,True,False,False,HEM,0.0,0.077089417,0.023181892,-0.10037154,-0.000100231,0.56544165,0.56544165,0.0667289580595091,0.1752052040771935,1.364283,1.256253,1.8566154,1.3598266,1.3138169,1.322627,1.3431175,1.256253,1.3006548,1.2657943,0.016709100000000143,0.020490499999999967,0.009541299999999975
80,8500000.0,3800000.0,3300000.0,280000.0,432000.0,0.01,0.01,0.00201654675,0.00141,3.0,35.0,0.0042,42.0,0.02,0.004651725,0.0010921087368749,63.70425000000001,0.024666818450625,0.01,-1.0,0.001,0.01,True,True,False,HEM,0.0,0.07745578,-0.10796654,0.030511587,8.27000000001854e-07,0.98844085,0.98844085,0.0224626570069143,-0.8121350177194138,1.8680177,1.2562531,1.8345438,1.8680193,1.7134078,1.7366537,1.8734772,1.2562531,1.2857406,1.2658804,-0.0054578999999999045,0.1368235,0.009627300000000005
81,8500000.0,3800000.0,3300000.0,280000.0,432000.0,0.01,0.01,0.00209600025,0.00141,3.0,35.0,0.0042,42.0,0.02,0.0043151249999999,0.011574567665625,72.69425000000001,0.0083345560593749,0.01,-1.0,0.001,0.01,True,True,False,HEM,0.0,0.077356632,0.015728655,-0.093086608,-1.321000000012451e-06,0.89110629,0.89110629,0.0403567396024224,0.118464143395622,1.3892563,1.256253,1.8566186,1.3863474,1.3409328,1.3521257,1.3676465,1.256253,1.3019231,1.2657895,0.01870090000000002,0.015520800000000001,0.009536499999999837
82,8500000.0,3800000.0,3300000.0,280000.0,432000.0,0.01,0.01,0.00211327275,0.00141,3.0,35.0,0.0042,42.0,0.02,0.003978525,0.029352065503125,78.08824999999999,0.027713907834375,0.01,-1.0,0.001,0.01,True,True,False,HEM,0.0,0.077280734,0.015281036,-0.092560943,8.269999999949151e-07,0.99286084,0.99286084,0.0482359085490651,0.1152058268849455,1.479579,1.256253,1.8566312,1.4769388,1.4199827,1.4500064,1.4677819,1.256253,1.3164745,1.2657884,0.009156900000000023,0.017775500000000166,0.00953539999999986
83,8500000.0,3800000.0,3300000.0,280000.0,432000.0,0.01,0.01,0.00189218475,0.00141,3.0,35.0,0.0042,42.0,0.02,0.005324925,0.032103839701875,21.001750000000005,0.029912100571875,0.01,-1.0,0.001,0.01,True,True,False,HEM,0.0,0.077655414,-0.018871952,-0.05878437,-9.079999999939136e-07,0.99979437,0.99979437,0.049946178295279,-0.1415917562871246,1.9126117,1.2562531,1.8626063,1.9126117,1.7649908,1.7897717,1.7908357,1.2562531,1.3252895,1.2659119,0.1217760000000001,0.0010639999999999539,0.00965880000000019
84,8500000.0,3800000.0,3300000.0,280000.0,432000.0,0.01,0.01,0.00197163825,0.00141,3.0,35.0,0.0042,42.0,0.02,0.006979875,0.031970793946875,74.49225000000001,0.031678686178125,0.01,-1.0,0.001,0.01,True,True,False,HEM,0.0,0.077905208,-0.21622463,0.13832156,2.13800000001263e-06,0.99999426,0.99999426,0.1592088666172483,-1.617080186967901,1.4623718,1.256253,1.8566334,1.4621712,1.3890475,1.3923947,1.4162069,1.256253,1.2947976,1.2657777,0.04596430000000007,0.02381219999999984,0.00952469999999983
85,8500000.0,3800000.0,3300000.0,280000.0,432000.0,0.01,0.01,0.00205454625,0.00141,3.0,35.0,0.0042,42.0,0.02,0.004595625,0.0421686507656249,59.65875000000001,0.012801228328125,0.01,-1.0,0.001,0.01,True,True,False,HEM,0.0,0.077438719,0.0068484305,-0.084286275,8.745000000115466e-07,0.98310972,0.98310972,0.0542348429875747,0.0515259226688682,1.8724801,1.2562532,1.8806071,1.8725052,1.8633903,1.8655897,1.8709431,1.2562532,1.2921879,1.2659831,0.0015620999999998997,0.005353400000000175,0.009729899999999958
86,8500000.0,3800000.0,3300000.0,280000.0,432000.0,0.01,0.01,0.00203381925,0.00141,3.0,35.0,0.0042,42.0,0.02,0.005156625,0.012286303640625,17.85525,0.007641989334375,0.01,-1.0,0.001,0.01,True,False,False,HEM,0.0,0.077565543,-0.017242468,-0.062447113,-0.0021240379999999,0.95032282,0.95032282,0.0539791846784438,-0.1295160158814909,1.8990698,1.256253,1.868197,1.8990711,1.7983388,1.8173897,1.9090424,1.256253,1.2775611,1.2653793,-0.009971299999999905,0.09165269999999981,0.00912629999999992
87,8500000.0,3800000.0,3300000.0,280000.0,432000.0,0.01,0.01,0.00173673225,0.00141,3.0,35.0,0.0042,42.0,0.02,0.005352975,0.0285296170331249,56.96175000000001,0.013226532103125,0.01,-1.0,0.001,0.01,True,True,False,HEM,0.0,0.077702907,-0.017285243,-0.060420621,-2.956999999997878e-06,0.99059045,0.99059045,0.0383444021447935,-0.1296077906029485,1.462902,1.2562531,1.8566242,1.4628329,1.3915989,1.4371978,1.4623715,1.2562531,1.274941,1.2657722,0.0004614000000000562,0.025173699999999855,0.009519100000000114
88,8500000.0,3800000.0,3300000.0,280000.0,432000.0,0.01,0.01,0.00176091375,0.00141,3.0,35.0,0.0042,42.0,0.02,0.001846725,0.006060443600625,75.39124999999999,0.0148563024393749,0.01,-1.0,0.001,0.01,True,False,False,HEM,0.0,0.076731561,-0.0057454318,-0.070904579,8.155020000000235e-05,0.94199437,0.94199437,0.0635556853687312,-0.0436256112690485,1.8877265,1.2562531,1.8826834,1.8877345,1.8753613,1.8749577,1.9040446,1.2562531,1.3106157,1.2660234,-0.016310099999999883,0.029086900000000027,0.00977030000000001
89,8500000.0,3800000.0,3300000.0,280000.0,432000.0,0.01,0.01,0.00154328025,0.00141,3.0,35.0,0.0042,42.0,0.02,0.004820025,0.021355482264375,54.71425,0.040075495359375,0.01,-1.0,0.001,0.01,True,True,False,HEM,0.0,0.077643193,0.017419672,-0.095064872,-2.006999999998316e-06,0.99878703,0.99878703,0.0599575720325726,0.1307162171385054,1.5635638,1.2562531,1.4774881,1.5635638,1.3589356,1.3771122,1.4195835,1.2562531,1.3085746,1.2658422,0.14398029999999995,0.0424713000000001,0.009589100000000128
90,8500000.0,3800000.0,3300000.0,280000.0,432000.0,0.01,0.01,0.00172636875,0.00141,3.0,35.0,0.0042,42.0,0.02,0.002379675,0.0100678694981249,62.80525000000001,0.007698308116875,0.01,-1.0,0.001,0.01,True,True,False,HEM,0.0,0.076919647,0.010572391,-0.087494649,-2.610999999999586e-06,0.8943013,0.8943013,0.0423912022219236,0.0800808766321329,1.8743116,1.2562531,1.8747428,1.8743544,1.8565445,1.8598787,1.8895947,1.2562531,1.2879882,1.2659501,-0.015240299999999873,0.029715999999999854,0.009697000000000067
91,8500000.0,3800000.0,3300000.0,280000.0,432000.0,0.01,0.01,0.00164691525,0.00141,3.0,35.0,0.0042,42.0,0.02,0.005801775,0.038166541704375,29.991750000000003,0.017464938238125,0.01,-1.0,0.001,0.01,True,True,False,HEM,0.0,0.077783438,-0.073825003,-0.0039619338,-3.4988000000039585e-06,0.99967304,0.99967304,0.0588752974950796,-0.5529797441369809,1.474753,1.256253,1.8566429,1.4721317,1.4177054,1.4292199,1.460214,1.256253,1.2910153,1.2657888,0.011917700000000142,0.030994099999999802,0.009535799999999872
92,8500000.0,3800000.0,3300000.0,280000.0,432000.0,0.01,0.01,0.00185418525,0.00141,3.0,35.0,0.0042,42.0,0.02,0.004118775,0.0396447539156249,67.30025,0.0253583709506249,0.01,-1.0,0.001,0.01,True,True,False,HEM,0.0,0.07736218,0.023885058,-0.10122377,2.3467999999998712e-05,0.98930241,0.98930241,0.025121057040002,0.1798831507041459,1.866084,1.256253,1.8644707,1.8660879,1.8087414,1.8205285,1.8772746,1.256253,1.2790799,1.2653669,-0.011186700000000105,0.05674610000000002,0.009113900000000008
93,8500000.0,3800000.0,3300000.0,280000.0,432000.0,0.01,0.01,0.00193709325,0.00141,3.0,35.0,0.0042,42.0,0.02,0.007007925,0.013896890473125,11.11275,0.068346715741875,0.01,-1.0,0.001,0.01,True,True,False,HEM,0.0,0.077912679,-0.22177446,0.14386191,1.2899999998761125e-07,0.99999998,0.99999998,0.1540907641627512,-1.6584266866622444,1.8913935,1.2562531,1.8298877,1.8914193,1.7072404,1.734602,1.8959078,1.2562531,1.3251294,1.2658974,-0.004488500000000117,0.16130580000000005,0.009644300000000161
94,8500000.0,3800000.0,3300000.0,280000.0,432000.0,0.01,0.01,0.00209254575,0.00141,3.0,35.0,0.0042,42.0,0.02,0.005240775,0.016413452203125,47.07275,0.0226077862143749,0.01,-1.0,0.001,0.01,True,True,False,HEM,0.0,0.077563313,-0.031141465,-0.046422487,-6.390000000036644e-07,0.99931711,0.99931711,0.0495015492728803,-0.2339244263794573,1.8631567,1.2562531,1.8734361,1.8631604,1.8535327,1.8550985,1.8789924,1.2562531,1.2890193,1.2659613,-0.015832000000000068,0.023893900000000023,0.009708200000000167
95,8500000.0,3800000.0,3300000.0,280000.0,432000.0,0.01,0.01,0.00169873275,0.00141,3.0,35.0,0.0042,42.0,0.02,0.005689575,0.039133608046875,33.58775000000001,0.007153075929375,0.01,-1.0,0.001,0.01,True,True,False,HEM,0.0,0.077752555,-0.059239998,-0.018513379,-8.220000000010164e-07,0.99440258,0.99440258,0.039382703858733,-0.4439082852158741,1.5373557,1.256253,1.8566807,1.5347719,1.4922793,1.5041847,1.5297654,1.256253,1.3039923,1.2657907,0.005006499999999914,0.025580700000000123,0.009537699999999871
96,8500000.0,3800000.0,3300000.0,280000.0,432000.0,0.01,0.01,0.00161582475,0.00141,3.0,35.0,0.0042,42.0,0.02,0.005212725,0.037155652209375,64.60325,0.006084944210625,0.01,-1.0,0.001,0.01,True,True,False,HEM,0.0,0.07768684,-0.010137081,-0.067550258,-4.990000000149042e-07,0.64172043,0.64172043,0.0771198769575979,-0.0760253354654475,1.8616451,1.2562531,1.871937,1.8616453,1.8522234,1.8520299,1.8768766,1.2562531,1.2970239,1.2660003,-0.015231299999999948,0.02484669999999989,0.009747200000000067
97,8500000.0,3800000.0,3300000.0,280000.0,432000.0,0.01,0.01,0.00200618325,0.00141,3.0,35.0,0.0042,42.0,0.02,0.003389475,0.027884448193125,12.01175,0.011879177769375,0.01,-1.0,0.001,0.01,True,False,False,HEM,0.0,0.077145563,0.043444593,-0.12075192,-0.0001617639999999,0.98127244,0.98127244,0.0358008933594879,0.3281086387185276,1.9220469,1.2562531,1.8927126,1.922047,1.8627301,1.870632,1.9382564,1.2562531,1.3222052,1.2659907,-0.01620939999999993,0.06762439999999992,0.009737600000000013
98,8500000.0,3800000.0,3300000.0,280000.0,432000.0,0.01,0.01,0.00192672975,0.00141,3.0,35.0,0.0042,42.0,0.02,0.005942025,0.007034317745625,21.45125,0.008271744451875,0.01,-1.0,0.001,0.01,True,True,False,HEM,0.0,0.077767107,-0.10462471,0.026856729,-8.739999999944625e-07,0.82363915,0.82363915,0.3082840295750457,-0.7838468346549078,1.8715371,1.2562531,1.6214891,1.8715387,1.4392313,1.4668488,1.8717516,1.2562531,1.2882791,1.2658305,-0.00021289999999996034,0.4049028000000001,0.00957740000000018
99,8500000.0,3800000.0,3300000.0,280000.0,432000.0,0.01,0.01,0.00209945475,0.00141,3.0,35.0,0.0042,42.0,0.02,0.0032492249999999,0.029327423619375,62.355750000000015,0.021173168559375,0.01,-1.0,0.001,0.01,True,False,False,HEM,0.0,0.077095325,0.016715478,-0.093248209,0.0005625939999999,0.98444874,0.98444874,0.0317791642330811,0.1263233521066648,1.9301372,1.2562531,1.7008683,1.9301389,1.5132889,1.5385311,1.9308997,1.2562531,1.2912599,1.2658401,-0.0007608000000001169,0.3923686000000002,0.009587000000000012
100,8500000.0,3800000.0,3300000.0,280000.0,432000.0,0.01,0.01,0.00178164075,0.00141,3.0,35.0,0.0042,42.0,0.02,0.004259025,0.0407819744606249,38.981750000000005,0.035985460505625,0.01,-1.0,0.001,0.01,True,True,False,HEM,0.0,0.077431791,0.033844206,-0.11127999,-3.992999999993807e-06,0.99832887,0.99832887,0.0141064762973476,0.254658343653842,1.5621525,1.256253,1.8566812,1.5621537,1.5004911,1.5251126,1.5504061,1.256253,1.3109427,1.2657927,0.01174760000000008,0.02529350000000008,0.009539699999999929
101,8500000.0,3800000.0,3300000.0,280000.0,432000.0,0.01,0.01,0.00143619075,0.00141,3.0,35.0,0.0042,42.0,0.02,0.006587175,0.038068766439375,15.15825,0.0112424962518749,0.01,-1.0,0.001,0.01,True,True,False,HEM,0.0,0.077157501,-0.17337618,0.096218258,-4.20999999986571e-07,0.98247248,0.98247248,0.206868699313858,-1.3091944681940078,1.9029722,1.2562531,1.8841973,1.9031661,1.8815835,1.884441,1.9169934,1.2562531,1.2915508,1.2659673,-0.013827299999999987,0.032552399999999926,0.009714200000000117
102,8500000.0,3800000.0,3300000.0,280000.0,432000.0,0.01,0.01,0.00148455375,0.00141,3.0,35.0,0.0042,42.0,0.02,0.006446925,0.032749895480625,32.239250000000006,0.048965523586875,0.01,-1.0,0.001,0.01,True,True,False,HEM,0.0,0.077918929,-0.15215927,0.074239699,-6.420000000090242e-07,0.99999996,0.99999996,0.2335451039101053,-1.1377538829389588,1.8754909,1.2562532,1.8809313,1.8755656,1.863653,1.8650067,1.8908483,1.2562532,1.2834551,1.2662755,-0.015282699999999982,0.02584160000000013,0.01002230000000015
103,8500000.0,3800000.0,3300000.0,280000.0,432000.0,0.01,0.01,0.00189563925,0.00141,3.0,35.0,0.0042,42.0,0.02,0.002211375,0.003832921003125,60.55775000000001,0.009042478228125,0.01,-1.0,0.001,0.01,True,True,False,HEM,0.0,0.076819809,0.0045879328,-0.081405444,2.2978000000090093e-06,0.66914763,0.66914763,0.0462032753028405,0.0347965919166375,1.9016128,1.2562531,1.8175146,1.9016129,1.6778377,1.6971115,1.9055475,1.2562531,1.2970477,1.2658819,-0.00393460000000001,0.20843599999999984,0.009628799999999993
104,8500000.0,3800000.0,3300000.0,280000.0,432000.0,0.01,0.01,0.00145346325,0.00141,3.0,35.0,0.0042,42.0,0.02,0.002239425,0.005783147105625,82.58324999999999,0.002312150326875,0.01,-1.0,0.001,0.01,True,True,False,HEM,0.0,0.077050727,0.0029856503,-0.080034452,1.92529999999691e-06,0.0,0.0,0.0510976472328559,0.0225764203618762,1.8666227,1.2562531,1.8736228,1.8666234,1.8322617,1.8334952,1.8803016,1.2562531,1.3030759,1.265974,-0.013678199999999974,0.046806399999999915,0.009720900000000032
105,8500000.0,3800000.0,3300000.0,280000.0,432000.0,0.01,0.01,0.00186800325,0.00141,3.0,35.0,0.0042,42.0,0.02,0.006110325,0.002350183753125,3.471250000000001,0.055747397379375,0.01,-1.0,0.001,0.01,True,True,False,HEM,0.0,0.077801358,-0.12532884,0.047527251,-2.30999999996373e-07,0.99999999,0.99999999,0.2833289727359866,-0.9385485159102792,1.6724923,1.2562531,1.7539149,1.6724956,1.6201803,1.6259923,1.6392822,1.2562531,1.2954717,1.2659026,0.03321339999999995,0.013289899999999966,0.009649500000000089
106,8500000.0,3800000.0,3300000.0,280000.0,432000.0,0.01,0.01,0.00195782025,0.00141,3.0,35.0,0.0042,42.0,0.02,0.003613875,0.0089715350343749,2.5722500000000004,0.020787822121875,0.01,-1.0,0.001,0.01,True,True,False,HEM,0.0,0.077213527,0.05019791,-0.12740169,9.747000000004393e-06,0.99926325,0.99926325,0.0394301220368694,0.3787783340350296,1.8701087,1.2562531,1.8735712,1.8701208,1.855428,1.8586971,1.8850898,1.2562531,1.2835688,1.265915,-0.01496900000000001,0.026392699999999936,0.009661900000000001
107,8500000.0,3800000.0,3300000.0,280000.0,432000.0,0.01,0.01,0.00144655425,0.00141,3.0,35.0,0.0042,42.0,0.02,0.004399275,0.018832086474375,61.456750000000014,0.035588485021875,0.01,-1.0,0.001,0.01,True,True,False,HEM,0.0,0.077682983,0.022050076,-0.099724175,8.884000000000669e-06,0.99842618,0.99842618,0.053429108944758,0.1653777509810968,1.8724369,1.2562531,1.8773626,1.8724451,1.8582809,1.8606728,1.8875663,1.2562531,1.2811219,1.2656409,-0.015121200000000057,0.026893500000000126,0.009387800000000057
108,8500000.0,3800000.0,3300000.0,280000.0,432000.0,0.01,0.01,0.00182654925,0.00141,3.0,35.0,0.0042,42.0,0.02,0.001790625,0.010169541328125,25.946250000000003,0.015370859296875,0.01,-1.0,0.001,0.01,True,False,False,HEM,0.0,0.076681835,-0.010791025,-0.064426883,0.001463927,0.98906961,0.98906961,0.0828084888984504,-0.0819904153531409,1.8892432,1.2562529,1.8847735,1.8892461,1.8725026,1.8757461,1.9043554,1.2562529,1.280606,1.2661044,-0.015109299999999992,0.02860930000000006,0.009851499999999902
109,8500000.0,3800000.0,3300000.0,280000.0,432000.0,0.01,0.01,0.00155364375,0.00141,3.0,35.0,0.0042,42.0,0.02,0.001706475,0.014891170130625,23.249250000000004,0.003756250108125,0.01,-1.0,0.001,0.01,True,False,False,HEM,0.0,0.076737212,-0.019435134,-0.062423215,-0.0051211369999999,0.0051392312,0.0051392312,0.0848846637460265,-0.1475619574730932,1.5115995,1.256253,1.8566466,1.5103549,1.4445232,1.4669442,1.5061728,1.256253,1.2860353,1.2657975,0.004182099999999966,0.03922860000000017,0.009544499999999845
110,8500000.0,3800000.0,3300000.0,280000.0,432000.0,0.01,0.01,0.00181618575,0.00141,3.0,35.0,0.0042,42.0,0.02,0.004174875,0.036639642346875,49.320250000000016,0.033397851909375,0.01,-1.0,0.001,0.01,True,True,False,HEM,0.0,0.077394267,0.03005249,-0.10743867,8.087000000003841e-06,0.99866894,0.99866894,0.0195915776586515,0.2262374800476738,1.4044119,1.256253,1.3930837,1.3929029,1.3204926,1.3542044,1.3794412,1.256253,1.3115585,1.265804,0.01346169999999991,0.02523680000000006,0.009550999999999865
111,8500000.0,3800000.0,3300000.0,280000.0,432000.0,0.01,0.01,0.00147764475,0.00141,3.0,35.0,0.0042,42.0,0.02,0.004707825,0.012392760834375,72.24475,0.0236946009206249,0.01,-1.0,0.001,0.01,True,True,False,HEM,0.0,0.077665946,0.015481333,-0.093148637,-1.3580000000068535e-06,0.99440732,0.99440732,0.0551558869649071,0.1161369992854096,1.412529,1.2562531,1.4723559,1.4127147,1.3613214,1.3877723,1.4136799,1.2562531,1.3235787,1.2658329,-0.0009651999999999994,0.02590760000000003,0.009579800000000027
112,8500000.0,3800000.0,3300000.0,280000.0,432000.0,0.01,0.01,0.00174709575,0.00141,3.0,35.0,0.0042,42.0,0.02,0.003641925,0.0077677707843749,61.007250000000006,0.034536647919375,0.01,-1.0,0.001,0.01,True,True,False,HEM,0.0,0.077271423,0.013888458,-0.091159616,2.649999999992936e-07,0.9965461,0.9965461,0.0211485150000934,0.1047196072008282,1.8677386,1.2562531,1.8763443,1.8677545,1.8570298,1.8588872,1.8838043,1.2562531,1.3273931,1.266032,-0.016049800000000003,0.024917099999999914,0.009778900000000146
113,8500000.0,3800000.0,3300000.0,280000.0,432000.0,0.01,0.01,0.00196818375,0.00141,3.0,35.0,0.0042,42.0,0.02,0.004034625,0.017674179140625,7.0672500000000005,0.0186741609468749,0.01,-1.0,0.001,0.01,True,False,False,HEM,0.0,0.077310068,0.051753182,-0.12915312,-8.987000000001966e-05,0.99769236,0.99769236,0.0333101401458564,0.3900262943077596,1.5063755,1.2562531,1.8566342,1.5063608,1.4367659,1.472833,1.5017753,1.2562531,1.2815417,1.2657805,0.004585499999999909,0.028942299999999976,0.009527400000000075
114,8500000.0,3800000.0,3300000.0,280000.0,432000.0,0.01,0.01,0.00189909375,0.00141,3.0,35.0,0.0042,42.0,0.02,0.0054932249999999,0.0084237232068749,19.653250000000003,0.036289754986875,0.01,-1.0,0.001,0.01,True,True,False,HEM,0.0,0.077684653,-0.052608077,-0.025076374,2.0200000000469842e-07,0.99998361,0.99998361,0.0418224356246169,-0.3945572989374779,1.869367,1.2562531,1.8761397,1.8693682,1.845224,1.8453707,1.8843555,1.2562531,1.3067967,1.2659935,-0.014987300000000037,0.03898480000000015,0.009740400000000093
115,8500000.0,3800000.0,3300000.0,280000.0,432000.0,0.01,0.01,0.00144309975,0.00141,3.0,35.0,0.0042,42.0,0.02,0.005184675,0.014424932401875,40.77975000000001,0.039844616225625,0.01,-1.0,0.001,0.01,True,True,False,HEM,0.0,0.077794672,-0.012620564,-0.065172864,1.2439999999974694e-06,0.99989104,0.99989104,0.0683891692960734,-0.0945195824206813,1.5407837,1.2562531,1.856688,1.5402264,1.4875947,1.5243183,1.5398211,1.2562531,1.2764983,1.2657684,0.00040530000000016386,0.015502799999999928,0.009515300000000115
116,8500000.0,3800000.0,3300000.0,280000.0,432000.0,0.01,0.01,0.00187491225,0.00141,3.0,35.0,0.0042,42.0,0.02,0.003950475,0.0285531444431249,6.1682500000000005,0.004789062080625,0.01,-1.0,0.001,0.01,True,True,False,HEM,0.0,0.077312993,0.03477435,-0.11211493,-2.7586999999995587e-05,0.15809075,0.15809075,0.0284612789640903,0.2620592051475773,1.9126963,1.2562531,1.8606189,1.9126964,1.7627197,1.776993,1.9206291,1.2562531,1.3047882,1.2659128,-0.007932700000000015,0.14363609999999993,0.009659700000000049
117,8500000.0,3800000.0,3300000.0,280000.0,432000.0,0.01,0.01,0.00156400725,0.00141,3.0,35.0,0.0042,42.0,0.02,0.002463825,0.001562988984375,66.40125,0.015058467230625,0.01,-1.0,0.001,0.01,True,True,False,HEM,0.0,0.076991777,0.0077312562,-0.08472306,-2.680000001087368e-08,0.92079043,0.92079043,0.0619687383818738,0.0585057574906203,1.4078694,1.2562531,1.4586094,1.4077986,1.3421419,1.3755541,1.4077234,1.2562531,1.3185811,1.2658308,7.519999999994198e-05,0.03216930000000007,0.009577700000000133
118,8500000.0,3800000.0,3300000.0,280000.0,432000.0,0.01,0.01,0.00190600275,0.00141,3.0,35.0,0.0042,42.0,0.02,0.003361425,0.004315145308125,76.73975,0.005434835975625,0.01,-1.0,0.001,0.01,True,True,False,HEM,0.0,0.077160261,0.017619682,-0.094777206,2.736999999988776e-06,0.41150695,0.41150695,0.0394621243515508,0.1330446032711827,1.8752924,1.2562531,1.8051818,1.8753754,1.6582939,1.681464,1.8786935,1.2562531,1.2914235,1.2658715,-0.0033180999999999905,0.19722949999999995,0.009618400000000138
119,8500000.0,3800000.0,3300000.0,280000.0,432000.0,0.01,0.01,0.00196127475,0.00141,3.0,35.0,0.0042,42.0,0.02,0.005409075,0.000999732286875,22.799750000000003,0.007772976001875,0.01,-1.0,0.001,0.01,True,True,False,HEM,0.0,0.077641012,-0.13067886,0.053036701,-1.1470000000138314e-06,0.51323307,0.51323307,0.0534446393734669,-0.9806341980668714,1.3983973,1.256253,1.8566174,1.3980769,1.3544054,1.3805157,1.381607,1.256253,1.2929481,1.2658017,0.016469899999999926,0.0010913000000001283,0.009548699999999855
120,8500000.0,3800000.0,3300000.0,280000.0,432000.0,0.01,0.01,0.00165382425,0.00141,3.0,35.0,0.0042,42.0,0.02,0.004679775,0.018864056030625,41.67875000000001,0.013245986143125,0.01,-1.0,0.001,0.01,True,True,False,HEM,0.0,0.077607943,0.030983428,-0.10859209,-7.190000000101282e-07,0.98358534,0.98358534,0.0442702829268132,0.232603464254054,1.8885467,1.2562529,1.8685484,1.8889342,1.8106707,1.8223951,1.8979807,1.2562529,1.2773805,1.2684332,-0.009046499999999957,0.07558559999999992,0.012180300000000033
121,8500000.0,3800000.0,3300000.0,280000.0,432000.0,0.01,0.01,0.00187145775,0.00141,3.0,35.0,0.0042,42.0,0.02,0.003585825,0.004782325156875,44.82525,0.004830554503125,0.01,-1.0,0.001,0.01,True,True,False,HEM,0.0,0.077228537,0.021843617,-0.099070655,1.4990000000020265e-06,0.27511286,0.27511286,0.0294317739035338,0.1647933302074546,1.8688352,1.2562531,1.8339309,1.8688421,1.7023802,1.7336738,1.874113,1.2562531,1.2764008,1.2658033,-0.005270899999999967,0.14043919999999988,0.009550200000000064
122,8500000.0,3800000.0,3300000.0,280000.0,432000.0,0.01,0.01,0.00204418275,0.00141,3.0,35.0,0.0042,42.0,0.02,0.0069518249999999,0.0689973845118749,5.26925,0.0334262863518749,0.01,-1.0,0.001,0.01,True,True,False,HEM,0.0,0.077894772,-0.21558919,0.13769449,7.199999998985795e-08,0.99999995,0.99999995,0.1533162825871036,-1.6125439313890255,1.4078517,1.256253,1.4081241,1.3807065,1.3069422,1.3343227,1.362867,1.256253,1.2769921,1.2658133,0.017839500000000008,0.028544300000000078,0.009560299999999966
123,8500000.0,3800000.0,3300000.0,280000.0,432000.0,0.01,0.01,0.00206145525,0.00141,3.0,35.0,0.0042,42.0,0.02,0.002183325,0.021778721458125,6.617750000000001,0.012362695730625,0.01,-1.0,0.001,0.01,True,False,False,HEM,0.0,0.076782962,-0.0026351737,-0.075023667,-0.0008758787,0.99773806,0.99773806,0.0884381741946368,-0.0199957303132184,1.8631434,1.2562531,1.8714129,1.8631443,1.8386392,1.8428888,1.8772398,1.2562531,1.2847925,1.2659377,-0.014095499999999817,0.0343509999999998,0.009684600000000154
124,8500000.0,3800000.0,3300000.0,280000.0,432000.0,0.01,0.01,0.00151909875,0.00141,3.0,35.0,0.0042,42.0,0.02,0.005913975,0.041563268450625,60.108250000000005,0.030031017200625,0.01,-1.0,0.001,0.01,True,True,False,HEM,0.0,0.077844315,-0.088146402,0.010294462,-7.625000000000687e-06,0.99999998,0.99999998,0.3774114766172217,-0.6597365927991583,1.522866,1.256253,1.8566769,1.5228746,1.4701926,1.4747569,1.5089724,1.256253,1.2961904,1.2657882,0.013902199999999976,0.034215499999999954,0.009535199999999966
125,8500000.0,3800000.0,3300000.0,280000.0,432000.0,0.01,0.01,0.00207872775,0.00141,3.0,35.0,0.0042,42.0,0.02,0.007035975,0.033633543594375,16.506750000000004,0.041737579599375,0.01,-1.0,0.001,0.01,True,True,False,HEM,0.0,0.077899751,-0.23187612,0.1539765,1.3099999998655856e-07,1.0,1.0,0.1406396480886488,-1.7342545397350575,1.8871862,1.2562531,1.8452402,1.8872182,1.7375166,1.7516227,1.8930601,1.2562531,1.296548,1.2658984,-0.0058419000000000665,0.14143740000000005,0.009645300000000079
126,8500000.0,3800000.0,3300000.0,280000.0,432000.0,0.01,0.01,0.00156746175,0.00141,3.0,35.0,0.0042,42.0,0.02,0.003333375,0.020762842865625,58.75975000000001,0.029512952240625,0.01,-1.0,0.001,0.01,True,True,False,HEM,0.0,0.077256485,0.027188136,-0.10444418,4.4100000000379946e-07,0.99832194,0.99832194,0.0542920479908618,0.2050394242548924,1.8845115,1.2562531,1.7862456,1.8845141,1.6326787,1.6512059,1.8873715,1.2562531,1.2994556,1.2658784,-0.002857399999999899,0.2361656000000001,0.00962530000000017
127,8500000.0,3800000.0,3300000.0,280000.0,432000.0,0.01,0.01,0.00191982075,0.00141,3.0,35.0,0.0042,42.0,0.02,0.006390825,0.033103355105625,81.68424999999999,0.040495941924375,0.01,-1.0,0.001,0.01,True,True,False,HEM,0.0,0.0778373,-0.14221063,0.064372558,-7.720000000099869e-07,0.99999998,0.99999998,0.2458168131666587,-1.0644792065289506,1.8627557,1.2562531,1.8527304,1.8627635,1.7605594,1.77893,1.8707506,1.2562531,1.2819631,1.2658869,-0.007987100000000025,0.09182060000000014,0.009633800000000026
128,8500000.0,3800000.0,3300000.0,280000.0,432000.0,0.01,0.01,0.00168491475,0.00141,3.0,35.0,0.0042,42.0,0.02,0.0058298249999999,0.022335079794375,67.74974999999999,0.0225283384931249,0.01,-1.0,0.001,0.01,True,True,False,HEM,0.0,0.077769011,-0.077788448,9.7302412e-06,-9.70675879999715e-06,0.99999998,0.99999998,0.3160513882169977,-0.5827756743137871,1.3855641,1.2562531,1.4678825,1.3857726,1.3302743,1.356578,1.3893539,1.2562531,1.2876232,1.2658206,-0.0035813000000000095,0.03277589999999986,0.009567500000000173
129,8500000.0,3800000.0,3300000.0,280000.0,432000.0,0.01,0.01,0.00194745675,0.00141,3.0,35.0,0.0042,42.0,0.02,0.0063066749999999,0.025737067674375,0.32475,0.0337260482306249,0.01,-1.0,0.001,0.01,True,False,False,HEM,0.0,0.077829663,-0.18209778,-0.81159107,-0.915859187,0.96870362,0.96870362,0.3405550362471614,-1.3631774274367812,1.8657251,1.2562531,1.875959,1.8657265,1.8619864,1.8612028,1.8824248,1.2562531,1.3157135,1.2660369,-0.016698299999999833,0.021221999999999852,0.00978380000000012
130,8500000.0,3800000.0,3300000.0,280000.0,432000.0,0.01,0.01,0.00191291175,0.00141,3.0,35.0,0.0042,42.0,0.02,0.006559125,0.009075369328125,78.98724999999999,0.013848116634375,0.01,-1.0,0.001,0.01,True,True,False,HEM,0.0,0.077856224,-0.17878209,0.10092533,-5.360000000093068e-07,0.99817467,0.99817467,0.1043119920024575,-1.337899705176146,1.3833362,1.2562531,1.4499314,1.3866683,1.3337102,1.3742211,1.3996364,1.2562531,1.3243315,1.265815,-0.012968099999999927,0.02541529999999992,0.009561900000000012
131,8500000.0,3800000.0,3300000.0,280000.0,432000.0,0.01,0.01,0.00186109425,0.00141,3.0,35.0,0.0042,42.0,0.02,0.0064188749999999,0.0034307282156249,65.50225,0.043558967165625,0.01,-1.0,0.001,0.01,True,True,False,HEM,0.0,0.077841931,-0.21680623,0.13896718,2.881000000010125e-06,0.99999996,0.99999996,0.1061372697678943,-1.6227478472890324,1.886447,1.2562531,1.8414707,1.8864529,1.7296082,1.7441595,1.8923988,1.2562531,1.2968763,1.2658998,-0.0059458999999999484,0.14823929999999996,0.009646700000000008
132,8500000.0,3800000.0,3300000.0,280000.0,432000.0,0.01,0.01,0.00181273125,0.00141,3.0,35.0,0.0042,42.0,0.02,0.005072475,0.013859396630625,73.14375,0.010937397406875,0.01,-1.0,0.001,0.01,True,True,False,HEM,0.0,0.07762961,0.003321825,-0.080951558,-1.2300000000464717e-07,0.95536827,0.95536827,0.0321435346985925,0.024931145297241,1.8770359,1.2562531,1.85119,1.8770435,1.750196,1.7710009,1.884224,1.2562531,1.2857578,1.2658907,-0.007180499999999812,0.11322309999999991,0.009637600000000024
133,8500000.0,3800000.0,3300000.0,280000.0,432000.0,0.01,0.01,0.00208563675,0.00141,3.0,35.0,0.0042,42.0,0.02,0.006727425,0.000571326568125,5.71875,0.052910356696875,0.01,-1.0,0.001,0.01,True,True,False,HEM,0.0,0.077853372,-0.22245097,0.14460669,9.092000000016087e-06,0.99999999,0.99999999,0.1482873545535075,-1.664752827176665,1.8706215,1.2562532,1.8759914,1.8707148,1.8565912,1.8575477,1.8872219,1.2562532,1.2918969,1.2659779,-0.016507099999999886,0.029674199999999873,0.00972470000000003
134,8500000.0,3800000.0,3300000.0,280000.0,432000.0,0.01,0.01,0.00202345575,0.00141,3.0,35.0,0.0042,42.0,0.02,0.004735875,0.045821129784375,22.350250000000003,0.0144691636968749,0.01,-1.0,0.001,0.01,True,False,False,HEM,0.0,0.077475769,0.011878424,-0.089505815,-0.000151622,0.99551223,0.99551223,0.0481684507126501,0.0893276301926217,1.3772196,1.2562531,1.4400722,1.3772133,1.3237885,1.3501532,1.3771249,1.2562531,1.3062236,1.2658307,8.839999999987747e-05,0.026971700000000043,0.009577600000000075
135,8500000.0,3800000.0,3300000.0,280000.0,432000.0,0.01,0.01,0.00160200675,0.00141,3.0,35.0,0.0042,42.0,0.02,0.002519925,0.0014727071681249,52.01725,0.012569574894375,0.01,-1.0,0.001,0.01,True,True,False,HEM,0.0,0.077000546,0.0088033764,-0.085803952,-2.9599999992746543e-08,0.87695226,0.87695226,0.0602289894870251,0.0666113677461709,1.4388543,1.256253,1.8566193,1.4387693,1.3594295,1.417237,1.4383911,1.256253,1.2734358,1.265461,0.0003781999999998842,0.021154099999999953,0.009207999999999883
136,8500000.0,3800000.0,3300000.0,280000.0,432000.0,0.01,0.01,0.00179545875,0.00141,3.0,35.0,0.0042,42.0,0.02,0.006334725,0.001803654575625,14.25925,0.035015034069375,0.01,-1.0,0.001,0.01,True,True,False,HEM,0.0,0.077841347,-0.18545471,0.10761421,8.470000000121436e-07,0.99993308,0.99993308,0.1912853526952435,-1.3880988994320849,1.9646097,1.2562531,1.8759247,1.9651336,1.7755991,1.8043176,1.9653195,1.2562531,1.3260855,1.2659101,-0.00018590000000018314,0.16100190000000003,0.009657000000000027
137,8500000.0,3800000.0,3300000.0,280000.0,432000.0,0.01,0.01,0.00208909125,0.00141,3.0,35.0,0.0042,42.0,0.02,0.005857875,0.034146578503125,48.87075,0.054760733521875,0.01,-1.0,0.001,0.01,True,True,False,HEM,0.0,0.077686817,-0.098541568,0.020855663,9.120000000091556e-07,0.99999997,0.99999997,0.3398264233491451,-0.7390350321236229,1.4036579,1.2562531,1.8566168,1.4036677,1.3717046,1.3916571,1.4037694,1.2562531,1.2990006,1.2658187,-0.00010170000000009338,0.012112300000000076,0.009565600000000174
138,8500000.0,3800000.0,3300000.0,280000.0,432000.0,0.01,0.01,0.00203727375,0.00141,3.0,35.0,0.0042,42.0,0.02,0.002856525,0.020503636558125,57.86075000000001,0.013349755348125,0.01,-1.0,0.001,0.01,True,True,False,HEM,0.0,0.076983849,0.014308693,-0.091306675,-1.4133000000013383e-05,0.93676729,0.93676729,0.0402116220079382,0.1082912158114647,1.8753122,1.2562531,1.8497344,1.8753144,1.7549888,1.7651346,1.8825745,1.2562531,1.304261,1.2659232,-0.007260100000000103,0.11743989999999993,0.009670100000000126
139,8500000.0,3800000.0,3300000.0,280000.0,432000.0,0.01,0.01,0.00184727625,0.00141,3.0,35.0,0.0042,42.0,0.02,0.003529725,0.033269687716875,38.08275,0.012053393173125,0.01,-1.0,0.001,0.01,True,False,False,HEM,0.0,0.077212615,0.036377326,-0.11352767,6.227100000000263e-05,0.96887296,0.96887296,0.0268272544393761,0.274495605284849,1.4386726,1.256253,1.8566242,1.4348559,1.3527721,1.3846678,1.422581,1.256253,1.2854597,1.265775,0.012274899999999977,0.0379132000000002,0.00952200000000003
140,8500000.0,3800000.0,3300000.0,280000.0,432000.0,0.01,0.01,0.00210290925,0.00141,3.0,35.0,0.0042,42.0,0.02,0.0031931249999999,0.0166993252968749,3.0217500000000004,0.029706519984375,0.01,-1.0,0.001,0.01,True,True,False,HEM,0.0,0.0770855,0.03732276,-0.11441675,-8.489999999986009e-06,0.99988099,0.99988099,0.0447956598280163,0.2820940611990494,1.8702015,1.2562531,1.792359,1.8702283,1.6438761,1.6625851,1.8733421,1.2562531,1.2970771,1.2658737,-0.0031137999999999444,0.21075699999999986,0.00962060000000009
141,8500000.0,3800000.0,3300000.0,280000.0,432000.0,0.01,0.01,0.00169182375,0.00141,3.0,35.0,0.0042,42.0,0.02,0.0068396249999999,0.0586595308406249,18.754250000000003,0.0608639419781249,0.01,-1.0,0.001,0.01,True,True,False,HEM,0.0,0.077925602,-0.19218484,0.11425873,-5.079999999962892e-07,0.99999997,0.99999997,0.1865221009352525,-1.4369175373303296,1.8770935,1.2562531,1.8771102,1.8771024,1.8387545,1.841534,1.8913602,1.2562531,1.300237,1.2659682,-0.014257799999999987,0.04982620000000004,0.009715100000000199
142,8500000.0,3800000.0,3300000.0,280000.0,432000.0,0.01,0.01,0.00188873025,0.00141,3.0,35.0,0.0042,42.0,0.02,0.002071125,0.0123833081531249,14.70875,0.005582976328125,0.01,-1.0,0.001,0.01,True,False,False,HEM,0.0,0.076764601,-0.0010216292,-0.077109808,-0.0013668361999999,0.17916038,0.17916038,0.1034693906398696,-0.0077539890836251,1.8603555,1.2562531,1.8597301,1.8603825,1.8058253,1.8171282,1.8290373,1.2562531,1.3051226,1.2659677,0.03134520000000007,0.011909100000000006,0.009714600000000129
143,8500000.0,3800000.0,3300000.0,280000.0,432000.0,0.01,0.01,0.00169527825,0.00141,3.0,35.0,0.0042,42.0,0.02,0.003445575,0.0276575443856249,52.91625,0.021678265809375,0.01,-1.0,0.001,0.01,True,False,False,HEM,0.0,0.077241048,0.03068935,-0.10798782,-5.742199999998754e-05,0.9883831,0.9883831,0.0380508103318667,0.2314900972573288,1.8626404,1.2562531,1.8645194,1.8626415,1.8092911,1.8188535,1.8738503,1.2562531,1.2848223,1.2659214,-0.011208799999999908,0.05499680000000007,0.009668300000000185
144,8500000.0,3800000.0,3300000.0,280000.0,432000.0,0.01,0.01,0.00183000375,0.00141,3.0,35.0,0.0042,42.0,0.02,0.0049041749999999,0.0107049557943749,77.63875,0.0343823126943749,0.01,-1.0,0.001,0.01,True,True,False,HEM,0.0,0.077587348,-0.0037560541,-0.073831306,-1.2100000001957769e-08,0.99675492,0.99675492,0.0425503091482804,-0.0282055008658644,1.7454097,1.2562531,1.7083653,1.7454124,1.5585507,1.5724437,1.7474196,1.2562531,1.3022311,1.2658761,-0.0020071999999999868,0.17497589999999996,0.00962300000000016
145,8500000.0,3800000.0,3300000.0,280000.0,432000.0,0.01,0.01,0.00149491725,0.00141,3.0,35.0,0.0042,42.0,0.02,0.002604075,0.018171300451875,46.17375,0.011584683350625,0.01,-1.0,0.001,0.01,True,False,False,HEM,0.0,0.077072943,0.015292875,-0.091056755,0.0013090629999999,0.9379865,0.9379865,0.058446146440152,0.1156059217821786,1.3839915,1.2562531,1.4567469,1.3839893,1.3159991,1.3541538,1.3811775,1.2562531,1.3106831,1.2658254,0.002811800000000142,0.027023699999999984,0.009572300000000089
146,8500000.0,3800000.0,3300000.0,280000.0,432000.0,0.01,0.01,0.00170564175,0.00141,3.0,35.0,0.0042,42.0,0.02,0.0037260749999999,0.007761134769375,71.79525000000001,0.026625320975625,0.01,-1.0,0.001,0.01,True,True,False,HEM,0.0,0.077308764,0.012264044,-0.089572338,4.7000000000241293e-07,0.98522231,0.98522231,0.0296339509554458,0.0924267867531091,1.8980764,1.2562531,1.8840391,1.8997018,1.8727405,1.8760802,1.9110207,1.2562531,1.2930774,1.2659634,-0.011318899999999799,0.03494049999999982,0.00971030000000006
147,8500000.0,3800000.0,3300000.0,280000.0,432000.0,0.01,0.01,0.00160546125,0.00141,3.0,35.0,0.0042,42.0,0.02,0.003894375,0.024451709671875,89.77525,0.020125643203125,0.01,-1.0,0.001,0.01,True,True,False,HEM,0.0,0.077418356,0.024643324,-0.10206093,7.499999999938112e-07,0.97698268,0.97698268,0.0538881742091462,0.1854591338247955,1.9538356,1.2562531,1.910188,1.9538709,1.9390963,1.937953,1.9712927,1.2562531,1.3063881,1.2660289,-0.017421799999999932,0.03333969999999997,0.009775800000000112
148,8500000.0,3800000.0,3300000.0,280000.0,432000.0,0.01,0.01,0.00190945725,0.00141,3.0,35.0,0.0042,42.0,0.02,0.006783525,0.005319809893125,10.66325,0.025603906348125,0.01,-1.0,0.001,0.01,True,True,False,HEM,0.0,0.07788805,-0.19937116,0.12148276,-3.499999999961867e-07,0.99862267,0.99862267,0.1719640300596368,-1.491366520871326,1.4619528,1.256253,1.8566284,1.4590985,1.3974995,1.4223999,1.4512071,1.256253,1.3104471,1.2657802,0.007891400000000104,0.028807199999999922,0.009527199999999958
149,8500000.0,3800000.0,3300000.0,280000.0,432000.0,0.01,0.01,0.00168146025,0.00141,3.0,35.0,0.0042,42.0,0.02,0.001622325,0.007511973121875,12.910750000000002,0.006342114564375,0.01,-1.0,0.001,0.01,True,False,False,HEM,0.0,0.076673782,-0.017730252,-0.061053146,-0.002109616,0.53372875,0.53372875,0.1190112217979706,-0.1347289444826742,1.4364472,1.2562531,1.8566177,1.4363589,1.3690791,1.4070741,1.4363331,1.2562531,1.2873267,1.2657992,2.5800000000186785e-05,0.029258999999999924,0.009546100000000113
150,8500000.0,3800000.0,3300000.0,280000.0,432000.0,0.01,0.01,0.00177127725,0.00141,3.0,35.0,0.0042,42.0,0.02,0.006166425,0.0553499849606249,83.93175000000001,0.0160680077831249,0.01,-1.0,0.001,0.01,True,True,False,HEM,0.0,0.077817121,-0.11405961,0.036241535,-9.540000000043958e-07,0.99799667,0.99799667,0.3168333687871747,-0.8539837522260812,1.863364,1.2562531,1.8758106,1.8633658,1.8590106,1.856786,1.8799838,1.2562531,1.3017137,1.2660199,-0.01661800000000002,0.023197799999999935,0.009766800000000186
151,8500000.0,3800000.0,3300000.0,280000.0,432000.0,0.01,0.01,0.00148109925,0.00141,3.0,35.0,0.0042,42.0,0.02,0.005044425,0.003703995166875,17.40575,0.028789920691875,0.01,-1.0,0.001,0.01,True,True,False,HEM,0.0,0.077724527,-0.02572103,-0.052002889,6.080000000061037e-07,0.9999856,0.9999856,0.0597752982298403,-0.1928071579412164,1.5414326,1.256253,1.8566629,1.5408575,1.484063,1.508019,1.5341895,1.256253,1.3143164,1.2657914,0.006667999999999896,0.026170500000000096,0.009538399999999836
152,8500000.0,3800000.0,3300000.0,280000.0,432000.0,0.01,0.01,0.00146037225,0.00141,3.0,35.0,0.0042,42.0,0.02,0.004511475,0.014580072118125,87.52775,0.022300784859375,0.01,-1.0,0.001,0.01,True,True,False,HEM,0.0,0.077633947,0.015020178,-0.092652727,1.3979999999857997e-06,0.9850422,0.9850422,0.0572130484727395,0.1127239756540749,1.3933017,1.2562531,1.4567608,1.3933073,1.3436682,1.3655471,1.393484,1.2562531,1.3091462,1.2658389,-0.0001766999999999186,0.027936900000000042,0.0095858000000002
153,8500000.0,3800000.0,3300000.0,280000.0,432000.0,0.01,0.01,0.00181964025,0.00141,3.0,35.0,0.0042,42.0,0.02,0.003277275,0.023196306654375,65.95174999999999,0.027837747373125,0.01,-1.0,0.001,0.01,True,True,False,HEM,0.0,0.077160574,0.027524776,-0.1047184,-3.3050000000006685e-05,0.98551691,0.98551691,0.0242411376369406,0.207836216802377,1.4236319,1.256253,1.389252,1.4186297,1.3170453,1.3351605,1.3568843,1.256253,1.3042563,1.2658107,0.06174540000000017,0.02172379999999996,0.009557700000000002
154,8500000.0,3800000.0,3300000.0,280000.0,432000.0,0.01,0.01,0.00159855225,0.00141,3.0,35.0,0.0042,42.0,0.02,0.0028004249999999,0.0094699871906249,83.03275000000001,0.0188780149781249,0.01,-1.0,0.001,0.01,True,True,False,HEM,0.0,0.077077613,0.015686934,-0.092764991,-4.440000000022204e-07,0.96108943,0.96108943,0.0584190420768266,0.1185776113393345,1.9111893,1.2562531,1.5526813,1.9111893,1.3848337,1.4131712,1.9112273,1.2562531,1.2870747,1.2658255,-3.799999999998249e-05,0.4980560999999999,0.009572400000000147
155,8500000.0,3800000.0,3300000.0,280000.0,432000.0,0.01,0.01,0.00171945975,0.00141,3.0,35.0,0.0042,42.0,0.02,0.006503025,0.053823749593125,79.88624999999999,0.027760600846875,0.01,-1.0,0.001,0.01,True,True,False,HEM,0.0,0.077873919,-0.15008187,0.072207226,-7.250000000069701e-07,0.99999765,0.99999765,0.250372814038258,-1.1228689844868889,1.908553,1.2562531,1.8952935,1.9085852,1.8849111,1.8884469,1.9241718,1.2562531,1.3269852,1.2660188,-0.015586600000000006,0.03572490000000017,0.00976570000000021
156,8500000.0,3800000.0,3300000.0,280000.0,432000.0,0.01,0.01,0.00158818875,0.00141,3.0,35.0,0.0042,42.0,0.02,0.004539525,0.027822181284375,25.047250000000005,0.028152885680625,0.01,-1.0,0.001,0.01,True,True,False,HEM,0.0,0.077582017,0.041057077,-0.11865733,-1.8236000000004804e-05,0.99863882,0.99863882,0.045422480383902,0.308332884384275,1.8663747,1.2562531,1.8732269,1.8664635,1.847308,1.8510166,1.8812982,1.2562531,1.285318,1.2659385,-0.014834699999999978,0.03028160000000013,0.009685400000000177
157,8500000.0,3800000.0,3300000.0,280000.0,432000.0,0.01,0.01,0.00142582725,0.00141,3.0,35.0,0.0042,42.0,0.02,0.006671325,0.052550860940625,51.56775,0.049170500563125,0.01,-1.0,0.001,0.01,True,True,False,HEM,0.0,0.076476491,-0.18382861,0.10735147,-6.490000000053397e-07,0.99999997,0.99999997,0.1925194933846792,-1.400483625310447,1.4016668,1.256253,1.4133223,1.394613,1.3036262,1.3514287,1.3877892,1.256253,1.2728628,1.2658194,0.0068238000000000465,0.03636050000000002,0.009566399999999975
158,8500000.0,3800000.0,3300000.0,280000.0,432000.0,0.01,0.01,0.00180927675,0.00141,3.0,35.0,0.0042,42.0,0.02,0.002996775,0.029294149899375,18.30475,0.003228800304375,0.01,-1.0,0.001,0.01,True,True,False,HEM,0.0,0.077077522,0.023235809,-0.10034506,-3.172900000000811e-05,0.0069983775,0.0069983775,0.0174160984982162,0.1756398019958975,1.868294,1.2562528,1.8787942,1.868295,1.8584983,1.8598857,1.884191,1.2562528,1.281578,1.2691996,-0.01589599999999991,0.024305299999999974,0.012946800000000147
159,8500000.0,3800000.0,3300000.0,280000.0,432000.0,0.01,0.01,0.00192327525,0.00141,3.0,35.0,0.0042,42.0,0.02,0.005577375,0.0547986854156249,84.83075000000001,0.006259906265625,0.01,-1.0,0.001,0.01,True,True,False,HEM,0.0,0.077695596,-0.053511089,-0.02418523,-7.229999999906755e-07,0.97990287,0.97990287,0.0450113544225867,-0.4012733075481066,1.9010912,1.2562531,1.8862827,1.9010913,1.8844431,1.887366,1.9183453,1.2562531,1.284983,1.2659233,-0.01725399999999988,0.03097929999999982,0.009670200000000184
160,8500000.0,3800000.0,3300000.0,280000.0,432000.0,0.01,0.01,0.00205109175,0.00141,3.0,35.0,0.0042,42.0,0.02,0.0052968749999999,0.035109673828125,30.441250000000004,0.0511830410156249,0.01,-1.0,0.001,0.01,True,True,False,HEM,0.0,0.077591939,-0.032257751,-0.045334683,-4.950000000031318e-07,0.99998453,0.99998453,0.0534810419922353,-0.2422202037827324,1.8010437,1.2562531,1.7542628,1.8010452,1.5763349,1.6125183,1.8011381,1.2562531,1.2769651,1.2658776,-9.290000000006238e-05,0.1886197999999999,0.009624500000000147
161,8500000.0,3800000.0,3300000.0,280000.0,432000.0,0.01,0.01,0.00207527325,0.00141,3.0,35.0,0.0042,42.0,0.02,0.005661525,0.0137720841768749,41.22925000000001,0.035365706679375,0.01,-1.0,0.001,0.01,True,True,False,HEM,0.0,0.077651428,-0.077878458,0.00022840343,1.373429999996942e-06,0.99999996,0.99999996,0.2702019502970029,-0.5843334955487952,1.8820747,1.2562531,1.8688928,1.8820801,1.8056658,1.8124952,1.8922182,1.2562531,1.3073141,1.2659528,-0.010138100000000039,0.07972299999999999,0.009699700000000089
162,8500000.0,3800000.0,3300000.0,280000.0,432000.0,0.01,0.01,0.00150528075,0.00141,3.0,35.0,0.0042,42.0,0.02,0.004988325,0.026336984210625,88.42675,0.038559876958125,0.01,-1.0,0.001,0.01,True,True,False,HEM,0.0,0.077683933,-0.00051619264,-0.077158917,8.823360000007052e-06,0.9964808,0.9964808,0.1464557952647379,-0.0038714485121216,1.8884921,1.2562531,1.8652288,1.8885633,1.7863068,1.8030932,1.8967081,1.2562531,1.3292913,1.2659421,-0.008144799999999952,0.09361489999999995,0.009689000000000059
163,8500000.0,3800000.0,3300000.0,280000.0,432000.0,0.01,0.01,0.00198200175,0.00141,3.0,35.0,0.0042,42.0,0.02,0.003473625,0.009837913884375,89.32575,0.027631905309375,0.01,-1.0,0.001,0.01,True,False,False,HEM,0.0,0.077167783,0.017784529,-0.095092052,-0.0001397399999999,0.98293994,0.98293994,0.05918967916195,0.1342762578771046,1.5341757,1.256253,1.856648,1.5339784,1.4385072,1.4694744,1.5223076,1.256253,1.3142163,1.2657806,0.011670800000000092,0.052833200000000025,0.00952759999999997
164,8500000.0,3800000.0,3300000.0,280000.0,432000.0,0.01,0.01,0.00170218725,0.00141,3.0,35.0,0.0042,42.0,0.02,0.005717625,0.046466423671875,81.23475,0.019010674303125,0.01,-1.0,0.001,0.01,True,True,False,HEM,0.0,0.077758341,-0.063199824,-0.014559323,-8.060000000077033e-07,0.99967518,0.99967518,0.0357175452199763,-0.4735455583592805,1.8784728,1.2562529,1.6823651,1.8784735,1.4736038,1.5171267,1.8789443,1.2562529,1.2737478,1.267777,-0.00047079999999999345,0.36181759999999996,0.011524099999999926
165,8500000.0,3800000.0,3300000.0,280000.0,432000.0,0.01,0.01,0.00198545625,0.00141,3.0,35.0,0.0042,42.0,0.02,0.004623675,0.025104590188125,2.1227500000000004,0.032000107899375,0.01,-1.0,0.001,0.01,True,True,False,HEM,0.0,0.077462434,0.025370003,-0.1028434,-1.096300000000272e-05,0.99980969,0.99980969,0.0395560691767525,0.1908192850288484,1.8662071,1.2562532,1.8751739,1.8662077,1.8558956,1.8570802,1.8821337,1.2562532,1.2900776,1.2659713,-0.015926000000000107,0.025053500000000062,0.009718099999999952
166,8500000.0,3800000.0,3300000.0,280000.0,432000.0,0.01,0.01,0.0015743707499999,0.00141,3.0,35.0,0.0042,42.0,0.02,0.0044273249999999,0.0437203877906249,4.81975,0.024670936513125,0.01,-1.0,0.001,0.01,True,True,False,HEM,0.0,0.077563461,0.040330067,-0.11794055,-4.702200000000767e-05,0.99950993,0.99950993,0.0446166804194771,0.3029455996147022,1.8710309,1.2562531,1.865032,1.8710341,1.8051378,1.8154983,1.8814832,1.2562531,1.287285,1.2659224,-0.010449099999999989,0.0659848999999999,0.009669300000000103
167,8500000.0,3800000.0,3300000.0,280000.0,432000.0,0.01,0.01,0.00194054775,0.00141,3.0,35.0,0.0042,42.0,0.02,0.004146825,0.0061519185581249,34.03725,0.0372742548656249,0.01,-1.0,0.001,0.01,True,True,False,HEM,0.0,0.077353093,0.0060908502,-0.083438364,5.579199999994344e-06,0.99842968,0.99842968,0.0571131792742253,0.0458768002210503,1.8771036,1.2562531,1.8761598,1.8773861,1.8476763,1.852686,1.8909398,1.2562531,1.2863943,1.265936,-0.01355369999999989,0.03825379999999989,0.00968290000000005
168,8500000.0,3800000.0,3300000.0,280000.0,432000.0,0.01,0.01,0.00200272875,0.00141,3.0,35.0,0.0042,42.0,0.02,0.0038663249999999,0.017323165820625,68.64874999999999,0.0060773796093749,0.01,-1.0,0.001,0.01,True,True,False,HEM,0.0,0.077265082,0.033234688,-0.11050026,-4.900000000057636e-07,0.90327618,0.90327618,0.0365432779193167,0.2506116299164041,1.8988456,1.2562531,1.669953,1.8988633,1.4980557,1.5236312,1.8993318,1.2562531,1.310154,1.2658503,-0.0004684999999999828,0.37570059999999983,0.009597200000000194
169,8500000.0,3800000.0,3300000.0,280000.0,432000.0,0.01,0.01,0.00183345825,0.00141,3.0,35.0,0.0042,42.0,0.02,0.0062505749999999,0.009897316719375,11.56225,0.012634756040625,0.01,-1.0,0.001,0.01,True,True,False,HEM,0.0,0.077822625,-0.125764,0.047940498,-8.769999999824751e-07,0.97933731,0.97933731,0.2755258406763417,-0.9415499205011336,1.8785048,1.2562531,1.8737904,1.878564,1.8215904,1.8261021,1.8903164,1.2562531,1.3081516,1.2659607,-0.011752399999999996,0.06421429999999995,0.009707600000000038
170,8500000.0,3800000.0,3300000.0,280000.0,432000.0,0.01,0.01,0.00175400475,0.00141,3.0,35.0,0.0042,42.0,0.02,0.006643275,0.002887001233125,44.37575,0.048366529719375,0.01,-1.0,0.001,0.01,True,True,False,HEM,0.0,0.077889987,-0.24369351,0.16580218,-1.343000000014749e-06,0.99999998,0.99999998,0.1108218234529812,-1.822867981930134,1.9024907,1.2562531,1.8875799,1.9024907,1.8671813,1.8718748,1.9187166,1.2562531,1.2944897,1.2659602,-0.016225900000000015,0.046841799999999933,0.00970710000000019
171,8500000.0,3800000.0,3300000.0,280000.0,432000.0,0.01,0.01,0.00142928175,0.00141,3.0,35.0,0.0042,42.0,0.02,0.005268825,0.039924126275625,8.86525,0.037886144765625,0.01,-1.0,0.001,0.01,True,True,False,HEM,0.0,0.077075547,-0.025397452,-0.051677869,2.259999999920659e-07,0.9999975,0.9999975,0.0602660068029243,-0.191984610694825,1.8874048,1.2562531,1.8857384,1.8874058,1.8567486,1.8599,1.9018157,1.2562531,1.3187178,1.2659974,-0.014409899999999976,0.04191569999999989,0.00974430000000015
172,8500000.0,3800000.0,3300000.0,280000.0,432000.0,0.01,0.01,0.00174364125,0.00141,3.0,35.0,0.0042,42.0,0.02,0.003417525,0.025042512504375,1.22375,0.032715881386875,0.01,-1.0,0.001,0.01,True,False,False,HEM,0.0,0.077206404,0.047724809,-0.12519654,-0.0002653269999999,0.99972525,0.99972525,0.0243325631016541,0.3601502816725985,1.4090415,1.256253,1.4717809,1.4086835,1.3779922,1.3965236,1.3980291,1.256253,1.3196973,1.2658013,0.010654399999999953,0.0015054999999999374,0.009548299999999843
173,8500000.0,3800000.0,3300000.0,280000.0,432000.0,0.01,0.01,0.00197854725,0.00141,3.0,35.0,0.0042,42.0,0.02,0.001762575,0.006576652033125,80.33575,0.002295181100625,0.01,-1.0,0.001,0.01,True,True,False,HEM,0.0,0.076652685,-0.018028042,-0.05860216,2.248299999999676e-05,0.0,0.0,0.0516026607624309,-0.1370295003074748,1.8836819,1.2562531,1.8236369,1.8837304,1.6953935,1.7143625,1.8876947,1.2562531,1.3046535,1.2658932,-0.003964300000000032,0.17333219999999994,0.009640100000000151
174,8500000.0,3800000.0,3300000.0,280000.0,432000.0,0.01,0.01,0.00176436825,0.00141,3.0,35.0,0.0042,42.0,0.02,0.004876125,0.030859410384375,58.31025,0.031555477228125,0.01,-1.0,0.001,0.01,True,True,False,HEM,0.0,0.077602505,0.013904757,-0.091510656,-3.393999999989905e-06,0.99912812,0.99912812,0.0215410739190721,0.1043952041457202,1.8639352,1.2562531,1.8498676,1.8639592,1.7525036,1.7711054,1.8714482,1.2562531,1.285331,1.2658961,-0.007488999999999857,0.10034279999999995,0.009643000000000068
175,8500000.0,3800000.0,3300000.0,280000.0,432000.0,0.01,0.01,0.00165727875,0.00141,3.0,35.0,0.0042,42.0,0.02,0.003108975,0.015948653128125,26.845250000000004,0.029901888376875,0.01,-1.0,0.001,0.01,True,False,False,HEM,0.0,0.077155454,0.031882738,-0.10911055,-7.23579999999946e-05,0.99950206,0.99950206,0.0569743303009686,0.2407586303779575,1.8790123,1.2562531,1.7623515,1.8790342,1.5754068,1.616015,1.8804871,1.2562531,1.27974,1.2658363,-0.0014529000000000902,0.2644721000000001,0.009583200000000014
176,8500000.0,3800000.0,3300000.0,280000.0,432000.0,0.01,0.01,0.00161237025,0.00141,3.0,35.0,0.0042,42.0,0.02,0.002351625,0.017114480053125,12.46125,0.015746892534375,0.01,-1.0,0.001,0.01,True,False,False,HEM,0.0,0.076948374,0.0080061922,-0.077739498,0.0072150681999999,0.99509359,0.99509359,0.1104986362292621,0.0606204909677781,1.5652063,1.2562531,1.4742721,1.5652063,1.3601664,1.3814606,1.5652065,1.2562531,1.3130818,1.2658419,-1.9999999989472883e-07,0.1837458999999999,0.009588800000000175
177,8500000.0,3800000.0,3300000.0,280000.0,432000.0,0.01,0.01,0.0015156442499999,0.00141,3.0,35.0,0.0042,42.0,0.02,0.006082275,0.011757493745625,33.138250000000006,0.019949709943125,0.01,-1.0,0.001,0.01,True,True,False,HEM,0.0,0.077873926,-0.10670233,0.028827521,-8.830000000036031e-07,0.99976953,0.99976953,0.3037962321179631,-0.7983157869744835,1.5053021,1.2562531,1.8566453,1.5039616,1.446167,1.4847534,1.5028075,1.2562531,1.2764382,1.2657731,0.0011540999999999357,0.018054100000000073,0.009520000000000195
178,8500000.0,3800000.0,3300000.0,280000.0,432000.0,0.01,0.01,0.00173327775,0.00141,3.0,35.0,0.0042,42.0,0.02,0.002435775,0.008601878518125,47.97175,0.013135221159375,0.01,-1.0,0.001,0.01,True,True,False,HEM,0.0,0.07694213,0.012610081,-0.089552098,1.1299999999603297e-07,0.93548978,0.93548978,0.0406247163775081,0.0954875073138113,1.8802052,1.2562531,1.8385749,1.8802065,1.7271481,1.745936,1.8859915,1.2562531,1.3133979,1.2659098,-0.005785000000000151,0.1400555000000001,0.009656700000000074
179,8500000.0,3800000.0,3300000.0,280000.0,432000.0,0.01,0.01,0.00182309475,0.00141,3.0,35.0,0.0042,42.0,0.02,0.002744325,0.018738731356875,59.20925,0.025901282390625,0.01,-1.0,0.001,0.01,True,True,False,HEM,0.0,0.077013988,0.018304208,-0.095297394,2.08020000000142e-05,0.98178467,0.98178467,0.0323481382230239,0.1384759056350078,1.5385856,1.256253,1.856667,1.5371729,1.4744349,1.505835,1.536424,1.256253,1.2823304,1.2657906,0.0007489000000000523,0.030588999999999977,0.009537600000000035
180,8500000.0,3800000.0,3300000.0,280000.0,432000.0,0.01,0.01,0.00149146275,0.00141,3.0,35.0,0.0042,42.0,0.02,0.0047919749999999,0.023864155299375,43.47675,0.0088247813606249,0.01,-1.0,0.001,0.01,True,True,False,HEM,0.0,0.077645774,0.019569113,-0.097217243,-2.3559999999950287e-06,0.96612332,0.96612332,0.0513083009327606,0.1468406175723223,1.3400457,1.256253,1.3958411,1.3347157,1.2956011,1.3134631,1.313682,1.256253,1.2936275,1.2657801,0.021033700000000044,0.00021889999999991083,0.0095270999999999
181,8500000.0,3800000.0,3300000.0,280000.0,432000.0,0.01,0.01,0.00143273625,0.00141,3.0,35.0,0.0042,42.0,0.02,0.0038102249999999,0.005462243304375,87.97725,0.007873163173125,0.01,-1.0,0.001,0.01,True,True,False,HEM,0.0,0.077191005,0.031409802,-0.10859778,3.0269999999887887e-06,0.62718339,0.62718339,0.0422417502760338,0.2370780728012681,1.9010911,1.2562531,1.8884782,1.9014068,1.8684506,1.8699696,1.9152166,1.2562531,1.3009612,1.2659798,-0.013809799999999983,0.04524700000000004,0.009726700000000088
182,8500000.0,3800000.0,3300000.0,280000.0,432000.0,0.01,0.01,0.00179200425,0.00141,3.0,35.0,0.0042,42.0,0.02,0.002407725,0.021251002201875,74.94175,0.023914909141875,0.01,-1.0,0.001,0.01,True,False,False,HEM,0.0,0.076905238,0.01111551,-0.087822122,0.0001986259999999,0.98230591,0.98230591,0.1807059258314389,0.0842105217262522,1.4545044,1.256253,1.8566243,1.4524678,1.3646107,1.3752189,1.4015142,1.256253,1.301721,1.2657867,0.05095359999999993,0.026295300000000132,0.009533699999999978
183,8500000.0,3800000.0,3300000.0,280000.0,432000.0,0.01,0.01,0.00153291675,0.00141,3.0,35.0,0.0042,42.0,0.02,0.002884575,0.027476947048125,7.51675,0.020482573816875,0.01,-1.0,0.001,0.01,True,False,False,HEM,0.0,0.077143956,0.025074869,-0.10231877,-9.994500000000406e-05,0.99934395,0.99934395,0.0870030520905211,0.1893780548858799,1.8680378,1.2562531,1.5490134,1.8680378,1.3964944,1.4117178,1.8681268,1.2562531,1.2967655,1.265837,-8.900000000000574e-05,0.45640900000000006,0.0095839000000002
184,8500000.0,3800000.0,3300000.0,280000.0,432000.0,0.01,0.01,0.00199236525,0.00141,3.0,35.0,0.0042,42.0,0.02,0.002015025,0.003291291459375,31.340250000000005,0.009507643584375,0.01,-1.0,0.001,0.01,True,False,False,HEM,0.0,0.076723429,-0.0052635465,-0.071385325,7.455750000000261e-05,0.94920698,0.94920698,0.0982275320551303,-0.0399708463610941,1.3597237,1.2562531,1.4349285,1.3595523,1.3234654,1.3381815,1.3492021,1.2562531,1.293464,1.2658132,0.010350199999999976,0.011020600000000158,0.009560100000000071
185,8500000.0,3800000.0,3300000.0,280000.0,432000.0,0.01,0.01,0.00149837175,0.00141,3.0,35.0,0.0042,42.0,0.02,0.005745675,0.019716714688125,27.294750000000004,0.036666168654375,0.01,-1.0,0.001,0.01,True,True,False,HEM,0.0,0.077823275,-0.073696848,-0.0041306502,-4.2231999999977135e-06,0.99953745,0.99953745,0.0600597729345583,-0.5517372365592237,1.3939481,1.256253,1.3938863,1.3846951,1.3219,1.361527,1.3747175,1.256253,1.3150622,1.2658003,0.009977600000000031,0.013190500000000105,0.009547299999999925
186,8500000.0,3800000.0,3300000.0,280000.0,432000.0,0.01,0.01,0.00170909625,0.00141,3.0,35.0,0.0042,42.0,0.02,0.002127225,0.006555947908125,38.532250000000005,0.006594769764375,0.01,-1.0,0.001,0.01,True,False,False,HEM,0.0,0.076845316,0.003382099,-0.080794738,-0.000567323,0.49446892,0.49446892,0.0724840359290957,0.0256425847774857,1.4085638,1.256253,1.8566162,1.4053147,1.321807,1.3246184,1.3555753,1.256253,1.297815,1.2657931,0.04973939999999999,0.030956899999999843,0.00954009999999994
187,8500000.0,3800000.0,3300000.0,280000.0,432000.0,0.01,0.01,0.00171600525,0.00141,3.0,35.0,0.0042,42.0,0.02,0.003922425,0.023060426878125,16.956250000000004,0.030496756314375,0.01,-1.0,0.001,0.01,True,False,False,HEM,0.0,0.077367098,0.05594019,-0.13346814,-0.000160852,0.99993319,0.99993319,0.0227785510178452,0.4212699827628418,1.5433495,1.256253,1.856676,1.5425861,1.5239489,1.5272948,1.5416315,1.256253,1.3010281,1.2658043,0.0009546000000000276,0.014336700000000091,0.00955130000000004
188,8500000.0,3800000.0,3300000.0,280000.0,432000.0,0.01,0.01,0.00145000875,0.00141,3.0,35.0,0.0042,42.0,0.02,0.002912625,0.006794207521875,25.49675000000001,0.027751563815625,0.01,-1.0,0.001,0.01,True,False,False,HEM,0.0,0.077263894,0.03068665,-0.10800923,-5.868600000000224e-05,0.99864078,0.99864078,0.0686898696300349,0.2314012883252608,1.8774665,1.2562531,1.8808339,1.8774718,1.8572337,1.8569465,1.8928392,1.2562531,1.3027568,1.2659933,-0.015367400000000142,0.0358927,0.009740200000000199
189,8500000.0,3800000.0,3300000.0,280000.0,432000.0,0.01,0.01,0.00162618825,0.00141,3.0,35.0,0.0042,42.0,0.02,0.005521275,0.051489616235625,15.60775,0.048139582629375,0.01,-1.0,0.001,0.01,True,True,False,HEM,0.0,0.077737622,-0.03826965,-0.039468948,-9.75999999992816e-07,0.9999944,0.9999944,0.0637351054401378,-0.2868244198211953,1.9059306,1.2562531,1.7012614,1.9059306,1.5212686,1.5414083,1.9068964,1.2562531,1.2952264,1.265848,-0.0009657999999999056,0.36548809999999987,0.009594900000000184
190,8500000.0,3800000.0,3300000.0,280000.0,432000.0,0.01,0.01,0.00171255075,0.00141,3.0,35.0,0.0042,42.0,0.02,0.004763925,0.0084951501581249,21.90075,0.023334538336875,0.01,-1.0,0.001,0.01,True,True,False,HEM,0.0,0.077603687,0.0053127475,-0.082919681,-3.246499999984276e-06,0.9984785,0.9984785,0.0436716381449402,0.0398868467969577,1.9194967,1.2562531,1.7872089,1.9194977,1.632046,1.6661445,1.9219613,1.2562531,1.323946,1.2658671,-0.0024636000000000102,0.25581680000000007,0.009614000000000011
191,8500000.0,3800000.0,3300000.0,280000.0,432000.0,0.01,0.01,0.00197509275,0.00141,3.0,35.0,0.0042,42.0,0.02,0.004567575,0.041683118503125,82.13375,0.010669969389375,0.01,-1.0,0.001,0.01,True,True,False,HEM,0.0,0.077447018,0.0099031486,-0.087350918,-7.513999999986254e-07,0.867167,0.867167,0.0537655113004743,0.0745008933062174,1.9845624,1.2562531,1.9226014,1.984778,1.9528324,1.9538526,1.9981135,1.2562531,1.2924802,1.26598,-0.013335500000000167,0.04426090000000005,0.009726900000000205
192,8500000.0,3800000.0,3300000.0,280000.0,432000.0,0.01,0.01,0.00195091125,0.00141,3.0,35.0,0.0042,42.0,0.02,0.0067554749999999,0.0245316630281249,1.6732500000000003,0.043413891200625,0.01,-1.0,0.001,0.01,True,True,False,HEM,0.0,0.077875831,-0.18653825,0.1086619,-5.189999999766215e-07,0.99999999,0.99999999,0.1897563771708239,-1.3955907715714044,1.8682358,1.2562531,1.8710754,1.8682379,1.8387108,1.8463228,1.8849008,1.2562531,1.2825838,1.2659079,-0.016662900000000036,0.038578,0.009654800000000074
193,8500000.0,3800000.0,3300000.0,280000.0,432000.0,0.01,0.01,0.00185073075,0.00141,3.0,35.0,0.0042,42.0,0.02,0.0019308749999999,0.010387383421875,40.33025000000001,0.005552086246875,0.01,-1.0,0.001,0.01,True,True,False,HEM,0.0,0.07672913,-0.0053362547,-0.071396899,-4.023699999994301e-06,0.18865093,0.18865093,0.0651244759991561,-0.0405199742979497,1.8673703,1.2562531,1.871703,1.8673732,1.8221532,1.8277569,1.8798178,1.2562531,1.3188364,1.2659771,-0.012444600000000028,0.05206090000000008,0.009724000000000066
194,8500000.0,3800000.0,3300000.0,280000.0,432000.0,0.01,0.01,0.00210636375,0.00141,3.0,35.0,0.0042,42.0,0.02,0.003024825,0.019747494391875,69.54775,0.017671405753125,0.01,-1.0,0.001,0.01,True,True,False,HEM,0.0,0.077021464,0.014688964,-0.09171064,-2.119999999994349e-07,0.9844578,0.9844578,0.0354338826163219,0.1111148954548476,1.3539206,1.2562531,1.4370421,1.353848,1.3304177,1.3387906,1.3472876,1.2562531,1.298143,1.2658227,0.006560399999999911,0.008496999999999977,0.009569600000000067
195,8500000.0,3800000.0,3300000.0,280000.0,432000.0,0.01,0.01,0.00172982325,0.00141,3.0,35.0,0.0042,42.0,0.02,0.0037821749999999,0.0046663529606249,28.64325,0.0355266316556249,0.01,-1.0,0.001,0.01,True,True,False,HEM,0.0,0.077323243,0.0092747057,-0.08659754,4.086999999958209e-07,0.99927726,0.99927726,0.0337449784717845,0.0698848378977998,1.906427,1.2562531,1.8703178,1.9064467,1.7950759,1.8044066,1.9153463,1.2562531,1.2990665,1.2659271,-0.008899599999999896,0.11093969999999986,0.009674000000000182
196,8500000.0,3800000.0,3300000.0,280000.0,432000.0,0.01,0.01,0.00166073325,0.00141,3.0,35.0,0.0042,42.0,0.02,0.002155275,0.0199917381993749,87.07825,0.021213671360625,0.01,-1.0,0.001,0.01,True,False,False,HEM,0.0,0.076861977,0.002172325,-0.0787992,0.000235102,0.98261487,0.98261487,0.2193745124545899,0.0164666833476203,1.8863419,1.2562531,1.8659847,1.8869845,1.7908267,1.8044813,1.8945075,1.2562531,1.3232737,1.2659452,-0.007522999999999946,0.09002620000000006,0.009692100000000092
197,8500000.0,3800000.0,3300000.0,280000.0,432000.0,0.01,0.01,0.00207181875,0.00141,3.0,35.0,0.0042,42.0,0.02,0.006474975,0.029334712363125,75.84075,0.0587832224118749,0.01,-1.0,0.001,0.01,True,True,False,HEM,0.0,0.077811013,-0.16208004,0.084268491,-5.360000000093068e-07,0.99999999,0.99999999,0.2129185783829577,-1.213616160046255,1.8822945,1.2562531,1.8836771,1.8822946,1.857014,1.8598265,1.898171,1.2562531,1.3206173,1.2660048,-0.015876400000000013,0.038344500000000004,0.00975170000000003
198,8500000.0,3800000.0,3300000.0,280000.0,432000.0,0.01,0.01,0.00150873525,0.00141,3.0,35.0,0.0042,42.0,0.02,0.001482075,0.013155082959375,24.148250000000004,0.008858325223125,0.01,-1.0,0.001,0.01,True,False,False,HEM,0.0,0.076692045,-0.041946731,-0.037315507,-0.0025701929999999,0.72674281,0.72674281,0.071956560798497,-0.3186696382647769,1.8911006,1.2562531,1.8781366,1.891114,1.8349663,1.8408799,1.9035888,1.2562531,1.2991596,1.2659548,-0.012474800000000119,0.06270890000000007,0.009701700000000146
199,8500000.0,3800000.0,3300000.0,280000.0,432000.0,0.01,0.01,0.00204072825,0.00141,3.0,35.0,0.0042,42.0,0.02,0.0054371249999999,0.005893435715625,39.880750000000006,0.0097684747031249,0.01,-1.0,0.001,0.01,True,True,False,HEM,0.0,0.077617058,-0.083469104,0.0058303664,-2.167959999999948e-05,0.99980205,0.99980205,0.0583533863920551,-0.6265582592746983,1.5143014,1.256253,1.8566466,1.5134154,1.4558983,1.4787272,1.503837,1.256253,1.3114741,1.2657894,0.009578399999999876,0.02510980000000007,0.0095364
