Pm,Po,Ps,hm,hs,LintletConst,DmotiveIn,DmotiveOut,Dthroat,alphaMotiveDiff,alphaMotiveConv,Lmch,alphaSuction,Lsuction,Dmix,Lmix,alphadiff,DdiffOut,Loutlet,Dsuc,ThicknessNozzle,ThicknessNozzleOuter,SimulatedIndicator,ConvergenceIndicator,CrashIndicator,Experiment_model_type,MeshRefinement,mfr_m,mfr_s,mfr_o,mfr_err,uni_alpha,uni_vel,ds1,eff
11000000.0,3900000.0,3500000.0,303000.0,439300.0,0.01,0.05,0.0085,0.0064,4.0,30.0,0.031456,40.0,0.05,0.03089725,0.2611296532375,17.7115,0.0575940188625,0.01,-1.0,0.001,0.01,True,True,False,HEM,0.0,2.0423192,1.510077,-3.5524396,-4.340000000002675e-05,0.99602083,0.99602083,0.0240018832753062,0.2181689189361353
11000000.0,3900000.0,3500000.0,303000.0,439300.0,0.01,0.05,0.0085,0.0064,4.0,30.0,0.04528,40.0,0.05,0.05910655,0.0744003698125,17.9105,0.5884086605775,0.01,-1.0,0.001,0.01,True,False,False,HEM,0.0,2.0683566,-15.48537,13.416955,-5.840000000034706e-05,0.99999999,0.99999999,0.0460752264151178,-2.2090908516273737
11000000.0,3900000.0,3500000.0,303000.0,439300.0,0.01,0.05,0.0085,0.0064,4.0,30.0,0.037792,40.0,0.05,0.02571595,0.1248547946425,2.7865,0.1450341006075,0.01,-1.0,0.001,0.01,True,False,False,HEM,0.0,2.0418177,3.3928436,-5.4351055,-0.0004441999999995,0.99708792,0.99708792,0.0199237813525814,0.4903026980545573
11000000.0,3900000.0,3500000.0,303000.0,439300.0,0.01,0.05,0.0085,0.0064,4.0,30.0,0.030304,40.0,0.05,0.04183555,0.3619339854925,12.139499999999998,0.2923614658425,0.01,-1.0,0.001,0.01,True,False,False,HEM,0.0,2.0510053,-4.4272562,2.3761092,-0.0001417000000003,0.99999998,0.99999998,0.1699098344742371,-0.6369205759341248
11000000.0,3900000.0,3500000.0,303000.0,439300.0,0.01,0.05,0.0085,0.0064,4.0,30.0,0.041824,40.0,0.05,0.03895705,0.2008177491925,19.5025,0.2547343063925,0.01,-1.0,0.001,0.01,True,False,False,HEM,0.0,2.0557901,-2.6906853,0.63496802,7.28199999996404e-05,0.99999996,0.99999996,0.2584670849362664,-0.3861904612874725
11000000.0,3900000.0,3500000.0,303000.0,439300.0,0.01,0.05,0.0085,0.0064,4.0,30.0,0.0268479999999999,40.0,0.05,0.01938325,0.0960449729125,4.1795,0.0465866722125,0.01,-1.0,0.001,0.01,True,False,False,HEM,0.0,2.0265863,2.0803456,-4.1067321,0.0001997999999989,0.99232928,0.99232928,0.062768324919138,0.3028919932505194
11000000.0,3900000.0,3500000.0,303000.0,439300.0,0.01,0.05,0.0085,0.0064,4.0,30.0,0.040672,40.0,0.05,0.01535335,0.0392654249574999,19.3035,0.0672668646875,0.01,-1.0,0.001,0.01,True,False,False,HEM,0.0,2.03332,1.0551182,-3.0883591,7.909999999977657e-05,0.99761568,0.99761568,0.0550749468762402,0.1531132548994135
11000000.0,3900000.0,3500000.0,303000.0,439300.0,0.01,0.05,0.0085,0.0064,4.0,30.0,0.00784,40.0,0.05,0.00729355,0.0434261613775,18.7065,0.0490028097075,0.01,-1.0,0.001,0.01,True,False,False,HEM,0.0,1.9863792,-0.66913651,-1.3214081,-0.0041654099999999,0.99632905,0.99632905,0.0926600069004423,-0.0993962443157563
11000000.0,3900000.0,3500000.0,303000.0,439300.0,0.01,0.05,0.0085,0.0064,4.0,30.0,0.026272,40.0,0.05,0.01708045,0.1580069728375,9.950499999999998,0.0425875400075,0.01,-1.0,0.001,0.01,True,False,False,HEM,0.0,2.0238996,1.4350499,-3.4590162,-6.670000000008613e-05,0.98602611,0.98602611,0.093894096418007,0.2092162652395648
11000000.0,3900000.0,3500000.0,303000.0,439300.0,0.01,0.05,0.0085,0.0064,4.0,30.0,0.034336,40.0,0.05,0.03953275,0.0300152404375,12.7365,0.1056769706625,0.01,-1.0,0.001,0.01,True,True,False,HEM,0.0,2.0514437,-7.2697286,5.2182823,-2.5999999992976086e-06,0.99989183,0.99989183,0.034551722567478,-1.0456251052149252
11000000.0,3900000.0,3500000.0,303000.0,439300.0,0.01,0.05,0.0085,0.0064,4.0,30.0,0.038944,40.0,0.05,0.03377575,0.1437411480625,14.527499999999998,0.1145791655125,0.01,-1.0,0.001,0.01,True,False,False,HEM,0.0,2.0495902,-0.98406774,-1.0650608,0.00046166,0.99979789,0.99979789,0.0315869745292248,-0.1416691753767213
11000000.0,3900000.0,3500000.0,303000.0,439300.0,0.01,0.05,0.0085,0.0064,4.0,30.0,0.061408,40.0,0.05,0.05565235,0.1200894234475,14.1295,0.1137450555475,0.01,-1.0,0.001,0.01,True,True,False,HEM,0.0,2.0708196,-11.023493,8.9526743,8.999999998593466e-07,0.99996675,0.99996675,0.0578012827548318,-1.5707040760690507
11000000.0,3900000.0,3500000.0,303000.0,439300.0,0.01,0.05,0.0085,0.0064,4.0,30.0,0.044128,40.0,0.05,0.02341315,0.0458441183575,2.1895,0.1741434977274999,0.01,-1.0,0.001,0.01,True,False,False,HEM,0.0,2.0440678,3.1363,-5.1804369,-6.910000000015515e-05,0.99998397,0.99998397,0.0212827691088022,0.4527304527478218
11000000.0,3900000.0,3500000.0,303000.0,439300.0,0.01,0.05,0.0085,0.0064,4.0,30.0,0.048736,40.0,0.05,0.03665425,0.1340207669875,4.975499999999999,0.0551444864125,0.01,-1.0,0.001,0.01,True,False,False,HEM,0.0,2.0581097,-1.5749651,-0.48305086,9.374000000011984e-05,0.99986774,0.99986774,0.0152505149567459,-0.2257978602438638
11000000.0,3900000.0,3500000.0,303000.0,439300.0,0.01,0.05,0.0085,0.0064,4.0,30.0,0.036064,40.0,0.05,0.05392525,0.3641706945625001,2.9855,0.2265642416125,0.01,-1.0,0.001,0.01,True,False,False,HEM,0.0,2.0635998,-10.202253,8.139089,0.0004357999999999,0.99999998,0.99999998,0.0751554529621316,-1.4587740161624363
11000000.0,3900000.0,3500000.0,303000.0,439300.0,0.01,0.05,0.0085,0.0064,4.0,30.0,0.02224,40.0,0.05,0.01880755,0.1758628174075,19.7015,0.0705649872225,0.01,-1.0,0.001,0.01,True,False,False,HEM,0.0,2.0224478,1.8556674,-3.8782771,-0.0001619000000001,0.99674094,0.99674094,0.041416459151369,0.2707323942596447
11000000.0,3900000.0,3500000.0,303000.0,439300.0,0.01,0.05,0.0085,0.0064,4.0,30.0,0.015904,40.0,0.05,0.03550285,0.2362128870475,6.567499999999999,0.3438575282475,0.01,-1.0,0.001,0.01,True,True,False,HEM,0.0,2.035499,-1.7136394,-0.32187241,-1.2809999999752186e-05,0.99998077,0.99998077,0.0290020249067971,-0.2484082140884507
11000000.0,3900000.0,3500000.0,303000.0,439300.0,0.01,0.05,0.0085,0.0064,4.0,30.0,0.0637119999999999,40.0,0.05,0.01189915,0.0649045086325,18.5075,0.0927830271675,0.01,-1.0,0.001,0.01,True,False,False,HEM,0.0,2.0469294,0.14648989,-2.1893404,0.0040788899999997,0.99971542,0.99971542,0.1110968870046908,0.0211165126079118
11000000.0,3900000.0,3500000.0,303000.0,439300.0,0.01,0.05,0.0085,0.0064,4.0,30.0,0.063136,40.0,0.05,0.02744305,0.2045207022775,7.761499999999999,0.2509927631475,0.01,-1.0,0.001,0.01,True,False,False,HEM,0.0,2.0594842,2.7318674,-4.7919855,-0.0006338999999995,0.99999578,0.99999578,0.0167585207452922,0.3913979603428378
11000000.0,3900000.0,3500000.0,303000.0,439300.0,0.01,0.05,0.0085,0.0064,4.0,30.0,0.007264,40.0,0.05,0.03032155,0.0866332165825,15.3235,0.0865058660725,0.01,-1.0,0.001,0.01,True,True,False,HEM,0.0,2.0229485,-2.6690845,0.64614591,9.910000000168395e-06,0.99979039,0.99979039,0.0206060911948276,-0.3893094120983335
11000000.0,3900000.0,3500000.0,303000.0,439300.0,0.01,0.05,0.0085,0.0064,4.0,30.0,0.023392,40.0,0.05,0.06198505,0.3814466999424999,11.5425,0.6114918160074999,0.01,-1.0,0.001,0.01,True,True,False,HEM,0.0,2.0630132,-16.344951,14.281891,-4.6799999998015096e-05,0.99999996,0.99999996,0.0464091695416956,-2.337755154008254
11000000.0,3900000.0,3500000.0,303000.0,439300.0,0.01,0.05,0.0085,0.0064,4.0,30.0,0.014176,40.0,0.05,0.06371215,0.0865625125975,0.3984999999999999,0.3192329131825001,0.01,-1.0,0.001,0.01,True,False,False,HEM,0.0,2.0596399,-17.80363,19.248421,3.5044309000000027,0.99999995,0.99999995,0.0706885368679563,-2.55055486755094
11000000.0,3900000.0,3500000.0,303000.0,439300.0,0.01,0.05,0.0085,0.0064,4.0,30.0,0.035488,40.0,0.05,0.06256075,0.1724956279375,17.3135,0.3865785144374999,0.01,-1.0,0.001,0.01,True,False,False,HEM,0.0,2.0673917,-16.737442,14.669875,-0.0001753000000022,0.99999998,0.99999998,0.0436296577557815,-2.388821634788762
11000000.0,3900000.0,3500000.0,303000.0,439300.0,0.01,0.05,0.0085,0.0064,4.0,30.0,0.028576,40.0,0.05,0.05507665,0.4269679599625,12.338499999999998,0.3155754353375,0.01,-1.0,0.001,0.01,True,False,False,HEM,0.0,2.0611978,-11.496235,9.4346495,-0.0003876999999992,0.99999996,0.99999996,0.0662558032834496,-1.645710232883301
11000000.0,3900000.0,3500000.0,303000.0,439300.0,0.01,0.05,0.0085,0.0064,4.0,30.0,0.0164799999999999,40.0,0.05,0.04989535,0.1924039539025,2.5875,0.1737480825375,0.01,-1.0,0.001,0.01,True,True,False,HEM,0.0,2.0492798,-9.5082294,7.4589384,-1.1199999999433883e-05,0.99999998,0.99999998,0.0880887812292031,-1.3690389333031834
11000000.0,3900000.0,3500000.0,303000.0,439300.0,0.01,0.05,0.0085,0.0064,4.0,30.0,0.010144,40.0,0.05,0.01074775,0.0629189406624999,18.3085,0.1002308295625,0.01,-1.0,0.001,0.01,True,False,False,HEM,0.0,1.9968637,0.22870056,-2.2493854,-0.0238211399999999,0.99862409,0.99862409,0.0828780274123715,0.0337937364486213
11000000.0,3900000.0,3500000.0,303000.0,439300.0,0.01,0.05,0.0085,0.0064,4.0,30.0,0.045856,40.0,0.05,0.04413835,0.3906751566025,17.1145,0.3878149915225,0.01,-1.0,0.001,0.01,True,False,False,HEM,0.0,2.0623448,-4.6631964,2.6004672,-0.0003844000000001,0.99999996,0.99999996,0.1370652124674607,-0.6671751132348942
11000000.0,3900000.0,3500000.0,303000.0,439300.0,0.01,0.05,0.0085,0.0064,4.0,30.0,0.055072,40.0,0.05,0.03435145,0.0535350172525,3.5825,0.0547682343075,0.01,-1.0,0.001,0.01,True,False,False,HEM,0.0,2.0601381,-0.87941704,-1.1809666,-0.0002455399999998,0.99905033,0.99905033,0.0218060619973472,-0.1259551557984666
11000000.0,3900000.0,3500000.0,303000.0,439300.0,0.01,0.05,0.0085,0.0064,4.0,30.0,0.05968,40.0,0.05,0.02168605,0.0684596069425,16.119500000000002,0.1846924977325,0.01,-1.0,0.001,0.01,True,False,False,HEM,0.0,2.0525043,2.223621,-4.2762082,-8.289999999977482e-05,0.9999372,0.9999372,0.023654093068875,0.3196642713617412
11000000.0,3900000.0,3500000.0,303000.0,439300.0,0.01,0.05,0.0085,0.0064,4.0,30.0,0.02512,40.0,0.05,0.01247485,0.0032403422875,14.328499999999998,0.0288611892175,0.01,-1.0,0.001,0.01,True,False,False,HEM,0.0,2.0172412,0.505673,-2.4716897,0.0512244999999995,0.91638914,0.91638914,0.0819546508163685,0.0739655247715687
11000000.0,3900000.0,3500000.0,303000.0,439300.0,0.01,0.05,0.0085,0.0064,4.0,30.0,0.047584,40.0,0.05,0.02917015,0.1183126698925,15.9205,0.1881168388424999,0.01,-1.0,0.001,0.01,True,True,False,HEM,0.0,2.0510497,1.0069805,-3.0580526,-2.239999999975595e-05,0.9999375,0.9999375,0.0299924853217285,0.1448646039643522
11000000.0,3900000.0,3500000.0,303000.0,439300.0,0.01,0.05,0.0085,0.0064,4.0,30.0,0.01936,40.0,0.05,0.02283745,0.1907303892925,1.9905,0.1821800480125,0.01,-1.0,0.001,0.01,True,False,False,HEM,0.0,2.0245765,3.0899761,-5.1148494,-0.0002968,0.99999816,0.99999816,0.0238599884941708,0.4503377314366303
11000000.0,3900000.0,3500000.0,303000.0,439300.0,0.01,0.05,0.0085,0.0064,4.0,30.0,0.025696,40.0,0.05,0.05162245,0.5136459586225,0.7965,0.4257277640275,0.01,-1.0,0.001,0.01,True,False,False,HEM,0.0,2.0565817,-9.4223802,7.3792199,0.0134214000000012,0.99999998,0.99999998,0.0850224768831684,-1.3518610781066331
11000000.0,3900000.0,3500000.0,303000.0,439300.0,0.01,0.05,0.0085,0.0064,4.0,30.0,0.0136,40.0,0.05,0.01765615,0.1421664369925,6.9655,0.0868797344975,0.01,-1.0,0.001,0.01,True,False,False,HEM,0.0,2.0127595,1.5814399,-3.5940247,0.0001747,0.99937141,0.99937141,0.0808378724381258,0.2318345793381266
11000000.0,3900000.0,3500000.0,303000.0,439300.0,0.01,0.05,0.0085,0.0064,4.0,30.0,0.0568,40.0,0.05,0.04471405,0.4270392988225001,10.1495,0.1356065351375,0.01,-1.0,0.001,0.01,True,False,False,HEM,0.0,2.0666702,-4.3436498,2.2766724,-0.0003071999999999,0.99999996,0.99999996,0.1538922782577905,-0.6201561192511174
11000000.0,3900000.0,3500000.0,303000.0,439300.0,0.01,0.05,0.0085,0.0064,4.0,30.0,0.008416,40.0,0.05,0.01477765,0.0791291435725,8.756499999999999,0.1192135191975,0.01,-1.0,0.001,0.01,True,False,False,HEM,0.0,2.0025971,0.93230739,-2.9351454,-0.00024091,0.99996704,0.99996704,0.0551297191992301,0.1373671698798168
11000000.0,3900000.0,3500000.0,303000.0,439300.0,0.01,0.05,0.0085,0.0064,4.0,30.0,0.012448,40.0,0.05,0.04586545,0.4105439362225,4.5775,0.1473450513975,0.01,-1.0,0.001,0.01,True,False,False,HEM,0.0,2.0433721,-7.6762868,5.6334626,0.0005478999999999,0.99999997,0.99999997,0.1099602796718751,-1.1084628441889977
11000000.0,3900000.0,3500000.0,303000.0,439300.0,0.01,0.05,0.0085,0.0064,4.0,30.0,0.038368,40.0,0.05,0.04125985,0.2662725049675,3.1845,0.2920475332625,0.01,-1.0,0.001,0.01,True,True,False,HEM,0.0,2.0557026,-3.7319463,1.6762537,9.999999999843467e-06,0.99999997,0.99999997,0.1918359953335142,-0.5356640588468667
11000000.0,3900000.0,3500000.0,303000.0,439300.0,0.01,0.05,0.0085,0.0064,4.0,30.0,0.03952,40.0,0.05,0.0268673499999999,0.0901842903775,6.7665,0.1032203285975,0.01,-1.0,0.001,0.01,True,True,False,HEM,0.0,2.0440895,2.332974,-4.3771026,-3.909999999951452e-05,0.99984797,0.99984797,0.019649040635238,0.3367653485281242
11000000.0,3900000.0,3500000.0,303000.0,439300.0,0.01,0.05,0.0085,0.0064,4.0,30.0,0.050464,40.0,0.05,0.03722995,0.0431439275575,15.1245,0.3371562886975001,0.01,-1.0,0.001,0.01,True,True,False,HEM,0.0,2.0596023,-3.8909178,1.8313021,-1.340000000005226e-05,0.99999999,0.99999999,0.1351887027006598,-0.5574245536490356
11000000.0,3900000.0,3500000.0,303000.0,439300.0,0.01,0.05,0.0085,0.0064,4.0,30.0,0.061984,40.0,0.05,0.01995895,0.1128548889325,11.1445,0.0551475767975,0.01,-1.0,0.001,0.01,True,False,False,HEM,0.0,2.0525721,2.2065009,-4.2592044,-0.0001313999999998,0.99724838,0.99724838,0.0324230746085664,0.3171926348402313
11000000.0,3900000.0,3500000.0,303000.0,439300.0,0.01,0.05,0.0085,0.0064,4.0,30.0,0.055648,40.0,0.05,0.05219815,0.5141596072225001,3.7815,0.1864596215225,0.01,-1.0,0.001,0.01,True,False,False,HEM,0.0,2.0685177,-8.0692916,6.0005506,-0.0002232999999991,0.99999998,0.99999998,0.0818790660894425,-1.1510483731677523
11000000.0,3900000.0,3500000.0,303000.0,439300.0,0.01,0.05,0.0085,0.0064,4.0,30.0,0.029152,40.0,0.05,0.02053465,0.0709790444575,18.9055,0.1711942968525,0.01,-1.0,0.001,0.01,True,True,False,HEM,0.0,2.0298205,1.7035138,-3.7333209,1.3400000000274304e-05,0.99977518,0.99977518,0.0244909233650051,0.2476312379361361
11000000.0,3900000.0,3500000.0,303000.0,439300.0,0.01,0.05,0.0085,0.0064,4.0,30.0,0.060832,40.0,0.05,0.00902065,0.0690291710275,13.5325,0.0549298950775,0.01,-1.0,0.001,0.01,True,False,False,HEM,0.0,2.04263,-0.53889002,-1.5278086,-0.0240686199999999,0.99765665,0.99765665,0.0851927080333042,-0.0778444835333098
11000000.0,3900000.0,3500000.0,303000.0,439300.0,0.01,0.05,0.0085,0.0064,4.0,30.0,0.042976,40.0,0.05,0.05853085,0.2432454329725,5.7715,0.2406525163175,0.01,-1.0,0.001,0.01,True,False,False,HEM,0.0,2.067788,-12.534185,10.466536,0.000138999999999,0.99999998,0.99999998,0.0599971803819079,-1.7885764030760516
11000000.0,3900000.0,3500000.0,303000.0,439300.0,0.01,0.05,0.0085,0.0064,4.0,30.0,0.020512,40.0,0.05,0.04759255,0.2738594308375,19.1045,0.0544863308675,0.01,-1.0,0.001,0.01,True,True,False,HEM,0.0,2.049756,-7.8638634,5.8140871,-2.029999999919596e-05,0.99652935,0.99652935,0.1086448165133925,-1.1320124454630736
11000000.0,3900000.0,3500000.0,303000.0,439300.0,0.01,0.05,0.0085,0.0064,4.0,30.0,0.051616,40.0,0.05,0.06025795,0.4370358468625,16.3185,0.5782021463275001,0.01,-1.0,0.001,0.01,True,False,False,HEM,0.0,2.0700447,-13.041936,10.972161,0.0002697000000004,0.99999998,0.99999998,0.0547522457912987,-1.85900153362512
11000000.0,3900000.0,3500000.0,303000.0,439300.0,0.01,0.05,0.0085,0.0064,4.0,30.0,0.018784,40.0,0.05,0.02974585,0.2187108240025,17.5125,0.2185710185075,0.01,-1.0,0.001,0.01,True,False,False,HEM,0.0,2.0315728,1.8449443,-3.8766283,-0.0001112,0.99998019,0.99998019,0.0210867533002643,0.2679589556297903
11000000.0,3900000.0,3500000.0,303000.0,439300.0,0.01,0.05,0.0085,0.0064,4.0,30.0,0.058528,40.0,0.05,0.05622805,0.2842299813475,10.7465,0.3019530627074999,0.01,-1.0,0.001,0.01,True,False,False,HEM,0.0,2.0703314,-10.32649,8.256268,0.0001094000000012,0.99999999,0.99999999,0.0611929693137314,-1.471737198153124
11000000.0,3900000.0,3500000.0,303000.0,439300.0,0.01,0.05,0.0085,0.0064,4.0,30.0,0.03376,40.0,0.05,0.01823185,0.0375202357075,5.174499999999999,0.1487181120425,0.01,-1.0,0.001,0.01,True,True,False,HEM,0.0,2.0310212,1.839817,-3.8708722,-3.399999999986747e-05,0.99999793,0.99999793,0.0441965027739858,0.2672868407337539
11000000.0,3900000.0,3500000.0,303000.0,439300.0,0.01,0.05,0.0085,0.0064,4.0,30.0,0.013024,40.0,0.05,0.00844495,0.0536562565675,16.915499999999998,0.0643306733675,0.01,-1.0,0.001,0.01,True,False,False,HEM,0.0,1.9963952,-0.19078209,-1.8015154,0.0040977100000001,0.99754514,0.99754514,0.1450619070749312,-0.0281973627938993
11000000.0,3900000.0,3500000.0,303000.0,439300.0,0.01,0.05,0.0085,0.0064,4.0,30.0,0.014752,40.0,0.05,0.06313645,0.5777521834825001,11.940499999999998,0.3731080080975001,0.01,-1.0,0.001,0.01,True,False,False,HEM,0.0,2.0590357,-17.740452,15.680479,-0.0009373000000021,1.0,1.0,0.0429640270468097,-2.542249737702708
11000000.0,3900000.0,3500000.0,303000.0,439300.0,0.01,0.05,0.0085,0.0064,4.0,30.0,0.011872,40.0,0.05,0.03262435,0.2561712898525,11.3435,0.0725451358775,0.01,-1.0,0.001,0.01,True,True,False,HEM,0.0,2.0293283,0.64657459,-2.6759155,-1.2610000000190524e-05,0.99916228,0.99916228,0.0357313181579396,0.0940120944426799
11000000.0,3900000.0,3500000.0,303000.0,439300.0,0.01,0.05,0.0085,0.0064,4.0,30.0,0.057376,40.0,0.05,0.00671785,0.0030871879674999,5.5725,0.0445309481875,0.01,-1.0,0.001,0.01,True,False,False,HEM,0.0,2.0382248,-0.99528453,-1.0469173,-0.0039770299999999,0.99972774,0.99972774,0.1051767762691117,-0.1440829458173064
11000000.0,3900000.0,3500000.0,303000.0,439300.0,0.01,0.05,0.0085,0.0064,4.0,30.0,0.0625599999999999,40.0,0.05,0.01420195,0.1015844180575,12.9355,0.0443477191675,0.01,-1.0,0.001,0.01,True,True,False,HEM,0.0,2.0479983,0.6402234,-2.6882436,-2.189999999968606e-05,0.99626758,0.99626758,0.0914399359575367,0.0922400136615742
11000000.0,3900000.0,3500000.0,303000.0,439300.0,0.01,0.05,0.0085,0.0064,4.0,30.0,0.049312,40.0,0.05,0.04931965,0.2739435299425,15.5225,0.2737215915175,0.01,-1.0,0.001,0.01,True,False,False,HEM,0.0,2.0663009,-7.0299073,4.9642084,0.0006020000000006,0.99999998,0.99999998,0.0919432619321125,-1.003860672034741
11000000.0,3900000.0,3500000.0,303000.0,439300.0,0.01,0.05,0.0085,0.0064,4.0,30.0,0.041248,40.0,0.05,0.05795515,0.0034744112425,7.9605,0.2330753289975,0.01,-1.0,0.001,0.01,True,False,False,HEM,0.0,2.0672532,-16.640591,15.000561,0.4272231999999984,0.99999997,0.99999997,0.0444118436023299,-2.3751578661682897
11000000.0,3900000.0,3500000.0,303000.0,439300.0,0.01,0.05,0.0085,0.0064,4.0,30.0,0.05392,40.0,0.05,0.02398885,0.0349889371675,10.5475,0.1115709419075,0.01,-1.0,0.001,0.01,True,True,False,HEM,0.0,2.0507598,1.477218,-3.5280113,-3.350000000068576e-05,0.99975714,0.99975714,0.0251579060732832,0.2125431938135031
11000000.0,3900000.0,3500000.0,303000.0,439300.0,0.01,0.05,0.0085,0.0064,4.0,30.0,0.052192,40.0,0.05,0.05450095,0.4442835692575,1.5925000000000002,0.2485815579975,0.01,-1.0,0.001,0.01,True,False,False,HEM,0.0,2.0684493,-9.4378789,7.3592027,-0.0102268999999992,0.99999997,0.99999997,0.0756710311920497,-1.3463157521110884
11000000.0,3900000.0,3500000.0,303000.0,439300.0,0.01,0.05,0.0085,0.0064,4.0,30.0,0.05104,40.0,0.05,0.03492715,0.0369861054925,8.955499999999999,0.2221034932075,0.01,-1.0,0.001,0.01,True,False,False,HEM,0.0,2.0581019,-2.6402978,0.58226467,6.877000000016231e-05,0.99999999,0.99999999,0.2240070677420131,-0.3785327389697527
11000000.0,3900000.0,3500000.0,303000.0,439300.0,0.01,0.05,0.0085,0.0064,4.0,30.0,0.0170559999999999,40.0,0.05,0.03320005,0.2839085675725,15.7215,0.0350243927475,0.01,-1.0,0.001,0.01,True,True,False,HEM,0.0,2.0337795,0.0017052259,-2.0354811,3.625899999804005e-06,0.99051556,0.99051556,0.0483086397538653,0.000247397588407
11000000.0,3900000.0,3500000.0,303000.0,439300.0,0.01,0.05,0.0085,0.0064,4.0,30.0,0.01072,40.0,0.05,0.02514025,0.0894100421125,13.7315,0.1304866965875,0.01,-1.0,0.001,0.01,True,True,False,HEM,0.0,2.0200022,0.94701761,-2.9670246,-4.789999999754713e-06,0.99963477,0.99963477,0.0293491063505694,0.1383323068646756
11000000.0,3900000.0,3500000.0,303000.0,439300.0,0.01,0.05,0.0085,0.0064,4.0,30.0,0.008992,40.0,0.05,0.0481682499999999,0.0076996947624999,0.9954999999999998,0.4318837547374999,0.01,-1.0,0.001,0.01,True,False,False,HEM,0.0,2.0431333,-10.34964,8.3065951,8.839999999921133e-05,0.99999998,0.99999998,0.079193645644224,-1.494672170467639
11000000.0,3900000.0,3500000.0,303000.0,439300.0,0.01,0.05,0.0085,0.0064,4.0,30.0,0.046432,40.0,0.05,0.04874395,0.4411790542525,13.1345,0.2486160797775,0.01,-1.0,0.001,0.01,True,False,False,HEM,0.0,2.0648983,-6.8017585,4.7373371,0.0004768999999997,0.99999998,0.99999998,0.1054460053418007,-0.9719411021133002
11000000.0,3900000.0,3500000.0,303000.0,439300.0,0.01,0.05,0.0085,0.0064,4.0,30.0,0.043552,40.0,0.05,0.05277385,0.3616671101275,3.3835,0.3782908728775,0.01,-1.0,0.001,0.01,True,False,False,HEM,0.0,2.0659015,-9.0861765,7.0198869,-0.0003881000000003,0.99999999,0.99999999,0.0808527385962875,-1.2977438061721431
11000000.0,3900000.0,3500000.0,303000.0,439300.0,0.01,0.05,0.0085,0.0064,4.0,30.0,0.053344,40.0,0.05,0.02456455,0.0603686098525,7.363499999999999,0.0435811963825,0.01,-1.0,0.001,0.01,True,True,False,HEM,0.0,2.0509095,2.1034129,-4.1543427,-2.030000000008414e-05,0.98807293,0.98807293,0.019517669799861,0.3026184783986277
11000000.0,3900000.0,3500000.0,303000.0,439300.0,0.01,0.05,0.0085,0.0064,4.0,30.0,0.034912,40.0,0.05,0.01650475,0.1164071765125,1.1945,0.1034707534624999,0.01,-1.0,0.001,0.01,True,False,True,HEM,0.0,,,,,,,,
11000000.0,3900000.0,3500000.0,303000.0,439300.0,0.01,0.05,0.0085,0.0064,4.0,30.0,0.011296,40.0,0.05,0.04010845,0.0665138480574999,13.9305,0.3704356279324999,0.01,-1.0,0.001,0.01,True,True,False,HEM,0.0,2.0366539,-7.2907379,5.2540813,-2.69999999957804e-06,0.99999997,0.99999997,0.1087648777410013,-1.0562620087847243
11000000.0,3900000.0,3500000.0,303000.0,439300.0,0.01,0.05,0.0085,0.0064,4.0,30.0,0.019936,40.0,0.05,0.02859445,0.1074079028124999,10.9455,0.1047143056224999,0.01,-1.0,0.001,0.01,True,True,False,HEM,0.0,2.0310493,0.57626293,-2.6073192,-6.970000000272592e-06,0.99950453,0.99950453,0.0370146172686209,0.0837177648583579
11000000.0,3900000.0,3500000.0,303000.0,439300.0,0.01,0.05,0.0085,0.0064,4.0,30.0,0.033184,40.0,0.05,0.05334955,0.1630869068725,9.552499999999998,0.4735439431875,0.01,-1.0,0.001,0.01,True,False,False,HEM,0.0,2.0622383,-10.687896,8.6255771,-8.060000000043033e-05,1.0,1.0,0.0742333414821158,-1.5292228468212494
11000000.0,3900000.0,3500000.0,303000.0,439300.0,0.01,0.05,0.0085,0.0064,4.0,30.0,0.04816,40.0,0.05,0.02801875,0.0520630403125,7.562499999999999,0.1932859459375,0.01,-1.0,0.001,0.01,True,True,False,HEM,0.0,2.0503513,0.81136616,-2.8617191,-1.6400000002469994e-06,0.99998833,0.99998833,0.0334551891031342,0.1167632082729989
11000000.0,3900000.0,3500000.0,303000.0,439300.0,0.01,0.05,0.0085,0.0064,4.0,30.0,0.054496,40.0,0.05,0.03838135,0.0329753368525,0.5975,0.3303310078425,0.01,-1.0,0.001,0.01,True,False,False,HEM,0.0,2.0629098,-2.0009878,-0.064465036,-0.0025430359999999,0.99999997,0.99999997,0.2986412573234674,-0.2862078944536058
11000000.0,3900000.0,3500000.0,303000.0,439300.0,0.01,0.05,0.0085,0.0064,4.0,30.0,0.029728,40.0,0.05,0.04644115,0.2069208658825,5.3735,0.2201705259775,0.01,-1.0,0.001,0.01,True,False,False,HEM,0.0,2.054502,-6.7231674,4.6685737,-9.170000000047196e-05,0.99999997,0.99999997,0.1143261790997425,-0.9655722223889696
11000000.0,3900000.0,3500000.0,303000.0,439300.0,0.01,0.05,0.0085,0.0064,4.0,30.0,0.03664,40.0,0.05,0.04356265,0.0765940293625,6.169499999999999,0.0537889820875,0.01,-1.0,0.001,0.01,True,True,False,HEM,0.0,2.0565037,-7.7372482,5.6807309,-1.359999999905881e-05,0.99413336,0.99413336,0.0314044365844558,-1.1101315369199285
11000000.0,3900000.0,3500000.0,303000.0,439300.0,0.01,0.05,0.0085,0.0064,4.0,30.0,0.049888,40.0,0.05,0.05104675,0.4926190038625001,8.5575,0.2970742186375,0.01,-1.0,0.001,0.01,True,False,False,HEM,0.0,2.0670462,-7.8145494,5.7470478,-0.0004553999999998,0.99999997,0.99999997,0.0863299667884818,-1.1155040833073215
11000000.0,3900000.0,3500000.0,303000.0,439300.0,0.01,0.05,0.0085,0.0064,4.0,30.0,0.044704,40.0,0.05,0.00959635,0.0216661592125,10.3485,0.0127118050275,0.01,-1.0,0.001,0.01,True,False,False,HEM,0.0,2.0310724,-0.21784671,-1.8116331,0.0015925899999997,0.7876354,0.7876354,0.087261462748551,-0.0316477622823345
11000000.0,3900000.0,3500000.0,303000.0,439300.0,0.01,0.05,0.0085,0.0064,4.0,30.0,0.028,40.0,0.05,0.01017205,0.0483706407625,4.378499999999999,0.0692569110275,0.01,-1.0,0.001,0.01,True,False,False,HEM,0.0,2.0170698,0.059719563,-2.0647975,0.0119918629999995,0.99949298,0.99949298,0.143290300811705,0.0087360095673187
11000000.0,3900000.0,3500000.0,303000.0,439300.0,0.01,0.05,0.0085,0.0064,4.0,30.0,0.0308799999999999,40.0,0.05,0.05047105,0.4164744868375001,14.925499999999998,0.3890081414275,0.01,-1.0,0.001,0.01,True,False,False,HEM,0.0,2.0586787,-8.6976863,6.6392798,0.0002721999999986,0.99999996,0.99999996,0.0870322011346336,-1.2466156528425312
11000000.0,3900000.0,3500000.0,303000.0,439300.0,0.01,0.05,0.0085,0.0064,4.0,30.0,0.0274239999999999,40.0,0.05,0.01305055,0.0425023787125,19.9005,0.0630439444125,0.01,-1.0,0.001,0.01,True,False,False,HEM,0.0,2.0203212,0.58131118,-2.5985542,0.0030781800000001,0.99026629,0.99026629,0.0758900658157085,0.0848996033913292
11000000.0,3900000.0,3500000.0,303000.0,439300.0,0.01,0.05,0.0085,0.0064,4.0,30.0,0.015328,40.0,0.05,0.0113234499999999,0.0900446405725,18.1095,0.1076356201475,0.01,-1.0,0.001,0.01,True,False,False,HEM,0.0,2.0053353,0.30406567,-2.2289812,0.0804197699999997,0.99905441,0.99905441,0.1009640269463951,0.0447401872944765
11000000.0,3900000.0,3500000.0,303000.0,439300.0,0.01,0.05,0.0085,0.0064,4.0,30.0,0.037216,40.0,0.05,0.05968225,0.0572382618625,16.517500000000002,0.1005198295625,0.01,-1.0,0.001,0.01,True,True,False,HEM,0.0,2.0667969,-20.030462,17.963672,6.899999998921658e-06,0.98820725,0.98820725,0.0169396920114735,-2.859634788960044
11000000.0,3900000.0,3500000.0,303000.0,439300.0,0.01,0.05,0.0085,0.0064,4.0,30.0,0.024544,40.0,0.05,0.03780565,0.1722217482925,14.726499999999998,0.0976614453625,0.01,-1.0,0.001,0.01,True,False,False,HEM,0.0,2.044017,-3.4955786,1.4511302,-0.0004313999999998,0.99999997,0.99999997,0.0977541363436565,-0.5046054948395599
11000000.0,3900000.0,3500000.0,303000.0,439300.0,0.01,0.05,0.0085,0.0064,4.0,30.0,0.047008,40.0,0.05,0.04241125,0.0152532060625,0.1995,0.3688273150625,0.01,-1.0,0.001,0.01,True,False,False,HEM,0.0,2.0608046,10.034959,367.23016,379.3259236,0.99919346,0.99919346,0.0702683176777234,1.4367995863867944
11000000.0,3900000.0,3500000.0,303000.0,439300.0,0.01,0.05,0.0085,0.0064,4.0,30.0,0.032608,40.0,0.05,0.03147295,0.0836346436825,16.7165,0.1039378437274999,0.01,-1.0,0.001,0.01,True,True,False,HEM,0.0,2.043616,-1.8082634,-0.23534973,2.8700000001269377e-06,0.99985789,0.99985789,0.0189599202303387,-0.2610837276936962
11000000.0,3900000.0,3500000.0,303000.0,439300.0,0.01,0.05,0.0085,0.0064,4.0,30.0,0.017632,40.0,0.05,0.02226175,0.1547870608375,5.970499999999999,0.0314903584625,0.01,-1.0,0.001,0.01,True,True,False,HEM,0.0,2.0223669,2.4029295,-4.4253344,-3.799999999909432e-05,0.97579873,0.97579873,0.0202631796971957,0.3505891629712389
11000000.0,3900000.0,3500000.0,303000.0,439300.0,0.01,0.05,0.0085,0.0064,4.0,30.0,0.040096,40.0,0.05,0.02629165,0.2484705529075,8.3585,0.1128266722275,0.01,-1.0,0.001,0.01,True,False,False,HEM,0.0,2.0439669,3.2228905,-5.2695318,-0.0026744,0.99981724,0.99981724,0.0177048809287053,0.4652529105705353
11000000.0,3900000.0,3500000.0,303000.0,439300.0,0.01,0.05,0.0085,0.0064,4.0,30.0,0.023968,40.0,0.05,0.05737945,0.2269959731725,1.7915,0.4164629170725,0.01,-1.0,0.001,0.01,True,False,False,HEM,0.0,2.0598037,-13.107916,11.044001,-0.0041112999999999,0.99999999,0.99999999,0.060991679655311,-1.8776957472458125
11000000.0,3900000.0,3500000.0,303000.0,439300.0,0.01,0.05,0.0085,0.0064,4.0,30.0,0.0424,40.0,0.05,0.04298695,0.2602408459525,9.3535,0.0839943509525,0.01,-1.0,0.001,0.01,True,False,False,HEM,0.0,2.059552,-4.3282538,2.2682678,-0.0004339999999998,0.99999999,0.99999999,0.15134991494387,-0.6200937647130929
11000000.0,3900000.0,3500000.0,303000.0,439300.0,0.01,0.05,0.0085,0.0064,4.0,30.0,0.021088,40.0,0.05,0.03607855,0.3517748821374999,2.3885,0.2845641513425,0.01,-1.0,0.001,0.01,True,True,False,HEM,0.0,2.0397685,-1.9768439,-0.062972792,-4.819199999989143e-05,0.99999996,0.99999996,0.3619417264277944,-0.2859623801510241
11000000.0,3900000.0,3500000.0,303000.0,439300.0,0.01,0.05,0.0085,0.0064,4.0,30.0,0.021664,40.0,0.05,0.01592905,0.1043902327225,9.1545,0.1499823596325,0.01,-1.0,0.001,0.01,True,False,False,HEM,0.0,2.0185611,1.1962929,-3.2153044,-0.0004504,0.99997458,0.99997458,0.086431377681555,0.1748690829553292
11000000.0,3900000.0,3500000.0,303000.0,439300.0,0.01,0.05,0.0085,0.0064,4.0,30.0,0.060256,40.0,0.05,0.06083365,0.5323704795625,4.776499999999999,0.4579405087875,0.01,-1.0,0.001,0.01,True,False,False,HEM,0.0,2.0725663,-13.526984,10.248642,-1.2057757000000002,0.99999997,0.99999997,0.0590847421515111,-1.9257945400187149
11000000.0,3900000.0,3500000.0,303000.0,439300.0,0.01,0.05,0.0085,0.0064,4.0,30.0,0.052768,40.0,0.05,0.01362625,0.0852151609374999,6.368499999999999,0.0609250076875,0.01,-1.0,0.001,0.01,True,False,False,HEM,0.0,2.0411021,0.56619618,-2.6073581,-5.982000000015475e-05,0.99921873,0.99921873,0.0986284846012102,0.0818501750162755
11000000.0,3900000.0,3500000.0,303000.0,439300.0,0.01,0.05,0.0085,0.0064,4.0,30.0,0.018208,40.0,0.05,0.04701685,0.2188798926475,1.3935,0.2567143518425,0.01,-1.0,0.001,0.01,True,False,False,HEM,0.0,2.0479997,-7.7347744,5.6866995,-7.520000000038607e-05,0.99999995,0.99999995,0.106241182905295,-1.1143847735200991
11000000.0,3900000.0,3500000.0,303000.0,439300.0,0.01,0.05,0.0085,0.0064,4.0,30.0,0.032032,40.0,0.05,0.05680375,0.2474172536874999,8.1595,0.1212050015625,0.01,-1.0,0.001,0.01,True,False,False,HEM,0.0,2.0635131,-12.318949,10.255568,0.0001321,0.99996962,0.99996962,0.0619907525282425,-1.7615048121096637
11000000.0,3900000.0,3500000.0,303000.0,439300.0,0.01,0.05,0.0085,0.0064,4.0,30.0,0.057952,40.0,0.05,0.03204865,0.0179296172425,13.3335,0.0943143696525,0.01,-1.0,0.001,0.01,True,True,False,HEM,0.0,2.0600068,-2.1988955,0.13888682,-1.8799999998708736e-06,0.99966173,0.99966173,0.0197976358031575,-0.3149585072964305
11000000.0,3900000.0,3500000.0,303000.0,439300.0,0.01,0.05,0.0085,0.0064,4.0,30.0,0.059104,40.0,0.05,0.04528975,0.1339240552375,3.9805,0.3816454008125001,0.01,-1.0,0.001,0.01,True,False,False,HEM,0.0,2.0674524,-4.8737486,2.8060788,-0.0002173999999999,0.99999998,0.99999998,0.1209180177468468,-0.6955766763042526
11000000.0,3900000.0,3500000.0,303000.0,439300.0,0.01,0.05,0.0085,0.0064,4.0,30.0,0.056224,40.0,0.05,0.0406841499999999,0.0959189862474999,9.751499999999998,0.3976977372874999,0.01,-1.0,0.001,0.01,True,False,False,HEM,0.0,2.0645935,-3.7217758,1.6566012,-0.0005811,0.99999996,0.99999996,0.157696048715751,-0.5319037582568857
11000000.0,3900000.0,3500000.0,303000.0,439300.0,0.01,0.05,0.0085,0.0064,4.0,30.0,0.022816,40.0,0.05,0.02111035,0.1594348628575,12.5375,0.1266504893075,0.01,-1.0,0.001,0.01,True,False,False,HEM,0.0,2.0251523,2.3818977,-4.4069789,7.109999999954653e-05,0.99984023,0.99984023,0.031344723269027,0.347042627251013
11000000.0,3900000.0,3500000.0,303000.0,439300.0,0.01,0.05,0.0085,0.0064,4.0,30.0,0.006688,40.0,0.05,0.00786925,0.0413509414375,7.164499999999999,0.0415516073124999,0.01,-1.0,0.001,0.01,True,False,False,HEM,0.0,1.9858722,-0.3831462,-1.6230111,-0.0202850999999999,0.99703184,0.99703184,0.1407664882699304,-0.0569286170015783
11000000.0,3900000.0,3500000.0,303000.0,439300.0,0.01,0.05,0.0085,0.0064,4.0,30.0,0.009568,40.0,0.05,0.06140935,0.0404902549225,11.741499999999998,0.2414462118625,0.01,-1.0,0.001,0.01,True,False,False,HEM,0.0,2.0550981,-22.386832,20.440447,0.10871309999999923,0.99999999,0.99999999,0.0298298046966851,-3.2142339900794403
