ID,Pm,Po,Ps,hm,hs,Lmotive,DmotiveIn,DmotiveOut,Dthroat,alphaMotiveDiff,alphaMotiveConv,ThicknessNozzle,Lmch,alphaSuction,Dmix,Lmix,alphadiff, DdiffOut,Loutlet,ConvergenceIndicator,CrashIndicator,Experiment_model_type,mfr_m,mfr_s,mfr_o,mfr_err,uni_alpha,uni_vel,ds1
0,13945833.333333334,6575166.666666667,5441500.0,334450.0,420666.6666666667,0.017294601431235054,0.01,0.00152,0.00141,3.0,35.0,0.0012,0.0042,42.0,0.004,0.026,6.0,0.012,0.02,1,0,HEM,0.11357675,0.089962571,-0.2035462,-6.8790000000151785e-06,0.99999974,0.93445828,0.0026205390751996957
1,11627500.0,4741500.0,3668500.0,289150.0,398000.0,0.017294601431235054,0.01,0.00152,0.00141,3.0,35.0,0.0012,0.0042,42.0,0.004,0.026,6.0,0.012,0.02,1,0,HEM,0.11686495,0.04670817,-0.16359252,-1.940000000000275e-05,0.99999945,0.95819517,0.0023016373709453548
2,12450833.333333334,5718833.333333333,5000500.0,320650.0,451600.0,0.017294601431235054,0.01,0.00152,0.00141,3.0,35.0,0.0012,0.0042,42.0,0.004,0.026,6.0,0.012,0.02,1,0,HEM,0.10669568,0.11741505,-0.22411073,0.0,0.99999971,0.97084189,0.002582266053305234
3,9309166.666666666,5069166.666666667,4271500.0,297550.0,418266.6666666667,0.017294601431235054,0.01,0.00152,0.00141,3.0,35.0,0.0012,0.0042,42.0,0.004,0.026,6.0,0.012,0.02,1,0,HEM,0.080588729,0.0048533967,-0.085469885,-2.7759299999999265e-05,0.99993591,0.94354023,0.010805300956329896
4,10089166.666666666,6019833.333333333,4559500.0,311650.0,407333.3333333333,0.017294601431235054,0.01,0.00152,0.00141,3.0,35.0,0.0012,0.0042,42.0,0.004,0.026,6.0,0.012,0.02,1,0,HEM,0.083946231,-0.12776361,0.043811604,-5.775000000006469e-06,0.99999998,0.99900703,0.19469108497847656
5,8117500.0,5656166.666666667,5306500.0,254950.0,436133.3333333333,0.017294601431235054,0.01,0.00152,0.00141,3.0,35.0,0.0012,0.0042,42.0,0.004,0.026,6.0,0.012,0.02,0,0,HEM,0.092123431,0.02474761,-0.098771832,0.018099209000000005,0.99992678,0.96661409,0.010127440922880735
6,10457500.0,5145166.666666667,4613500.0,335050.0,381466.6666666667,0.017294601431235054,0.01,0.00152,0.00141,3.0,35.0,0.0012,0.0042,42.0,0.004,0.026,6.0,0.012,0.02,1,0,HEM,0.078298577,0.12821343,-0.20651653,-4.523000000006272e-06,0.9999997,0.96119822,0.0009482320150196074
7,12147500.0,3278500.0,3101500.0,267250.0,396133.3333333333,0.017294601431235054,0.01,0.00152,0.00141,3.0,35.0,0.0012,0.0042,42.0,0.004,0.026,6.0,0.012,0.02,0,0,HEM,0.13784218,0.08651375,-0.19788377,0.026472160000000022,0.99999636,0.97212149,0.012916619849041995
8,10890833.333333334,4191833.3333333335,3767500.0,308350.0,431600.0,0.017294601431235054,0.01,0.00152,0.00141,3.0,35.0,0.0012,0.0042,42.0,0.004,0.026,6.0,0.012,0.02,0,0,HEM,0.096081671,0.10372143,-0.20032262,-0.0005195190000000238,0.99999981,0.97562552,0.0050846599529610625
9,13382500.0,4599833.333333333,4343500.0,338350.0,451866.6666666667,0.017294601431235054,0.01,0.00152,0.00141,3.0,35.0,0.0012,0.0042,42.0,0.004,0.026,6.0,0.012,0.02,0,0,HEM,0.10644325,0.12118325,-0.22738932,0.0002371800000000035,0.99999956,0.97372808,0.0021724801898970088
10,10999166.666666666,6162833.333333334,4982500.0,281950.0,458533.3333333333,0.017294601431235054,0.01,0.00152,0.00141,3.0,35.0,0.0012,0.0042,42.0,0.004,0.026,6.0,0.012,0.02,1,0,HEM,0.11413782,-0.024712423,-0.089419677,5.7200000000007245e-06,0.99999945,0.94549696,0.002178567422131463
11,8009166.666666667,5183833.333333333,5081500.0,292150.0,443066.6666666667,0.017294601431235054,0.01,0.00152,0.00141,3.0,35.0,0.0012,0.0042,42.0,0.004,0.026,6.0,0.012,0.02,1,0,HEM,0.063778518,0.10165167,-0.16542073,9.45800000001773e-06,0.99999583,0.98222747,0.0005739171058164634
12,11302500.0,3728166.6666666665,3560500.0,284050.0,398266.6666666667,0.017294601431235054,0.01,0.00152,0.00141,3.0,35.0,0.0012,0.0042,42.0,0.004,0.026,6.0,0.012,0.02,0,0,HEM,0.11644905,0.096461299,-0.21244149,0.00046885899999998815,0.99999971,0.97097538,0.004756859862688871
13,7879166.666666667,6024166.666666667,5072500.0,291250.0,382000.0,0.017294601431235054,0.01,0.00152,0.00141,3.0,35.0,0.0012,0.0042,42.0,0.004,0.026,6.0,0.012,0.02,1,0,HEM,0.062439072,-0.15911791,0.096678751,-8.700000000971819e-08,0.99999976,0.99910892,0.12376997890308562
14,7510833.333333333,5990166.666666667,5360500.0,283450.0,414266.6666666667,0.017294601431235054,0.01,0.00152,0.00141,3.0,35.0,0.0012,0.0042,42.0,0.004,0.026,6.0,0.012,0.02,1,0,HEM,0.060856109,-0.11410736,0.053251274,2.299999999483271e-08,0.99999998,0.99905606,0.22154893925884359
15,11324166.666666668,3184833.3333333335,2984500.0,292450.0,429200.0,0.017294601431235054,0.01,0.00152,0.00141,3.0,35.0,0.0012,0.0042,42.0,0.004,0.026,6.0,0.012,0.02,0,0,HEM,0.11110864,0.073089363,-0.18943034,-0.005232337000000004,0.9998561,0.97808304,0.000860598390904769
16,9244166.666666666,6403166.666666667,5045500.0,258550.0,396933.3333333333,0.017294601431235054,0.01,0.00152,0.00141,3.0,35.0,0.0012,0.0042,42.0,0.004,0.026,6.0,0.012,0.02,0,0,HEM,0.10722388,-0.21720826,0.14664031,0.03665593,0.99999996,0.99915311,0.18142177454361502
17,7597500.0,5198500.0,4811500.0,284950.0,385466.6666666667,0.017294601431235054,0.01,0.00152,0.00141,3.0,35.0,0.0012,0.0042,42.0,0.004,0.026,6.0,0.012,0.02,1,0,HEM,0.061372564,0.018765504,-0.080171036,-3.296800000000821e-05,0.99994815,0.94313013,0.008625537653923225
18,9222500.0,4712500.0,4199500.0,261850.0,457733.3333333333,0.017294601431235054,0.01,0.00152,0.00141,3.0,35.0,0.0012,0.0042,42.0,0.004,0.026,6.0,0.012,0.02,0,0,HEM,0.10445282,0.085178453,-0.18927272,0.0003585529999999837,0.99999664,0.97347131,0.007412484566482645
19,12212500.0,4248166.666666667,3128500.0,293650.0,438266.6666666667,0.017294601431235054,0.01,0.00152,0.00141,3.0,35.0,0.0012,0.0042,42.0,0.004,0.026,6.0,0.012,0.02,1,0,HEM,0.12055315,0.045092449,-0.16561753,2.8068999999991684e-05,0.99999748,0.96677197,0.0018111461914064706
20,11129166.666666668,5013166.666666667,4397500.0,307750.0,421733.3333333333,0.017294601431235054,0.01,0.00152,0.00141,3.0,35.0,0.0012,0.0042,42.0,0.004,0.026,6.0,0.012,0.02,0,0,HEM,0.099323805,0.11943042,-0.21894886,-0.00019463499999999856,0.9999981,0.96500514,0.006305428069907964
21,9547500.0,5259500.0,4298500.0,270850.0,453200.0,0.017294601431235054,0.01,0.00152,0.00141,3.0,35.0,0.0012,0.0042,42.0,0.004,0.026,6.0,0.012,0.02,1,0,HEM,0.10251344,-0.011732714,-0.090781237,-5.110000000085879e-07,0.99999973,0.94649797,0.001896173100510658
22,13317500.0,5437166.666666667,5171500.0,314350.0,393733.3333333333,0.017294601431235054,0.01,0.00152,0.00141,3.0,35.0,0.0012,0.0042,42.0,0.004,0.026,6.0,0.012,0.02,1,0,HEM,0.11912066,0.16389197,-0.28303006,-1.743000000004047e-05,0.99999943,0.9803024,0.0014399106950529247
23,12515833.333333334,6345833.333333334,5459500.0,265750.0,406266.6666666667,0.017294601431235054,0.01,0.00152,0.00141,3.0,35.0,0.0012,0.0042,42.0,0.004,0.026,6.0,0.012,0.02,0,0,HEM,0.14299377,-0.076107271,0.089990509,0.15687700799999998,0.99998931,0.98371054,0.14113894545927383
24,12104166.666666668,6304500.0,5063500.0,253750.0,439600.0,0.017294601431235054,0.01,0.00152,0.00141,3.0,35.0,0.0012,0.0042,42.0,0.004,0.026,6.0,0.012,0.02,0,0,0,0,0,0,0,0,0,0
25,9417500.0,5462166.666666667,4118500.0,287350.0,436400.0,0.017294601431235054,0.01,0.00152,0.00141,3.0,35.0,0.0012,0.0042,42.0,0.004,0.026,6.0,0.012,0.02,1,0,HEM,0.08878349,-0.11622517,0.02742621,-1.5469999999996598e-05,0.99999998,0.99888364,0.34302825728175
26,12234166.666666668,4898500.0,3965500.0,307150.0,391600.0,0.017294601431235054,0.01,0.00152,0.00141,3.0,35.0,0.0012,0.0042,42.0,0.004,0.026,6.0,0.012,0.02,0,0,HEM,0.11224311,0.094686517,-0.20665105,0.0002785770000000021,0.99999964,0.94757303,0.0026983750226885566
27,13534166.666666668,5289500.0,3866500.0,263650.0,445733.3333333334,0.017294601431235054,0.01,0.00152,0.00141,3.0,35.0,0.0012,0.0042,42.0,0.004,0.026,6.0,0.012,0.02,0,0,0,0,0,0,0,0,0,0
28,8355833.333333333,5603833.333333334,4703500.0,276550.0,459066.6666666667,0.017294601431235054,0.01,0.00152,0.00141,3.0,35.0,0.0012,0.0042,42.0,0.004,0.026,6.0,0.012,0.02,1,0,HEM,0.078986264,-0.09323375,0.01424037,-7.116000000003189e-06,0.99999998,0.99862753,1.0
29,9850833.333333334,6768166.666666667,5396500.0,315550.0,454266.6666666667,0.017294601431235054,0.01,0.00152,0.00141,3.0,35.0,0.0012,0.0042,42.0,0.004,0.026,6.0,0.012,0.02,1,0,HEM,0.078848435,-0.15245892,0.073609664,-8.209999999980733e-07,0.99999998,0.99910343,0.21046397808004494
30,9179166.666666666,5451833.333333333,5279500.0,296950.0,449733.3333333334,0.017294601431235054,0.01,0.00152,0.00141,3.0,35.0,0.0012,0.0042,42.0,0.004,0.026,6.0,0.012,0.02,1,0,HEM,0.078956279,0.11257387,-0.19155015,-2.000099999999172e-05,0.9999961,0.98198578,0.0010799433462712325
31,13404166.666666668,4693833.333333334,3821500.0,325450.0,459866.6666666666,0.017294601431235054,0.01,0.00152,0.00141,3.0,35.0,0.0012,0.0042,42.0,0.004,0.026,6.0,0.012,0.02,0,0,HEM,0.11349412,0.095577159,-0.20405985,0.005011429000000012,0.99998916,0.96213237,0.0031883998634861035
32,8529166.666666666,4285500.0,2876500.0,331450.0,439866.6666666667,0.017294601431235054,0.01,0.00152,0.00141,3.0,35.0,0.0012,0.0042,42.0,0.004,0.026,6.0,0.012,0.02,1,0,HEM,0.057815973,-0.10104519,0.043223182,-6.034999999994517e-06,0.99999998,0.99903785,0.20100914941273787
33,8160833.333333334,3466500.0,2813500.0,274450.0,401466.6666666667,0.017294601431235054,0.01,0.00152,0.00141,3.0,35.0,0.0012,0.0042,42.0,0.004,0.026,6.0,0.012,0.02,0,0,HEM,0.077092409,0.028512825,-0.10284914,0.0027560939999999867,0.99999533,0.94936976,0.008653590449943661
34,13252500.0,5271500.0,4730500.0,297250.0,456666.6666666667,0.017294601431235054,0.01,0.00152,0.00141,3.0,35.0,0.0012,0.0042,42.0,0.004,0.026,6.0,0.012,0.02,0,0,HEM,0.1293076,0.12358573,-0.25312451,-0.0002311799999999975,0.99999625,0.97684929,0.0029389580823765285
35,8615833.333333334,5037500.0,4874500.0,295450.0,427333.3333333334,0.017294601431235054,0.01,0.00152,0.00141,3.0,35.0,0.0012,0.0042,42.0,0.004,0.026,6.0,0.012,0.02,1,0,HEM,0.071004774,0.11134853,-0.18228983,6.347399999998005e-05,0.99999826,0.97928217,0.0012689197600025375
36,12277500.0,3224166.6666666665,2804500.0,272950.0,416400.0,0.017294601431235054,0.01,0.00152,0.00141,3.0,35.0,0.0012,0.0042,42.0,0.004,0.026,6.0,0.012,0.02,0,0,HEM,0.13534186,0.072570842,-0.17688576,0.031026942000000002,0.99999388,0.97396041,0.013780853439511015
37,7619166.666666667,5854500.0,5243500.0,306550.0,415600.0,0.017294601431235054,0.01,0.00152,0.00141,3.0,35.0,0.0012,0.0042,42.0,0.004,0.026,6.0,0.012,0.02,1,0,HEM,0.05511631,-0.089694311,0.034578067,6.599999999995498e-08,0.99999998,0.9989512,0.20111212537589207
38,10240833.333333334,3972833.3333333335,3380500.0,337150.0,391066.6666666667,0.017294601431235054,0.01,0.00152,0.00141,3.0,35.0,0.0012,0.0042,42.0,0.004,0.026,6.0,0.012,0.02,0,0,HEM,0.075060219,0.099856491,-0.1751584,-0.00024168999999998886,0.99999996,0.96150274,0.0013633457663607589
39,7814166.666666667,5530833.333333333,5036500.0,252250.0,450266.6666666667,0.017294601431235054,0.01,0.00152,0.00141,3.0,35.0,0.0012,0.0042,42.0,0.004,0.026,6.0,0.012,0.02,0,0,HEM,0.089047794,-0.048340252,-0.023101994,0.017605548,0,0.93576659,7.239496704030978e-05
40,9200833.333333334,3762500.0,3137500.0,320950.0,398800.0,0.017294601431235054,0.01,0.00152,0.00141,3.0,35.0,0.0012,0.0042,42.0,0.004,0.026,6.0,0.012,0.02,1,0,HEM,0.067974024,0.067470546,-0.13544647,-1.9000000000268802e-06,0.9999995,0.93614113,0.0026973454872390593
41,13555833.333333332,6383833.333333333,4937500.0,327250.0,421466.6666666667,0.017294601431235054,0.01,0.00152,0.00141,3.0,35.0,0.0012,0.0042,42.0,0.004,0.026,6.0,0.012,0.02,1,0,HEM,0.1139253,0.0065058496,-0.12044072,-9.570400000005752e-06,0.99999651,0.94971361,0.003480255979832091
42,10804166.666666666,4840166.666666667,3650500.0,280150.0,425733.3333333334,0.017294601431235054,0.01,0.00152,0.00141,3.0,35.0,0.0012,0.0042,42.0,0.004,0.026,6.0,0.012,0.02,0,0,HEM,0.11293279,0.0016764926,-0.11410059,0.0005086925999999992,0.99999961,0.95982636,0.0016502832012661253
43,12190833.333333332,5922500.0,4793500.0,252850.0,457200.0,0.017294601431235054,0.01,0.00152,0.00141,3.0,35.0,0.0012,0.0042,42.0,0.004,0.026,6.0,0.012,0.02,0,0,0,0,0,0,0,0,0,0
44,13165833.333333334,5557833.333333334,4307500.0,310450.0,450000.0,0.017294601431235054,0.01,0.00152,0.00141,3.0,35.0,0.0012,0.0042,42.0,0.004,0.026,6.0,0.012,0.02,0,0,HEM,0.11998103,0.04427088,-0.1647315,-0.00047959000000000196,0.99999965,0.94616198,0.0044179419991289895
45,10349166.666666668,4562833.333333333,3452500.0,256750.0,410800.0,0.017294601431235054,0.01,0.00152,0.00141,3.0,35.0,0.0012,0.0042,42.0,0.004,0.026,6.0,0.012,0.02,0,0,HEM,0.12371782,-0.037494514,-0.05197166,0.034251646,0.99959745,0.93625518,0.013730878998696957
46,9482500.0,3305500.0,3002500.0,280750.0,422533.3333333333,0.017294601431235054,0.01,0.00152,0.00141,3.0,35.0,0.0012,0.0042,42.0,0.004,0.026,6.0,0.012,0.02,0,0,HEM,0.094361961,0.077690398,-0.1711909,0.0008614589999999811,0.99999949,0.96112805,0.003341277086411099
47,8074166.666666667,4915500.0,4514500.0,275650.0,411066.6666666667,0.017294601431235054,0.01,0.00152,0.00141,3.0,35.0,0.0012,0.0042,42.0,0.004,0.026,6.0,0.012,0.02,1,0,HEM,0.074606713,0.066134716,-0.14077217,-3.0741000000000795e-05,0.99999278,0.93928396,0.0022832636772458412
48,13729166.666666668,5765166.666666667,4505500.0,302050.0,402533.3333333333,0.017294601431235054,0.01,0.00152,0.00141,3.0,35.0,0.0012,0.0042,42.0,0.004,0.026,6.0,0.012,0.02,1,0,HEM,0.1309723,0.079477121,-0.21045277,-3.3489999999858355e-06,0.99999968,0.93371809,0.0031960858958753153
49,8745833.333333334,4625833.333333334,3389500.0,314650.0,430266.6666666667,0.017294601431235054,0.01,0.00152,0.00141,3.0,35.0,0.0012,0.0042,42.0,0.004,0.026,6.0,0.012,0.02,1,0,HEM,0.064535736,-0.091703723,0.027167625,-3.620000000037482e-07,0.99999998,0.99890956,0.2521398616337699
50,12602500.0,4790833.333333334,3470500.0,334750.0,414000.0,0.017294601431235054,0.01,0.00152,0.00141,3.0,35.0,0.0012,0.0042,42.0,0.004,0.026,6.0,0.012,0.02,1,0,HEM,0.10088125,0.017774512,-0.11866723,-1.1468000000000589e-05,0.99999764,0.95897785,0.000563078267946977
51,13360833.333333334,5012833.333333333,4406500.0,314950.0,421200.0,0.017294601431235054,0.01,0.00152,0.00141,3.0,35.0,0.0012,0.0042,42.0,0.004,0.026,6.0,0.012,0.02,1,0,HEM,0.11918615,0.12476032,-0.24394562,8.499999999966867e-07,0.99999945,0.97369754,0.0028392033870771106
52,13122500.0,4087166.6666666665,2939500.0,250750.0,410266.6666666667,0.017294601431235054,0.01,0.00152,0.00141,3.0,35.0,0.0012,0.0042,42.0,0.004,0.026,6.0,0.012,0.02,0,0,0,0,0,0,0,0,0,0
53,10825833.333333334,4677833.333333334,3749500.0,278350.0,388666.6666666667,0.017294601431235054,0.01,0.00152,0.00141,3.0,35.0,0.0012,0.0042,42.0,0.004,0.026,6.0,0.012,0.02,1,0,HEM,0.11445318,0.054547501,-0.16893286,6.782099999999569e-05,0.99999949,0.96033411,0.002658902080716581
54,8680833.333333334,4368500.0,4037500.0,277450.0,386533.3333333333,0.017294601431235054,0.01,0.00152,0.00141,3.0,35.0,0.0012,0.0042,42.0,0.004,0.026,6.0,0.012,0.02,1,0,HEM,0.083953402,0.10613077,-0.19008244,1.7320000000042857e-06,0.99999937,0.97445291,0.0026997250554144925
55,13230833.333333334,4510166.666666667,3992500.0,324550.0,404400.0,0.017294601431235054,0.01,0.00152,0.00141,3.0,35.0,0.0012,0.0042,42.0,0.004,0.026,6.0,0.012,0.02,1,0,HEM,0.11232686,0.11313283,-0.22552133,-6.16400000000017e-05,0.99999701,0.9698167,0.0016842486855546915
56,8095833.333333333,4989500.0,4154500.0,265150.0,395066.6666666667,0.017294601431235054,0.01,0.00152,0.00141,3.0,35.0,0.0012,0.0042,42.0,0.004,0.026,6.0,0.012,0.02,0,0,HEM,0.083290173,-0.066001796,-0.017780769,-0.0004923920000000047,0.99999997,0.94962064,0.0012688898322384741
57,13794166.666666668,5481166.666666667,4487500.0,272650.0,438533.3333333333,0.017294601431235054,0.01,0.00152,0.00141,3.0,35.0,0.0012,0.0042,42.0,0.004,0.026,6.0,0.012,0.02,0,0,0,0,0,0,0,0,0,0
58,9764166.666666668,5623833.333333333,4667500.0,263350.0,399066.6666666667,0.017294601431235054,0.01,0.00152,0.00141,3.0,35.0,0.0012,0.0042,42.0,0.004,0.026,6.0,0.012,0.02,0,0,HEM,0.11113218,-0.25939796,0.22276691,0.07450113000000003,0.99996853,0.99911338,0.0056601429521464415
59,12537500.0,5818500.0,4325500.0,262750.0,439333.3333333333,0.017294601431235054,0.01,0.00152,0.00141,3.0,35.0,0.0012,0.0042,42.0,0.004,0.026,6.0,0.012,0.02,0,0,0,0,0,0,0,0,0,0
60,11150833.333333334,5631500.0,4586500.0,255250.0,394533.3333333333,0.017294601431235054,0.01,0.00152,0.00141,3.0,35.0,0.0012,0.0042,42.0,0.004,0.026,6.0,0.012,0.02,0,0,HEM,0.1346975,0.15698088,0.30218693,0.59386531,0.99879389,0.89829456,0.024357297074047803
61,8789166.666666666,4156166.666666667,3218500.0,259450.0,397733.3333333333,0.017294601431235054,0.01,0.00152,0.00141,3.0,35.0,0.0012,0.0042,42.0,0.004,0.026,6.0,0.012,0.02,0,0,HEM,0.099745508,-0.0078226356,-0.092211997,-0.0002891246000000097,0.99999956,0.95499043,0.0031659510001534677
62,12775833.333333334,5499166.666666667,4757500.0,322750.0,388133.3333333333,0.017294601431235054,0.01,0.00152,0.00141,3.0,35.0,0.0012,0.0042,42.0,0.004,0.026,6.0,0.012,0.02,1,0,HEM,0.10884802,0.14011369,-0.24896171,0.0,0.99999986,0.96736085,0.0015997102372341137
63,9699166.666666668,5319166.666666667,4955500.0,336250.0,405733.3333333333,0.017294601431235054,0.01,0.00152,0.00141,3.0,35.0,0.0012,0.0042,42.0,0.004,0.026,6.0,0.012,0.02,1,0,HEM,0.069044322,0.12658571,-0.19563003,1.9999999989472883e-09,0.99999966,0.96943073,0.0006079724166324811
64,13664166.666666668,3669833.3333333335,3119500.0,273250.0,412133.3333333333,0.017294601431235054,0.01,0.00152,0.00141,3.0,35.0,0.0012,0.0042,42.0,0.004,0.026,6.0,0.012,0.02,0,0,HEM,0.149767,0.094992177,-0.19079977,0.05395940699999999,0.99977388,0.96430612,0.02774974772956614
65,13469166.666666668,5016500.0,4433500.0,277150.0,415066.6666666667,0.017294601431235054,0.01,0.00152,0.00141,3.0,35.0,0.0012,0.0042,42.0,0.004,0.026,6.0,0.012,0.02,0,0,HEM,0.1451605,0.12877591,-0.23331802,0.04061839000000003,0.99998939,0.97713659,0.02300779396374084
66,12732500.0,4265500.0,4046500.0,326050.0,441733.3333333333,0.017294601431235054,0.01,0.00152,0.00141,3.0,35.0,0.0012,0.0042,42.0,0.004,0.026,6.0,0.012,0.02,0,0,HEM,0.10660753,0.11177355,-0.20860334,0.009777740000000007,0.99999845,0.96341542,0.0036530877254160607
67,8399166.666666666,3605500.0,2966500.0,286150.0,381733.3333333333,0.017294601431235054,0.01,0.00152,0.00141,3.0,35.0,0.0012,0.0042,42.0,0.004,0.026,6.0,0.012,0.02,1,0,HEM,0.073029244,0.038212158,-0.11124691,-5.5080000000151674e-06,0.99999984,0.94222933,0.0033728540839647377
68,9742500.0,3793833.3333333335,3551500.0,294850.0,398533.3333333333,0.017294601431235054,0.01,0.00152,0.00141,3.0,35.0,0.0012,0.0042,42.0,0.004,0.026,6.0,0.012,0.02,0,0,HEM,0.088736111,0.10496644,-0.19400264,-0.0003000890000000034,0.99999993,0.97842834,0.0041922920551103115
69,9157500.0,4292833.333333333,3308500.0,258850.0,384133.3333333333,0.017294601431235054,0.01,0.00152,0.00141,3.0,35.0,0.0012,0.0042,42.0,0.004,0.026,6.0,0.012,0.02,0,0,HEM,0.1057414,-0.035078544,-0.047425974,0.023236881999999993,0.99992435,0.93361287,0.01076889165357585
70,10674166.666666668,5975833.333333333,5495500.0,251350.0,423333.3333333333,0.017294601431235054,0.01,0.00152,0.00141,3.0,35.0,0.0012,0.0042,42.0,0.004,0.026,6.0,0.012,0.02,0,0,HEM,0.13169467,0.077623582,-0.16660581,0.04271244200000002,0.99989252,0.95660946,0.00437309836960247
71,11844166.666666668,4054833.3333333335,3938500.0,276250.0,445200.0,0.017294601431235054,0.01,0.00152,0.00141,3.0,35.0,0.0012,0.0042,42.0,0.004,0.026,6.0,0.012,0.02,0,0,HEM,0.12814381,0.10044279,-0.22094282,0.007643779999999989,0.99997694,0.96682475,0.005432096918660325
72,9634166.666666668,6467833.333333334,5189500.0,318850.0,443600.0,0.017294601431235054,0.01,0.00152,0.00141,3.0,35.0,0.0012,0.0042,42.0,0.004,0.026,6.0,0.012,0.02,1,0,HEM,0.074493065,-0.13561777,0.061123254,-1.450999999999536e-06,0.99999998,0.99907796,0.20305606689431982
73,12949166.666666668,5169500.0,3956500.0,332050.0,391333.3333333333,0.017294601431235054,0.01,0.00152,0.00141,3.0,35.0,0.0012,0.0042,42.0,0.004,0.026,6.0,0.012,0.02,1,0,HEM,0.10557278,0.047890079,-0.15346377,-9.109999999923346e-07,0.99999974,0.94846411,0.0008172064678329314
74,7965833.333333333,5859833.333333333,4721500.0,261250.0,431066.6666666667,0.017294601431235054,0.01,0.00152,0.00141,3.0,35.0,0.0012,0.0042,42.0,0.004,0.026,6.0,0.012,0.02,1,0,HEM,0.084200785,-0.15796715,0.073766264,-1.0100000000234921e-07,0.99999998,0.99911069,0.29402513679762665
75,9590833.333333334,5128166.666666667,3812500.0,250150.0,435866.6666666667,0.017294601431235054,0.01,0.00152,0.00141,3.0,35.0,0.0012,0.0042,42.0,0.004,0.026,6.0,0.012,0.02,0,0,0,0,0,0,0,0,0,0
76,8182500.0,5232500.0,4523500.0,291850.0,444933.3333333334,0.017294601431235054,0.01,0.00152,0.00141,3.0,35.0,0.0012,0.0042,42.0,0.004,0.026,6.0,0.012,0.02,1,0,HEM,0.066325962,-0.049297606,-0.017028192,1.6400000000041381e-07,0.99992573,0.95266589,0.003475353024791055
77,9330833.333333334,4827166.666666667,3623500.0,256450.0,426000.0,0.017294601431235054,0.01,0.00152,0.00141,3.0,35.0,0.0012,0.0042,42.0,0.004,0.026,6.0,0.012,0.02,0,0,HEM,0.11006925,-0.12138339,0.041018557,0.029704416999999997,0.99999938,0.99727363,0.009165989645341445
78,13512500.0,4965166.666666667,3677500.0,314050.0,430800.0,0.017294601431235054,0.01,0.00152,0.00141,3.0,35.0,0.0012,0.0042,42.0,0.004,0.026,6.0,0.012,0.02,1,0,HEM,0.12122906,0.051239763,-0.17246999,-1.1669999999963654e-06,0.99999961,0.95327113,0.0019030100969118328
79,8550833.333333334,3752500.0,3281500.0,257050.0,425466.6666666667,0.017294601431235054,0.01,0.00152,0.00141,3.0,35.0,0.0012,0.0042,42.0,0.004,0.026,6.0,0.012,0.02,0,0,HEM,0.097726272,0.066385922,-0.16336449,0.0007477039999999879,0.99999908,0.97436644,0.006952266769702896
80,13772500.0,4285166.666666667,3515500.0,316150.0,411866.6666666667,0.017294601431235054,0.01,0.00152,0.00141,3.0,35.0,0.0012,0.0042,42.0,0.004,0.026,6.0,0.012,0.02,0,0,HEM,0.12247427,0.088521636,-0.21050629,0.0004896159999999983,0.99993666,0.97222073,0.0014644324986452205
81,11974166.666666668,5393500.0,4208500.0,284350.0,408400.0,0.017294601431235054,0.01,0.00152,0.00141,3.0,35.0,0.0012,0.0042,42.0,0.004,0.026,6.0,0.012,0.02,0,0,HEM,0.1240952,0.033253461,-0.15563242,0.0017162410000000072,0.9999995,0.94755424,0.004985102716091238
82,11735833.333333332,4638500.0,3173500.0,254050.0,428933.3333333333,0.017294601431235054,0.01,0.00152,0.00141,3.0,35.0,0.0012,0.0042,42.0,0.004,0.026,6.0,0.012,0.02,0,0,HEM,0.1424256,-0.095723483,0.007837481,0.054539598000000016,0.99999998,0.99740357,0.03706170813290165
83,13750833.333333332,5312500.0,4001500.0,303250.0,401200.0,0.017294601431235054,0.01,0.00152,0.00141,3.0,35.0,0.0012,0.0042,42.0,0.004,0.026,6.0,0.012,0.02,1,0,HEM,0.130401,0.053884824,-0.18425139,3.4433999999999854e-05,0.99995878,0.93532264,0.007077123611276544
84,11497500.0,5070500.0,4865500.0,276850.0,424666.6666666667,0.017294601431235054,0.01,0.00152,0.00141,3.0,35.0,0.0012,0.0042,42.0,0.004,0.026,6.0,0.012,0.02,1,0,HEM,0.12369466,0.13247644,-0.25615889,1.2210000000012489e-05,0.99999748,0.98427355,0.0027280080022093604
85,10284166.666666666,4563833.333333333,4055500.0,299350.0,409200.0,0.017294601431235054,0.01,0.00152,0.00141,3.0,35.0,0.0012,0.0042,42.0,0.004,0.026,6.0,0.012,0.02,1,0,HEM,0.09351558,0.10997067,-0.20348625,0.0,0.99999895,0.9682368,0.0027864041923472602
86,8984166.666666666,6554166.666666667,5252500.0,330550.0,386266.6666666667,0.017294601431235054,0.01,0.00152,0.00141,3.0,35.0,0.0012,0.0042,42.0,0.004,0.026,6.0,0.012,0.02,1,0,HEM,0.062535871,-0.17752537,0.11498942,-7.899999998617346e-08,0.99999973,0.99913687,0.06858099422606351
87,11822500.0,6310833.333333333,5270500.0,316750.0,391866.6666666667,0.017294601431235054,0.01,0.00152,0.00141,3.0,35.0,0.0012,0.0042,42.0,0.004,0.026,6.0,0.012,0.02,1,0,HEM,0.10218216,0.027316938,-0.12949915,-5.200000002814065e-08,0.99999969,0.94490005,0.001951731236348389
88,8897500.0,4242833.333333333,4028500.0,262450.0,403866.6666666667,0.017294601431235054,0.01,0.00152,0.00141,3.0,35.0,0.0012,0.0042,42.0,0.004,0.026,6.0,0.012,0.02,0,0,HEM,0.099083496,0.11551469,-0.21420987,0.00038831599999999966,0.99999913,0.98294083,0.0036868424359121476
89,11519166.666666668,5518500.0,4739500.0,255550.0,444400.0,0.017294601431235054,0.01,0.00152,0.00141,3.0,35.0,0.0012,0.0042,42.0,0.004,0.026,6.0,0.012,0.02,0,0,HEM,0.13827509,-0.22925591,0.18743874,0.09645791999999997,0.99999998,0.99913564,0.11125109151003942
90,9525833.333333334,5301500.0,3920500.0,251950.0,448666.6666666667,0.017294601431235054,0.01,0.00152,0.00141,3.0,35.0,0.0012,0.0042,42.0,0.004,0.026,6.0,0.012,0.02,0,0,HEM,0.11618802,-0.13106097,0.039253219,0.024380269000000003,0.99999998,0.99882513,0.45822369061625856
91,12125833.333333332,4766166.666666667,3884500.0,325150.0,395333.3333333333,0.017294601431235054,0.01,0.00152,0.00141,3.0,35.0,0.0012,0.0042,42.0,0.004,0.026,6.0,0.012,0.02,0,0,HEM,0.10092508,0.10019797,-0.20125682,-0.00013377000000000527,0.99999893,0.94114434,0.0019473418951150463
92,11692500.0,4452166.666666667,3542500.0,269950.0,438800.0,0.017294601431235054,0.01,0.00152,0.00141,3.0,35.0,0.0012,0.0042,42.0,0.004,0.026,6.0,0.012,0.02,0,0,HEM,0.13076957,0.064475861,-0.16429867,0.03094676099999999,0.99998864,0.93846707,0.026394351290214706
93,10652500.0,4701833.333333334,3479500.0,285550.0,446533.3333333334,0.017294601431235054,0.01,0.00152,0.00141,3.0,35.0,0.0012,0.0042,42.0,0.004,0.026,6.0,0.012,0.02,0,0,HEM,0.10737013,-0.026552103,-0.069963431,0.01085459599999998,0.9999827,0.93928367,0.004357356352638949
94,8810833.333333334,4595833.333333333,4073500.0,266350.0,436666.6666666667,0.017294601431235054,0.01,0.00152,0.00141,3.0,35.0,0.0012,0.0042,42.0,0.004,0.026,6.0,0.012,0.02,0,0,HEM,0.0945596,0.070287347,-0.16409558,0.0007513670000000028,0.99999602,0.95793976,0.005716702244371491
95,8485833.333333334,4387166.666666667,2903500.0,339850.0,414533.3333333333,0.017294601431235054,0.01,0.00152,0.00141,3.0,35.0,0.0012,0.0042,42.0,0.004,0.026,6.0,0.012,0.02,1,0,HEM,0.055771465,-0.11134367,0.055569021,-3.1840000000032953e-06,0.99999993,0.99907004,0.13111861329654115
96,9937500.0,5627833.333333333,5315500.0,254350.0,435333.3333333333,0.017294601431235054,0.01,0.00152,0.00141,3.0,35.0,0.0012,0.0042,42.0,0.004,0.026,6.0,0.012,0.02,0,0,HEM,0.12003238,0.1026544,-0.17540567,0.04728110999999999,0.99999123,0.97097382,0.012072931117721028
97,12407500.0,6099500.0,4802500.0,287950.0,424933.3333333334,0.017294601431235054,0.01,0.00152,0.00141,3.0,35.0,0.0012,0.0042,42.0,0.004,0.026,6.0,0.012,0.02,1,0,HEM,0.12653336,0.017707728,-0.14428513,-4.404199999999414e-05,0.99998498,0.94360933,0.0039227491340725965
98,13144166.666666668,3721166.6666666665,3497500.0,335350.0,387333.3333333333,0.017294601431235054,0.01,0.00152,0.00141,3.0,35.0,0.0012,0.0042,42.0,0.004,0.026,6.0,0.012,0.02,0,0,HEM,0.1057441,0.097135588,-0.21494725,-0.012067562000000004,0.99999774,0.96848243,0.0017037352088350817
99,11865833.333333332,4855833.333333333,4235500.0,338050.0,397466.6666666667,0.017294601431235054,0.01,0.00152,0.00141,3.0,35.0,0.0012,0.0042,42.0,0.004,0.026,6.0,0.012,0.02,1,0,HEM,0.092138596,0.12695063,-0.2190892,2.6000000014070324e-08,0.99999979,0.96806131,0.0012096887405903627
100,10977500.0,4369166.666666667,3641500.0,286750.0,433466.6666666667,0.017294601431235054,0.01,0.00152,0.00141,3.0,35.0,0.0012,0.0042,42.0,0.004,0.026,6.0,0.012,0.02,0,0,HEM,0.11067432,0.07640049,-0.17748108,0.009593729999999995,0.99999485,0.93221281,0.008426624462875069
101,9720833.333333334,4874500.0,3731500.0,258250.0,407866.6666666667,0.017294601431235054,0.01,0.00152,0.00141,3.0,35.0,0.0012,0.0042,42.0,0.004,0.026,6.0,0.012,0.02,0,0,HEM,0.11425201,-0.095818156,0.017681348,0.036115202,0.99999984,0.9963656,0.010551578804098561
102,10695833.333333334,4207833.333333333,3083500.0,279550.0,452133.3333333334,0.017294601431235054,0.01,0.00152,0.00141,3.0,35.0,0.0012,0.0042,42.0,0.004,0.026,6.0,0.012,0.02,0,0,HEM,0.11192359,0.0020386563,-0.098298534,0.015663712299999993,0.99998916,0.95682346,0.002689785762955112
103,13425833.333333334,4321833.333333333,3785500.0,264550.0,419066.6666666667,0.017294601431235054,0.01,0.00152,0.00141,3.0,35.0,0.0012,0.0042,42.0,0.004,0.026,6.0,0.012,0.02,0,0,0,0,0,0,0,0,0,0
104,12559166.666666668,4580166.666666667,3110500.0,335650.0,392933.3333333333,0.017294601431235054,0.01,0.00152,0.00141,3.0,35.0,0.0012,0.0042,42.0,0.004,0.026,6.0,0.012,0.02,1,0,HEM,0.10002631,-0.0020299469,-0.098043069,-4.670589999999919e-05,0.99999849,0.96232882,0.00988185616531929
105,8572500.0,5346500.0,4469500.0,290650.0,442800.0,0.017294601431235054,0.01,0.00152,0.00141,3.0,35.0,0.0012,0.0042,42.0,0.004,0.026,6.0,0.012,0.02,1,0,HEM,0.073087907,-0.07170027,-0.0013876007,3.6299999997199683e-08,0.99999998,0.95545285,0.42064345449265417
106,10067500.0,4984166.666666667,4424500.0,293350.0,455333.3333333333,0.017294601431235054,0.01,0.00152,0.00141,3.0,35.0,0.0012,0.0042,42.0,0.004,0.026,6.0,0.012,0.02,0,0,HEM,0.09433121,0.10555112,-0.20069511,-0.0008127800000000129,0.99999828,0.97169372,0.00902781652960084
107,12364166.666666666,5334166.666666667,4550500.0,270550.0,455066.6666666667,0.017294601431235054,0.01,0.00152,0.00141,3.0,35.0,0.0012,0.0042,42.0,0.004,0.026,6.0,0.012,0.02,0,0,HEM,0.13794979,-0.11267403,0.078166048,0.103441808,0.9999999,0.99854948,0.15309083347954502
108,8312500.0,6872166.666666667,5486500.0,289450.0,405200.0,0.017294601431235054,0.01,0.00152,0.00141,3.0,35.0,0.0012,0.0042,42.0,0.004,0.026,6.0,0.012,0.02,1,0,HEM,0.069579688,-0.23432834,0.16475537,6.718000000016655e-06,0.99999998,0.99914766,0.1183458391312743
109,12299166.666666668,3519500.0,3146500.0,301450.0,399866.6666666667,0.017294601431235054,0.01,0.00152,0.00141,3.0,35.0,0.0012,0.0042,42.0,0.004,0.026,6.0,0.012,0.02,0,0,HEM,0.11648402,0.078501357,-0.20023218,-0.005246803000000022,0.99997722,0.97454694,0.0007303255218892626
110,11800833.333333332,6113166.666666667,4685500.0,282850.0,440666.6666666667,0.017294601431235054,0.01,0.00152,0.00141,3.0,35.0,0.0012,0.0042,42.0,0.004,0.026,6.0,0.012,0.02,0,0,HEM,0.12311709,-0.038140119,-0.08473665,0.00024032100000000167,0.99999964,0.94546625,0.0028396354863319544
111,10305833.333333334,4113166.6666666665,3875500.0,250450.0,395866.6666666667,0.017294601431235054,0.01,0.00152,0.00141,3.0,35.0,0.0012,0.0042,42.0,0.004,0.026,6.0,0.012,0.02,0,0,0,0,0,0,0,0,0,0
112,11714166.666666668,3608833.3333333335,3254500.0,293950.0,416933.3333333333,0.017294601431235054,0.01,0.00152,0.00141,3.0,35.0,0.0012,0.0042,42.0,0.004,0.026,6.0,0.012,0.02,0,0,HEM,0.11471218,0.080422789,-0.19677938,-0.0016444110000000123,0.9999992,0.96171205,0.0031881768033948247
113,13057500.0,4502500.0,3443500.0,323050.0,440400.0,0.017294601431235054,0.01,0.00152,0.00141,3.0,35.0,0.0012,0.0042,42.0,0.004,0.026,6.0,0.012,0.02,1,0,HEM,0.11147663,0.069519769,-0.18100877,-1.2371000000038768e-05,0.99999982,0.96593888,0.0019367982137880506
114,9395833.333333334,4638500.0,4181500.0,322150.0,418800.0,0.017294601431235054,0.01,0.00152,0.00141,3.0,35.0,0.0012,0.0042,42.0,0.004,0.026,6.0,0.012,0.02,1,0,HEM,0.070031627,0.098056267,-0.16813294,-4.5045999999993036e-05,0.99999948,0.96450756,0.0021994050716696205
115,13902500.0,5137500.0,3686500.0,275350.0,383333.3333333333,0.017294601431235054,0.01,0.00152,0.00141,3.0,35.0,0.0012,0.0042,42.0,0.004,0.026,6.0,0.012,0.02,0,0,HEM,0.15081806,0.023578524,-0.13808059,0.03631599399999999,0.9999225,0.93209485,0.010642047329255297
116,9612500.0,5855833.333333333,4829500.0,331150.0,428133.3333333334,0.017294601431235054,0.01,0.00152,0.00141,3.0,35.0,0.0012,0.0042,42.0,0.004,0.026,6.0,0.012,0.02,1,0,HEM,0.069615729,-0.071854881,0.0022382454,-9.065999999943036e-07,0.99999998,0.99922279,0.2479196702107696
117,11757500.0,5077833.333333333,3659500.0,305950.0,435600.0,0.017294601431235054,0.01,0.00152,0.00141,3.0,35.0,0.0012,0.0042,42.0,0.004,0.026,6.0,0.012,0.02,1,0,HEM,0.10769083,-0.021881255,-0.085835435,-2.5860000000002548e-05,0.99999952,0.95415611,0.0060223165899305755
118,13209166.666666668,5652166.666666667,5162500.0,302950.0,422800.0,0.017294601431235054,0.01,0.00152,0.00141,3.0,35.0,0.0012,0.0042,42.0,0.004,0.026,6.0,0.012,0.02,1,0,HEM,0.12514653,0.14424457,-0.269379,1.2100000000014877e-05,0.99999982,0.97881438,0.0024411341293013597
119,7944166.666666667,5357833.333333334,4163500.0,283150.0,442533.3333333333,0.017294601431235054,0.01,0.00152,0.00141,3.0,35.0,0.0012,0.0042,42.0,0.004,0.026,6.0,0.012,0.02,1,0,HEM,0.067302198,-0.14166985,0.074367308,-3.440000000271004e-07,0.99999998,0.99911526,0.24436845749862993
120,12689166.666666668,3711166.6666666665,2885500.0,316450.0,454800.0,0.017294601431235054,0.01,0.00152,0.00141,3.0,35.0,0.0012,0.0042,42.0,0.004,0.026,6.0,0.012,0.02,1,0,HEM,0.11151825,0.061443595,-0.17295458,7.265000000006294e-06,0.99999948,0.95847355,0.002663812513874446
121,9070833.333333334,5776500.0,4577500.0,334150.0,426266.6666666667,0.017294601431235054,0.01,0.00152,0.00141,3.0,35.0,0.0012,0.0042,42.0,0.004,0.026,6.0,0.012,0.02,1,0,HEM,0.062532763,-0.11670736,0.054174536,-6.099999998870897e-08,0.99999998,0.99906448,0.15381897968878255
122,8464166.666666666,5856166.666666667,5450500.0,282250.0,436933.3333333333,0.017294601431235054,0.01,0.00152,0.00141,3.0,35.0,0.0012,0.0042,42.0,0.004,0.026,6.0,0.012,0.02,1,0,HEM,0.076779429,0.043613971,-0.12046111,-6.77099999999986e-05,0.99995867,0.93612488,0.006752533470401611
123,7554166.666666667,4028833.3333333335,3632500.0,296650.0,429733.3333333333,0.017294601431235054,0.01,0.00152,0.00141,3.0,35.0,0.0012,0.0042,42.0,0.004,0.026,6.0,0.012,0.02,1,0,HEM,0.056979794,0.058535425,-0.11553957,-2.4350999999991907e-05,0.99999958,0.93747404,0.0012606111716139715
124,10392500.0,4489500.0,4172500.0,330250.0,403333.3333333333,0.017294601431235054,0.01,0.00152,0.00141,3.0,35.0,0.0012,0.0042,42.0,0.004,0.026,6.0,0.012,0.02,1,0,HEM,0.079374724,0.1277263,-0.20712298,-2.195600000004516e-05,0.99999996,0.97579726,0.0011405571901113756
125,11454166.666666668,5066500.0,4091500.0,259750.0,411600.0,0.017294601431235054,0.01,0.00152,0.00141,3.0,35.0,0.0012,0.0042,42.0,0.004,0.026,6.0,0.012,0.02,0,0,0,0,0,0,0,0,0,0
126,11389166.666666668,5644500.0,5369500.0,319150.0,413733.3333333333,0.017294601431235054,0.01,0.00152,0.00141,3.0,35.0,0.0012,0.0042,42.0,0.004,0.026,6.0,0.012,0.02,1,0,HEM,0.096124719,0.15289071,-0.24902469,-9.260999999982644e-06,0.99999972,0.97992995,0.0012287543822176936
127,8204166.666666667,3180833.3333333335,2840500.0,257650.0,394266.6666666667,0.017294601431235054,0.01,0.00152,0.00141,3.0,35.0,0.0012,0.0042,42.0,0.004,0.026,6.0,0.012,0.02,0,0,HEM,0.091392396,0.074096736,-0.16461511,0.0008740219999999743,0.99999804,0.9761323,0.004147984754098034
128,10435833.333333334,5554833.333333333,5144500.0,263050.0,388400.0,0.017294601431235054,0.01,0.00152,0.00141,3.0,35.0,0.0012,0.0042,42.0,0.004,0.026,6.0,0.012,0.02,0,0,HEM,0.12028908,0.041862486,-0.10028264,0.06186892599999999,0.99999901,0.95670875,0.021868373874303168
129,12819166.666666668,3691166.666666667,3047500.0,326350.0,400400.0,0.017294601431235054,0.01,0.00152,0.00141,3.0,35.0,0.0012,0.0042,42.0,0.004,0.026,6.0,0.012,0.02,1,0,HEM,0.10730371,0.075080219,-0.18233663,4.7299000000000646e-05,0.99999932,0.95681504,5.456565446726284e-05
130,7684166.666666667,5589833.333333333,5207500.0,298150.0,388933.3333333333,0.017294601431235054,0.01,0.00152,0.00141,3.0,35.0,0.0012,0.0042,42.0,0.004,0.026,6.0,0.012,0.02,1,0,HEM,0.057882005,0.0051181971,-0.063001797,-1.5948999999987334e-06,0.9999866,0.9472032,0.001604270341763118
131,10760833.333333334,3076166.6666666665,2894500.0,328150.0,432666.6666666667,0.017294601431235054,0.01,0.00152,0.00141,3.0,35.0,0.0012,0.0042,42.0,0.004,0.026,6.0,0.012,0.02,0,0,HEM,0.084576849,0.076193011,-0.16358421,-0.002814350000000021,0.99998165,0.97479336,0.0007870221710173732
132,13014166.666666668,5048500.0,3947500.0,315850.0,420933.3333333333,0.017294601431235054,0.01,0.00152,0.00141,3.0,35.0,0.0012,0.0042,42.0,0.004,0.026,6.0,0.012,0.02,1,0,HEM,0.11518179,0.07421713,-0.18940167,-2.7499999999680558e-06,0.99999985,0.94408232,0.0028053850745909663
133,13339166.666666668,5315833.333333333,3911500.0,253450.0,439066.6666666667,0.017294601431235054,0.01,0.00152,0.00141,3.0,35.0,0.0012,0.0042,42.0,0.004,0.026,6.0,0.012,0.02,0,0,0,0,0,0,0,0,0,0
134,13859166.666666668,3419500.0,3074500.0,333250.0,447333.3333333334,0.017294601431235054,0.01,0.00152,0.00141,3.0,35.0,0.0012,0.0042,42.0,0.004,0.026,6.0,0.012,0.02,0,0,HEM,0.11344242,0.0681286,-0.19610785,-0.01453683,0.99999834,0.97451587,0.0011551627910573556
135,10847500.0,4613166.666666667,4361500.0,333850.0,454533.3333333333,0.017294601431235054,0.01,0.00152,0.00141,3.0,35.0,0.0012,0.0042,42.0,0.004,0.026,6.0,0.012,0.02,1,0,HEM,0.083177488,0.12224377,-0.20544022,-1.8962000000011248e-05,0.99999883,0.97977111,0.0016301374634520298
136,11670833.333333334,5671833.333333333,5387500.0,262150.0,383066.6666666667,0.017294601431235054,0.01,0.00152,0.00141,3.0,35.0,0.0012,0.0042,42.0,0.004,0.026,6.0,0.012,0.02,0,0,HEM,0.13599744,0.1532118,-0.21747481,0.07173443000000004,0.99996435,0.97171501,0.038539561413257435
137,9049166.666666666,4156166.6666666665,3848500.0,305350.0,417733.3333333333,0.017294601431235054,0.01,0.00152,0.00141,3.0,35.0,0.0012,0.0042,42.0,0.004,0.026,6.0,0.012,0.02,1,0,HEM,0.072420197,0.1024637,-0.17489977,-1.5872999999999582e-05,0.99999963,0.97658963,0.0021396663482539918
138,7532500.0,3842500.0,3245500.0,283750.0,401733.3333333333,0.017294601431235054,0.01,0.00152,0.00141,3.0,35.0,0.0012,0.0042,42.0,0.004,0.026,6.0,0.012,0.02,1,0,HEM,0.061015123,0.0085663756,-0.069591864,-1.0365400000003633e-05,0.99998988,0.94197794,0.006056299081381634
139,13187500.0,4898166.666666667,4352500.0,288550.0,426800.0,0.017294601431235054,0.01,0.00152,0.00141,3.0,35.0,0.0012,0.0042,42.0,0.004,0.026,6.0,0.012,0.02,0,0,HEM,0.13445327,0.11756742,-0.25226218,-0.00024148999999995535,0.99999572,0.97662649,0.003550845709916482
140,9439166.666666666,4389833.333333334,3713500.0,260050.0,443866.6666666667,0.017294601431235054,0.01,0.00152,0.00141,3.0,35.0,0.0012,0.0042,42.0,0.004,0.026,6.0,0.012,0.02,0,0,HEM,0.10897577,0.053999082,-0.14659195,0.016382902000000005,0.99999099,0.93541194,0.0010234191655404937
141,10717500.0,6250500.0,5135500.0,298450.0,383866.6666666667,0.017294601431235054,0.01,0.00152,0.00141,3.0,35.0,0.0012,0.0042,42.0,0.004,0.026,6.0,0.012,0.02,1,0,HEM,0.099793663,-0.040033171,-0.059762839,-2.346999999992827e-06,0.99999884,0.94486732,0.0025049414047652605
142,8247500.0,5069833.333333333,4883500.0,329950.0,437466.6666666667,0.017294601431235054,0.01,0.00152,0.00141,3.0,35.0,0.0012,0.0042,42.0,0.004,0.026,6.0,0.012,0.02,1,0,HEM,0.055634158,0.10712634,-0.16275832,2.1779999999915756e-06,0.99999981,0.97730851,0.0005221980047157445
143,10262500.0,5264833.333333334,3776500.0,304450.0,407600.0,0.017294601431235054,0.01,0.00152,0.00141,3.0,35.0,0.0012,0.0042,42.0,0.004,0.026,6.0,0.012,0.02,1,0,HEM,0.090197359,-0.10129021,0.011087692,-5.159000000001107e-06,0.99999998,0.99855568,0.2697253673276079
144,8875833.333333334,4720166.666666667,3614500.0,278050.0,427866.6666666667,0.017294601431235054,0.01,0.00152,0.00141,3.0,35.0,0.0012,0.0042,42.0,0.004,0.026,6.0,0.012,0.02,1,0,HEM,0.086755315,-0.072762509,-0.01399296,-1.5400000000394265e-07,0.99999938,0.95035245,0.0024394494371935086
145,9829166.666666668,4120166.6666666665,3434500.0,266050.0,419600.0,0.017294601431235054,0.01,0.00152,0.00141,3.0,35.0,0.0012,0.0042,42.0,0.004,0.026,6.0,0.012,0.02,0,0,HEM,0.11004268,0.069059598,-0.17164529,0.007456987999999998,0.99999797,0.95290211,0.028035388805030714
146,8724166.666666666,5906833.333333333,5342500.0,273550.0,399333.3333333333,0.017294601431235054,0.01,0.00152,0.00141,3.0,35.0,0.0012,0.0042,42.0,0.004,0.026,6.0,0.012,0.02,1,0,HEM,0.08759209,0.018575476,-0.10624728,-7.97140000000085e-05,0.9999403,0.94198035,0.0046055418877648776
147,13079166.666666668,3364833.3333333335,2912500.0,253150.0,389466.6666666667,0.017294601431235054,0.01,0.00152,0.00141,3.0,35.0,0.0012,0.0042,42.0,0.004,0.026,6.0,0.012,0.02,0,0,0,0,0,0,0,0,0,0
148,9504166.666666666,5395166.666666667,4415500.0,288250.0,444133.3333333334,0.017294601431235054,0.01,0.00152,0.00141,3.0,35.0,0.0012,0.0042,42.0,0.004,0.026,6.0,0.012,0.02,1,0,HEM,0.089458833,-0.037672181,-0.051787355,-7.029999999977332e-07,0.99999931,0.94507982,0.0025523084038669664
149,8420833.333333334,5479833.333333333,4901500.0,252550.0,437200.0,0.017294601431235054,0.01,0.00152,0.00141,3.0,35.0,0.0012,0.0042,42.0,0.004,0.026,6.0,0.012,0.02,0,0,HEM,0.099180985,-0.11674964,0.061181007,0.043612352,0.99999668,0.99960715,0.00189508805610565
150,8269166.666666667,5070833.333333333,3974500.0,305650.0,452933.3333333334,0.017294601431235054,0.01,0.00152,0.00141,3.0,35.0,0.0012,0.0042,42.0,0.004,0.026,6.0,0.012,0.02,1,0,HEM,0.061926707,-0.10353435,0.041607433,-2.1000000000048757e-07,0.99999998,0.99901782,0.2692495912992773
151,9374166.666666666,5207500.0,4190500.0,307450.0,387066.6666666667,0.017294601431235054,0.01,0.00152,0.00141,3.0,35.0,0.0012,0.0042,42.0,0.004,0.026,6.0,0.012,0.02,1,0,HEM,0.076126046,-0.05397601,-0.022149739,2.9700000000326687e-07,0.99999992,0.94534104,0.0032287529448292293
152,13100833.333333334,5986833.333333333,5324500.0,296050.0,444666.6666666667,0.017294601431235054,0.01,0.00152,0.00141,3.0,35.0,0.0012,0.0042,42.0,0.004,0.026,6.0,0.012,0.02,1,0,HEM,0.12853671,0.13027032,-0.25880532,1.70999999998811e-06,0.99999993,0.97721069,0.00221139572339493
153,12082500.0,3257166.6666666665,2921500.0,313150.0,380666.6666666667,0.017294601431235054,0.01,0.00152,0.00141,3.0,35.0,0.0012,0.0042,42.0,0.004,0.026,6.0,0.012,0.02,0,0,HEM,0.10703861,0.073241437,-0.15417178,0.02610826699999999,0.99999934,0.92930444,0.0013117982533528043
154,13880833.333333332,5597166.666666667,5009500.0,280450.0,422266.6666666667,0.017294601431235054,0.01,0.00152,0.00141,3.0,35.0,0.0012,0.0042,42.0,0.004,0.026,6.0,0.012,0.02,1,0,HEM,0.14706342,0.13910582,-0.28615984,9.399999999992747e-06,0.99999902,0.97948993,0.0030203930342830795
155,9677500.0,4483833.333333333,3695500.0,305050.0,389200.0,0.017294601431235054,0.01,0.00152,0.00141,3.0,35.0,0.0012,0.0042,42.0,0.004,0.026,6.0,0.012,0.02,1,0,HEM,0.081752988,0.033972086,-0.11580946,-8.438600000000573e-05,0.9999945,0.9414153,0.004604178820319674
156,7900833.333333333,5958166.666666667,5090500.0,266950.0,438000.0,0.017294601431235054,0.01,0.00152,0.00141,3.0,35.0,0.0012,0.0042,42.0,0.004,0.026,6.0,0.012,0.02,1,0,HEM,0.078216796,-0.12686793,0.048650818,-3.159999999863272e-07,0.99999998,0.99904097,0.32903988215361013
157,11194166.666666668,6047166.666666667,5333500.0,289750.0,409733.3333333333,0.017294601431235054,0.01,0.00152,0.00141,3.0,35.0,0.0012,0.0042,42.0,0.004,0.026,6.0,0.012,0.02,0,0,HEM,0.11132014,0.11101044,-0.22222048,0.00011010000000000186,0.99999366,0.94567967,0.007143168557970652
158,7770833.333333333,4244500.0,3983500.0,290350.0,384666.6666666667,0.017294601431235054,0.01,0.00152,0.00141,3.0,35.0,0.0012,0.0042,42.0,0.004,0.026,6.0,0.012,0.02,1,0,HEM,0.061417407,0.099027688,-0.1604462,-1.1050000000012439e-06,0.99999996,0.97198465,0.0006876185508174423
159,10587500.0,5083833.333333333,4253500.0,310150.0,440133.3333333333,0.017294601431235054,0.01,0.00152,0.00141,3.0,35.0,0.0012,0.0042,42.0,0.004,0.026,6.0,0.012,0.02,1,0,HEM,0.091261599,0.046843748,-0.13813803,-3.268300000000557e-05,0.99999961,0.93372927,0.004322118217756094
160,8594166.666666666,5815500.0,4910500.0,266650.0,416133.3333333333,0.017294601431235054,0.01,0.00152,0.00141,3.0,35.0,0.0012,0.0042,42.0,0.004,0.026,6.0,0.012,0.02,1,0,HEM,0.090780699,-0.093465321,0.0026843902,-2.3179999999751316e-07,0.99999998,0.9989483,0.4219253848408716
161,10154166.666666666,5118833.333333333,4820500.0,275950.0,425200.0,0.017294601431235054,0.01,0.00152,0.00141,3.0,35.0,0.0012,0.0042,42.0,0.004,0.026,6.0,0.012,0.02,0,0,HEM,0.10731479,0.12886759,-0.23563416,0.0005482199999999882,0.99999918,0.9820437,0.0064783326540519305
162,7640833.333333333,4969833.333333334,3803500.0,286450.0,407066.6666666667,0.017294601431235054,0.01,0.00152,0.00141,3.0,35.0,0.0012,0.0042,42.0,0.004,0.026,6.0,0.012,0.02,1,0,HEM,0.061319247,-0.13408434,0.072765063,-2.999999999808711e-08,0.99999987,0.99910187,0.18889483298322401
163,9894166.666666668,6086166.666666667,5414500.0,323650.0,405466.6666666667,0.017294601431235054,0.01,0.00152,0.00141,3.0,35.0,0.0012,0.0042,42.0,0.004,0.026,6.0,0.012,0.02,1,0,HEM,0.075879424,0.02571523,-0.10161022,-1.556599999999464e-05,0.99999422,0.945795,0.0015990259613402546
164,10414166.666666668,4902166.666666667,3488500.0,319450.0,418000.0,0.017294601431235054,0.01,0.00152,0.00141,3.0,35.0,0.0012,0.0042,42.0,0.004,0.026,6.0,0.012,0.02,1,0,HEM,0.084339051,-0.070206259,-0.014134372,-1.5799999999940861e-06,0.99995111,0.95101069,0.006970207304749371
165,13620833.333333332,5631166.666666667,4973500.0,324250.0,415333.3333333333,0.017294601431235054,0.01,0.00152,0.00141,3.0,35.0,0.0012,0.0042,42.0,0.004,0.026,6.0,0.012,0.02,1,0,HEM,0.1162412,0.14311411,-0.25937337,-1.805999999998642e-05,0.99999709,0.97369222,0.002003698455786806
166,7922500.0,6251833.333333334,5099500.0,328750.0,402266.6666666667,0.017294601431235054,0.01,0.00152,0.00141,3.0,35.0,0.0012,0.0042,42.0,0.004,0.026,6.0,0.012,0.02,1,0,HEM,0.053160219,-0.17934137,0.1261812,4.900000000196414e-08,0.99999998,0.99914473,0.07519542914908386
167,9569166.666666666,4675500.0,4442500.0,302350.0,428400.0,0.017294601431235054,0.01,0.00152,0.00141,3.0,35.0,0.0012,0.0042,42.0,0.004,0.026,6.0,0.012,0.02,1,0,HEM,0.081700488,0.11469036,-0.19640202,-1.1172000000003734e-05,0.99999983,0.98068136,0.002367184025560735
168,13274166.666666668,3340166.666666667,2948500.0,338950.0,382800.0,0.017294601431235054,0.01,0.00152,0.00141,3.0,35.0,0.0012,0.0042,42.0,0.004,0.026,6.0,0.012,0.02,0,0,HEM,0.10515288,0.077387208,-0.19468446,-0.012144372000000014,0.99999001,0.97447262,0.002048701943463329
169,8962500.0,5202833.333333333,4568500.0,301150.0,446000.0,0.017294601431235054,0.01,0.00152,0.00141,3.0,35.0,0.0012,0.0042,42.0,0.004,0.026,6.0,0.012,0.02,1,0,HEM,0.073276902,0.019622657,-0.092918532,-1.897299999999158e-05,0.99998783,0.94070376,0.0029383525930037615
170,12342500.0,5153500.0,4388500.0,272350.0,380933.3333333333,0.017294601431235054,0.01,0.00152,0.00141,3.0,35.0,0.0012,0.0042,42.0,0.004,0.026,6.0,0.012,0.02,0,0,HEM,0.13650005,0.036296628,-0.084143721,0.088652957,0.9998253,0.96370203,0.06915443247071668
171,10370833.333333332,3245166.6666666665,2867500.0,260650.0,380133.3333333333,0.017294601431235054,0.01,0.00152,0.00141,3.0,35.0,0.0012,0.0042,42.0,0.004,0.026,6.0,0.012,0.02,0,0,HEM,0.12117485,0.081872556,-0.18042146,0.02262594599999998,0.99999902,0.97695579,0.0030620880400829813
172,10869166.666666666,3685500.0,3326500.0,306250.0,443333.3333333333,0.017294601431235054,0.01,0.00152,0.00141,3.0,35.0,0.0012,0.0042,42.0,0.004,0.026,6.0,0.012,0.02,1,0,HEM,0.097005606,0.086718261,-0.18370228,2.1586999999989587e-05,0.99999317,0.95419448,0.00276986752501353
173,12797500.0,5200166.666666667,4766500.0,329050.0,432933.3333333333,0.017294601431235054,0.01,0.00152,0.00141,3.0,35.0,0.0012,0.0042,42.0,0.004,0.026,6.0,0.012,0.02,1,0,HEM,0.10565554,0.13484047,-0.24049863,-2.6200000000087265e-06,0.99999967,0.97866647,0.002050294366228074
174,10609166.666666668,6393500.0,5054500.0,300850.0,406533.3333333333,0.017294601431235054,0.01,0.00152,0.00141,3.0,35.0,0.0012,0.0042,42.0,0.004,0.026,6.0,0.012,0.02,1,0,HEM,0.096914724,-0.10501144,0.008095977,-7.390000000030705e-07,0.99999998,0.99862389,0.2737307927595223
175,11085833.333333334,3748166.6666666665,3272500.0,269650.0,431333.3333333333,0.017294601431235054,0.01,0.00152,0.00141,3.0,35.0,0.0012,0.0042,42.0,0.004,0.026,6.0,0.012,0.02,0,0,HEM,0.12375892,0.088055093,-0.19462488,0.017189132999999995,0.9999878,0.97632644,0.02357722724637373
176,12255833.333333332,5862500.0,4775500.0,284650.0,442000.0,0.017294601431235054,0.01,0.00152,0.00141,3.0,35.0,0.0012,0.0042,42.0,0.004,0.026,6.0,0.012,0.02,0,0,HEM,0.12705326,0.059456245,-0.18673227,-0.00022276500000001365,0.99999602,0.93139111,0.00532590286152658
177,8290833.333333333,3978500.0,2975500.0,318550.0,420133.3333333333,0.017294601431235054,0.01,0.00152,0.00141,3.0,35.0,0.0012,0.0042,42.0,0.004,0.026,6.0,0.012,0.02,1,0,HEM,0.058530915,-0.051937784,-0.0065932694,-1.383999999977556e-07,0.99988858,0.95185738,0.01140354517311795
178,11930833.333333332,4827833.333333333,3857500.0,270250.0,387600.0,0.017294601431235054,0.01,0.00152,0.00141,3.0,35.0,0.0012,0.0042,42.0,0.004,0.026,6.0,0.012,0.02,0,0,HEM,0.13329442,0.067967458,-0.16794429,0.03331758800000001,0.99997466,0.93687333,0.025238747636070254
179,8225833.333333333,4375166.666666667,3353500.0,265450.0,442266.6666666667,0.017294601431235054,0.01,0.00152,0.00141,3.0,35.0,0.0012,0.0042,42.0,0.004,0.026,6.0,0.012,0.02,1,0,HEM,0.085390234,-0.070633692,-0.014756873,-3.31000000002718e-07,0.9999787,0.95168732,0.0026943685937201806
180,8919166.666666666,5135833.333333333,4991500.0,309250.0,390000.0,0.017294601431235054,0.01,0.00152,0.00141,3.0,35.0,0.0012,0.0042,42.0,0.004,0.026,6.0,0.012,0.02,1,0,HEM,0.068790908,0.1375913,-0.20638845,-6.241999999989645e-06,0.99999998,0.97996718,0.0006388370673229751
181,10175833.333333334,4390500.0,3065500.0,311350.0,393466.6666666667,0.017294601431235054,0.01,0.00152,0.00141,3.0,35.0,0.0012,0.0042,42.0,0.004,0.026,6.0,0.012,0.02,1,0,HEM,0.085264163,-0.047679513,-0.037570477,1.4173000000006208e-05,0.99999938,0.95015896,0.0048495104096224605
182,8052500.0,4326166.666666667,3290500.0,315250.0,448133.3333333334,0.017294601431235054,0.01,0.00152,0.00141,3.0,35.0,0.0012,0.0042,42.0,0.004,0.026,6.0,0.012,0.02,1,0,HEM,0.057068778,-0.072998758,0.015929517,-4.629999999956891e-07,0.99999998,0.99871524,0.3081236678291306
183,11215833.333333334,5200833.333333333,4496500.0,295150.0,394800.0,0.017294601431235054,0.01,0.00152,0.00141,3.0,35.0,0.0012,0.0042,42.0,0.004,0.026,6.0,0.012,0.02,1,0,HEM,0.10807918,0.11363407,-0.22171694,-3.6900000000006372e-06,0.99999927,0.96064513,0.00291542428699539
184,7857500.0,5708833.333333333,5018500.0,317950.0,390533.3333333333,0.017294601431235054,0.01,0.00152,0.00141,3.0,35.0,0.0012,0.0042,42.0,0.004,0.026,6.0,0.012,0.02,1,0,HEM,0.054727399,-0.086962509,0.032235065,-4.4999999990191775e-08,0.99999998,0.99886556,0.14047321588101144
185,10500833.333333334,6424833.333333334,5216500.0,251050.0,430000.0,0.017294601431235054,0.01,0.00152,0.00141,3.0,35.0,0.0012,0.0042,42.0,0.004,0.026,6.0,0.012,0.02,0,0,HEM,0.12976778,-0.25412357,0.15780135,0.033445559999999985,0.99997848,0.99845545,0.05833664843795228
186,13035833.333333334,3488166.6666666665,3362500.0,310750.0,431866.6666666667,0.017294601431235054,0.01,0.00152,0.00141,3.0,35.0,0.0012,0.0042,42.0,0.004,0.026,6.0,0.012,0.02,0,0,HEM,0.11848067,0.079840415,-0.20912407,-0.010802984999999987,0.99999759,0.97259285,9.144933261977685e-05
187,7987500.0,6309833.333333333,4919500.0,290050.0,392400.0,0.017294601431235054,0.01,0.00152,0.00141,3.0,35.0,0.0012,0.0042,42.0,0.004,0.026,6.0,0.012,0.02,1,0,HEM,0.064414976,-0.21616926,0.15175499,7.059999999892153e-07,0.99999916,0.99914785,0.10811845595717127
188,8659166.666666666,3271500.0,3164500.0,279250.0,458266.6666666667,0.017294601431235054,0.01,0.00152,0.00141,3.0,35.0,0.0012,0.0042,42.0,0.004,0.026,6.0,0.012,0.02,0,0,HEM,0.082255988,0.084150882,-0.16561889,0.0007879799999999937,0.99998568,0.98135818,0.009469518491692757
189,11280833.333333334,5542166.666666667,4100500.0,304150.0,390800.0,0.017294601431235054,0.01,0.00152,0.00141,3.0,35.0,0.0012,0.0042,42.0,0.004,0.026,6.0,0.012,0.02,1,0,HEM,0.1032862,-0.059855638,-0.043432529,-1.967000000005492e-06,0.99999963,0.94733851,0.004269538393530775
190,12840833.333333334,6077166.666666667,5153500.0,311050.0,385200.0,0.017294601431235054,0.01,0.00152,0.00141,3.0,35.0,0.0012,0.0042,42.0,0.004,0.026,6.0,0.012,0.02,1,0,HEM,0.11629776,0.12763302,-0.24394899,-1.8209999999990734e-05,0.9999981,0.94632207,0.002292470156780608
191,13924166.666666668,5673166.666666667,5351500.0,321550.0,404666.6666666667,0.017294601431235054,0.01,0.00152,0.00141,3.0,35.0,0.0012,0.0042,42.0,0.004,0.026,6.0,0.012,0.02,1,0,HEM,0.12067442,0.16732724,-0.28802956,-2.7900000000025127e-05,0.99999749,0.98018242,0.0014391338393830511
192,10522500.0,3321166.6666666665,3209500.0,267550.0,411333.3333333333,0.017294601431235054,0.01,0.00152,0.00141,3.0,35.0,0.0012,0.0042,42.0,0.004,0.026,6.0,0.012,0.02,0,0,HEM,0.11818214,0.089646019,-0.17113866,0.036689499000000014,0.99999777,0.94753723,0.02311059115599429
193,10197500.0,4954500.0,3587500.0,281350.0,448400.0,0.017294601431235054,0.01,0.00152,0.00141,3.0,35.0,0.0012,0.0042,42.0,0.004,0.026,6.0,0.012,0.02,1,0,HEM,0.10417346,-0.067913667,-0.03626287,-3.0770000000041042e-06,0.99999997,0.95156762,0.003681212525222238
194,11237500.0,6214500.0,5225500.0,269050.0,457466.6666666667,0.017294601431235054,0.01,0.00152,0.00141,3.0,35.0,0.0012,0.0042,42.0,0.004,0.026,6.0,0.012,0.02,0,0,HEM,0.12600708,-0.22408397,0.1852944,0.08721751,0.99999561,0.99924219,0.043859279119509764
195,10479166.666666668,6270833.333333333,5468500.0,264850.0,449466.6666666667,0.017294601431235054,0.01,0.00152,0.00141,3.0,35.0,0.0012,0.0042,42.0,0.004,0.026,6.0,0.012,0.02,0,0,HEM,0.11954376,-0.096099445,0.026901197,0.050345511999999995,0.99999993,0.99798726,0.16682070754419082
196,12970833.333333334,6869500.0,5432500.0,335950.0,420400.0,0.017294601431235054,0.01,0.00152,0.00141,3.0,35.0,0.0012,0.0042,42.0,0.004,0.026,6.0,0.012,0.02,1,0,HEM,0.1038095,-0.033534802,-0.070275716,-1.0180000000054035e-06,0.99999935,0.94691811,0.0035233933059703637
197,12320833.333333334,6375833.333333334,5027500.0,323950.0,423600.0,0.017294601431235054,0.01,0.00152,0.00141,3.0,35.0,0.0012,0.0042,42.0,0.004,0.026,6.0,0.012,0.02,1,0,HEM,0.10357335,-0.024675581,-0.078899319,-1.550000000002938e-06,0.99999966,0.94694921,0.003266323185419365
198,7575833.333333333,5624833.333333333,4892500.0,277750.0,434533.3333333333,0.017294601431235054,0.01,0.00152,0.00141,3.0,35.0,0.0012,0.0042,42.0,0.004,0.026,6.0,0.012,0.02,1,0,HEM,0.064517902,-0.10715114,0.042633215,-2.3000000001771603e-08,0.99999998,0.99901637,0.2938927132116457
199,10132500.0,5116500.0,4379500.0,303550.0,456133.3333333333,0.017294601431235054,0.01,0.00152,0.00141,3.0,35.0,0.0012,0.0042,42.0,0.004,0.026,6.0,0.012,0.02,1,0,HEM,0.088976277,0.050998794,-0.1400188,-4.372899999999236e-05,0.99999977,0.93130439,0.004573398043228201
200,11259166.666666668,4783166.666666667,3929500.0,304750.0,458000.0,0.017294601431235054,0.01,0.00152,0.00141,3.0,35.0,0.0012,0.0042,42.0,0.004,0.026,6.0,0.012,0.02,0,0,HEM,0.10264475,0.070128001,-0.17517557,-0.0024028190000000005,0.99999964,0.96092055,0.010263209641647366
201,13815833.333333332,4802500.0,3407500.0,295750.0,437733.3333333333,0.017294601431235054,0.01,0.00152,0.00141,3.0,35.0,0.0012,0.0042,42.0,0.004,0.026,6.0,0.012,0.02,0,0,HEM,0.13601511,0.044416556,-0.17920769,0.0012239759999999877,0.99999947,0.96011187,0.0036455361659035925
202,10934166.666666666,4605833.333333334,3299500.0,332650.0,418533.3333333333,0.017294601431235054,0.01,0.00152,0.00141,3.0,35.0,0.0012,0.0042,42.0,0.004,0.026,6.0,0.012,0.02,1,0,HEM,0.084636355,-0.024325054,-0.060316845,-5.5440000000031575e-06,0.99999984,0.94933638,0.006790272330885085
203,8334166.666666667,5602833.333333333,5234500.0,332950.0,434800.0,0.017294601431235054,0.01,0.00152,0.00141,3.0,35.0,0.0012,0.0042,42.0,0.004,0.026,6.0,0.012,0.02,1,0,HEM,0.055785753,0.045659291,-0.1014754,-3.0355999999995276e-05,0.99999669,0.94102396,0.002094146202262799
204,9352500.0,4225833.333333333,3227500.0,299650.0,434000.0,0.017294601431235054,0.01,0.00152,0.00141,3.0,35.0,0.0012,0.0042,42.0,0.004,0.026,6.0,0.012,0.02,1,0,HEM,0.080024887,-0.01507068,-0.064951682,2.525000000003219e-06,0.99999985,0.94661834,0.004601070741880549
205,11584166.666666668,5390166.666666667,4928500.0,308050.0,384933.3333333333,0.017294601431235054,0.01,0.00152,0.00141,3.0,35.0,0.0012,0.0042,42.0,0.004,0.026,6.0,0.012,0.02,1,0,HEM,0.10447581,0.1483082,-0.25279935,-1.5339999999974818e-05,0.99999958,0.97527927,0.0014785911431513562
206,7749166.666666667,4300500.0,4109500.0,332350.0,417200.0,0.017294601431235054,0.01,0.00152,0.00141,3.0,35.0,0.0012,0.0042,42.0,0.004,0.026,6.0,0.012,0.02,1,0,HEM,0.051165966,0.10503852,-0.15619027,1.421600000001133e-05,0.99999998,0.97555468,0.0006320490761862754
207,13490833.333333332,4929500.0,4136500.0,272050.0,450800.0,0.017294601431235054,0.01,0.00152,0.00141,3.0,35.0,0.0012,0.0042,42.0,0.004,0.026,6.0,0.012,0.02,0,0,HEM,0.148927,0.1011866,-0.20937686,0.040736739999999994,0.99998978,0.97068296,0.019667251038739078
208,11562500.0,5192500.0,3839500.0,319750.0,456400.0,0.017294601431235054,0.01,0.00152,0.00141,3.0,35.0,0.0012,0.0042,42.0,0.004,0.026,6.0,0.012,0.02,1,0,HEM,0.09773296,-0.023467181,-0.074265563,2.1599999998345165e-07,0.99999991,0.94804275,0.005227592078589974
209,9135833.333333334,4612833.333333334,3236500.0,271150.0,424133.3333333334,0.017294601431235054,0.01,0.00152,0.00141,3.0,35.0,0.0012,0.0042,42.0,0.004,0.026,6.0,0.012,0.02,0,0,HEM,0.096075306,-0.11445974,0.019091483,0.0007070489999999943,0.99999998,0.99879161,0.4016066794228565
210,11605833.333333334,3877500.0,2930500.0,264250.0,392666.6666666667,0.017294601431235054,0.01,0.00152,0.00141,3.0,35.0,0.0012,0.0042,42.0,0.004,0.026,6.0,0.012,0.02,0,0,HEM,0.13374286,0.066136606,-0.17290335,0.026976115999999994,0.99999989,0.93386042,0.0008450698964177738
211,8030833.333333333,3965166.6666666665,3461500.0,274750.0,417466.6666666667,0.017294601431235054,0.01,0.00152,0.00141,3.0,35.0,0.0012,0.0042,42.0,0.004,0.026,6.0,0.012,0.02,1,0,HEM,0.07450903,0.053178794,-0.12771944,-3.161599999998432e-05,0.99999983,0.93259887,0.005430169568149282
212,11064166.666666666,5724833.333333334,4460500.0,301750.0,393200.0,0.017294601431235054,0.01,0.00152,0.00141,3.0,35.0,0.0012,0.0042,42.0,0.004,0.026,6.0,0.012,0.02,1,0,HEM,0.10209378,-0.039222399,-0.062872126,-7.44999999996443e-07,0.99999968,0.94486403,0.0033654868886207885
213,12017500.0,3274500.0,2831500.0,281650.0,454000.0,0.017294601431235054,0.01,0.00152,0.00141,3.0,35.0,0.0012,0.0042,42.0,0.004,0.026,6.0,0.012,0.02,0,0,HEM,0.12639068,0.058436668,-0.18694152,-0.0021141719999999975,0.99978846,0.97386806,0.0039159288775778445
214,11367500.0,5004833.333333333,4244500.0,269350.0,414800.0,0.017294601431235054,0.01,0.00152,0.00141,3.0,35.0,0.0012,0.0042,42.0,0.004,0.026,6.0,0.012,0.02,0,0,HEM,0.12736466,0.0024040888,-0.064390619,0.0653781298,0.99953312,0.98281516,0.15853257778678514
215,9287500.0,5237166.666666667,4145500.0,287050.0,400666.6666666667,0.017294601431235054,0.01,0.00152,0.00141,3.0,35.0,0.0012,0.0042,42.0,0.004,0.026,6.0,0.012,0.02,1,0,HEM,0.087017342,-0.072232502,-0.014785162,-3.220000000057205e-07,0.99998616,0.95052381,0.002796548511604641
216,11952500.0,5421166.666666667,4847500.0,260350.0,413200.0,0.017294601431235054,0.01,0.00152,0.00141,3.0,35.0,0.0012,0.0042,42.0,0.004,0.026,6.0,0.012,0.02,0,0,HEM,0.14053237,-0.097267208,0.069845303,0.113110465,0.99999915,0.9981738,0.05663654259068792
217,13989166.666666666,4592833.333333333,3524500.0,320350.0,410533.3333333333,0.017294601431235054,0.01,0.00152,0.00141,3.0,35.0,0.0012,0.0042,42.0,0.004,0.026,6.0,0.012,0.02,0,0,HEM,0.12199679,0.090790132,-0.2083202,0.0044667219999999785,0.99986264,0.95818405,0.0029710533624866943
218,10024166.666666668,5299500.0,4604500.0,291550.0,426533.3333333334,0.017294601431235054,0.01,0.00152,0.00141,3.0,35.0,0.0012,0.0042,42.0,0.004,0.026,6.0,0.012,0.02,1,0,HEM,0.094875326,0.061097204,-0.15601438,-4.1850000000009935e-05,0.99999984,0.93166101,0.004560292565922921
219,12385833.333333334,5396833.333333333,4622500.0,278650.0,380400.0,0.017294601431235054,0.01,0.00152,0.00141,3.0,35.0,0.0012,0.0042,42.0,0.004,0.026,6.0,0.012,0.02,1,0,HEM,0.13257232,0.1332284,-0.26580493,-4.210000000004488e-06,0.99999964,0.96883637,0.0025204186163948154
220,12472500.0,4690500.0,4541500.0,317050.0,455600.0,0.017294601431235054,0.01,0.00152,0.00141,3.0,35.0,0.0012,0.0042,42.0,0.004,0.026,6.0,0.012,0.02,1,0,HEM,0.10893301,0.12542906,-0.23435175,1.03200000000081e-05,0.99999747,0.97958811,0.0022404028970824026
221,10955833.333333334,5725500.0,5198500.0,308950.0,435066.6666666667,0.017294601431235054,0.01,0.00152,0.00141,3.0,35.0,0.0012,0.0042,42.0,0.004,0.026,6.0,0.012,0.02,1,0,HEM,0.096564907,0.11755824,-0.21412132,1.827000000009793e-06,0.99999971,0.9712793,0.002286065868767525
222,7705833.333333333,5216833.333333333,4946500.0,317350.0,447600.0,0.017294601431235054,0.01,0.00152,0.00141,3.0,35.0,0.0012,0.0042,42.0,0.004,0.026,6.0,0.012,0.02,1,0,HEM,0.05355636,0.068266071,-0.1218896,-6.716900000000581e-05,0.99999613,0.93900938,0.0021015288007419294
223,11042500.0,3803833.3333333335,3155500.0,312550.0,453733.3333333333,0.017294601431235054,0.01,0.00152,0.00141,3.0,35.0,0.0012,0.0042,42.0,0.004,0.026,6.0,0.012,0.02,0,0,HEM,0.095589162,0.085410825,-0.17264705,0.008352937000000005,0.99994892,0.97046009,0.008670793107340426
224,12710833.333333334,5148166.666666667,3902500.0,282550.0,400933.3333333333,0.017294601431235054,0.01,0.00152,0.00141,3.0,35.0,0.0012,0.0042,42.0,0.004,0.026,6.0,0.012,0.02,0,0,HEM,0.13345945,0.051649568,-0.1832275,0.0018815180000000264,0.99999957,0.94111706,0.002575774258304157
225,11887500.0,3599833.3333333335,3371500.0,326950.0,415866.6666666667,0.017294601431235054,0.01,0.00152,0.00141,3.0,35.0,0.0012,0.0042,42.0,0.004,0.026,6.0,0.012,0.02,0,0,HEM,0.097532473,0.090070202,-0.18366742,0.003935254999999999,0.99999972,0.96733207,0.0006353533443850803
226,12039166.666666668,3612166.6666666665,3416500.0,302650.0,456933.3333333333,0.017294601431235054,0.01,0.00152,0.00141,3.0,35.0,0.0012,0.0042,42.0,0.004,0.026,6.0,0.012,0.02,0,0,HEM,0.1128643,0.081653991,-0.19968465,-0.0051663589999999815,0.99999897,0.97357988,0.00282062645479467
227,13837500.0,4137500.0,3722500.0,322450.0,427600.0,0.017294601431235054,0.01,0.00152,0.00141,3.0,35.0,0.0012,0.0042,42.0,0.004,0.026,6.0,0.012,0.02,0,0,HEM,0.11932755,0.094117111,-0.21145054,0.0019941210000000154,0.99999907,0.97045555,0.0015184973312990639
228,12992500.0,5779500.0,4748500.0,261550.0,408133.3333333333,0.017294601431235054,0.01,0.00152,0.00141,3.0,35.0,0.0012,0.0042,42.0,0.004,0.026,6.0,0.012,0.02,0,0,0,0,0,0,0,0,0,0
229,13577500.0,5238500.0,5117500.0,327550.0,383600.0,0.017294601431235054,0.01,0.00152,0.00141,3.0,35.0,0.0012,0.0042,42.0,0.004,0.026,6.0,0.012,0.02,1,0,HEM,0.11396127,0.16848315,-0.28243827,6.1500000000380695e-06,0.9999989,0.97438819,0.0002908281615173876
230,11432500.0,4566833.333333333,3092500.0,260950.0,447066.6666666667,0.017294601431235054,0.01,0.00152,0.00141,3.0,35.0,0.0012,0.0042,42.0,0.004,0.026,6.0,0.012,0.02,0,0,HEM,0.13403767,-0.076198777,-0.020174455,0.037664438,0.99994729,0.92828428,0.010174028233921389
231,8139166.666666667,3944833.3333333335,3506500.0,339250.0,412666.6666666667,0.017294601431235054,0.01,0.00152,0.00141,3.0,35.0,0.0012,0.0042,42.0,0.004,0.026,6.0,0.012,0.02,1,0,HEM,0.053039288,0.077934797,-0.13100906,-3.4975000000020406e-05,0.99999965,0.9443267,0.0010638720086300246
232,13707500.0,3877500.0,3056500.0,271450.0,409466.6666666667,0.017294601431235054,0.01,0.00152,0.00141,3.0,35.0,0.0012,0.0042,42.0,0.004,0.026,6.0,0.012,0.02,0,0,HEM,0.15154727,0.080673815,-0.20010082,0.03212026499999998,0.99998786,0.97151959,0.012053239713707494
233,9655833.333333334,5775500.0,5108500.0,333550.0,458800.0,0.017294601431235054,0.01,0.00152,0.00141,3.0,35.0,0.0012,0.0042,42.0,0.004,0.026,6.0,0.012,0.02,1,0,HEM,0.069365296,0.019408151,-0.08878771,-1.426300000000047e-05,0.99999457,0.94515123,0.0010894580201751937
234,8442500.0,5050500.0,3893500.0,294550.0,387866.6666666667,0.017294601431235054,0.01,0.00152,0.00141,3.0,35.0,0.0012,0.0042,42.0,0.004,0.026,6.0,0.012,0.02,1,0,HEM,0.068822582,-0.11079207,0.041969138,-3.500000000100645e-07,0.99999997,0.99891828,0.19135017769760082
235,11540833.333333334,3998833.3333333335,3182500.0,296350.0,419866.6666666667,0.017294601431235054,0.01,0.00152,0.00141,3.0,35.0,0.0012,0.0042,42.0,0.004,0.026,6.0,0.012,0.02,1,0,HEM,0.11117196,0.071881345,-0.18308525,-3.194500000000544e-05,0.99999967,0.96705363,0.0023406725063358667
236,12884166.666666668,5078166.666666667,4784500.0,309550.0,459333.3333333333,0.017294601431235054,0.01,0.00152,0.00141,3.0,35.0,0.0012,0.0042,42.0,0.004,0.026,6.0,0.012,0.02,1,0,HEM,0.11765181,0.12924758,-0.24688274,1.6650000000006937e-05,0.99999971,0.98241412,0.00026412303282087927
237,13967500.0,5222833.333333334,4280500.0,287650.0,397200.0,0.017294601431235054,0.01,0.00152,0.00141,3.0,35.0,0.0012,0.0042,42.0,0.004,0.026,6.0,0.012,0.02,0,0,HEM,0.14303395,0.12002088,-0.26086593,0.002188899999999938,0.99997681,0.96488048,0.002570787251810971
238,10045833.333333334,5449166.666666667,4217500.0,254650.0,416666.6666666667,0.017294601431235054,0.01,0.00152,0.00141,3.0,35.0,0.0012,0.0042,42.0,0.004,0.026,6.0,0.012,0.02,0,0,0,0,0,0,0,0,0,0
239,9460833.333333334,6708166.666666667,5378500.0,257350.0,419333.3333333333,0.017294601431235054,0.01,0.00152,0.00141,3.0,35.0,0.0012,0.0042,42.0,0.004,0.026,6.0,0.012,0.02,0,0,HEM,0.11129989,-0.22890424,0.15754283,0.039938479999999985,0.99999998,0.99913984,0.19216824864040702
240,9807500.0,6407500.0,5180500.0,321250.0,386800.0,0.017294601431235054,0.01,0.00152,0.00141,3.0,35.0,0.0012,0.0042,42.0,0.004,0.026,6.0,0.012,0.02,1,0,HEM,0.075750756,-0.12262142,0.046870571,-9.299999999268227e-08,0.99999998,0.99899574,0.12723106457515898
241,13685833.333333332,5801500.0,4532500.0,336550.0,406000.0,0.017294601431235054,0.01,0.00152,0.00141,3.0,35.0,0.0012,0.0042,42.0,0.004,0.026,6.0,0.012,0.02,1,0,HEM,0.11011578,0.05342439,-0.16357557,-3.540000000001875e-05,0.99999965,0.93916681,0.0016623720956485503
242,9114166.666666666,5435166.666666667,4595500.0,329650.0,404933.3333333333,0.017294601431235054,0.01,0.00152,0.00141,3.0,35.0,0.0012,0.0042,42.0,0.004,0.026,6.0,0.012,0.02,1,0,HEM,0.064196361,-0.038656331,-0.025540014,1.5999999991578306e-08,0.99999986,0.94369544,0.002997557046135575
243,11020833.333333334,3841166.6666666665,3029500.0,268750.0,447866.6666666667,0.017294601431235054,0.01,0.00152,0.00141,3.0,35.0,0.0012,0.0042,42.0,0.004,0.026,6.0,0.012,0.02,0,0,HEM,0.12357324,0.067472086,-0.17111593,0.019929396000000016,0.99999903,0.94308912,0.02810254772666802
244,12169166.666666668,5701500.0,4838500.0,278950.0,382266.6666666667,0.017294601431235054,0.01,0.00152,0.00141,3.0,35.0,0.0012,0.0042,42.0,0.004,0.026,6.0,0.012,0.02,0,0,0,0,0,0,0,0,0,0
245,8940833.333333334,3510500.0,3263500.0,267850.0,427066.6666666667,0.017294601431235054,0.01,0.00152,0.00141,3.0,35.0,0.0012,0.0042,42.0,0.004,0.026,6.0,0.012,0.02,0,0,HEM,0.095580461,0.085639601,-0.18027501,0.0009450520000000018,0.9999997,0.96668138,0.005263197790785788
246,9785833.333333334,6751166.666666667,5477500.0,311950.0,424400.0,0.017294601431235054,0.01,0.00152,0.00141,3.0,35.0,0.0012,0.0042,42.0,0.004,0.026,6.0,0.012,0.02,1,0,HEM,0.079691649,-0.14401384,0.064321922,-2.6899999999718816e-07,0.99999998,0.99908161,0.18854928988733066
247,12754166.666666668,4496500.0,3605500.0,251650.0,410000.0,0.017294601431235054,0.01,0.00152,0.00141,3.0,35.0,0.0012,0.0042,42.0,0.004,0.026,6.0,0.012,0.02,0,0,0,0,0,0,0,0,0,0
248,13599166.666666668,3687166.6666666665,3533500.0,336850.0,422000.0,0.017294601431235054,0.01,0.00152,0.00141,3.0,35.0,0.0012,0.0042,42.0,0.004,0.026,6.0,0.012,0.02,0,0,HEM,0.10917812,0.090814144,-0.17830063,0.021691634000000015,0.99999621,0.93588539,0.0015701032529865668
249,11345833.333333334,5008833.333333333,4262500.0,255850.0,432400.0,0.017294601431235054,0.01,0.00152,0.00141,3.0,35.0,0.0012,0.0042,42.0,0.004,0.026,6.0,0.012,0.02,0,0,0,0,0,0,0,0,0,0
250,11172500.0,6515166.666666667,5297500.0,285850.0,384400.0,0.017294601431235054,0.01,0.00152,0.00141,3.0,35.0,0.0012,0.0042,42.0,0.004,0.026,6.0,0.012,0.02,0,0,0,0,0,0,0,0,0,0
251,9265833.333333334,4842833.333333333,4712500.0,285250.0,423066.6666666667,0.017294601431235054,0.01,0.00152,0.00141,3.0,35.0,0.0012,0.0042,42.0,0.004,0.026,6.0,0.012,0.02,1,0,HEM,0.08788188,0.1207802,-0.2086622,-1.1999999999234845e-07,0.99999993,0.98415773,0.0023408242683203616
252,11995833.333333332,3405166.6666666665,2957500.0,268450.0,453466.6666666667,0.017294601431235054,0.01,0.00152,0.00141,3.0,35.0,0.0012,0.0042,42.0,0.004,0.026,6.0,0.012,0.02,0,0,HEM,0.13531587,0.072994956,-0.18275635,0.025554475999999993,0.99999956,0.98099062,0.004937454437222793
253,12862500.0,4057166.666666667,2993500.0,294250.0,423866.6666666667,0.017294601431235054,0.01,0.00152,0.00141,3.0,35.0,0.0012,0.0042,42.0,0.004,0.026,6.0,0.012,0.02,1,0,HEM,0.12720418,0.063299467,-0.19050292,7.270000000059174e-07,0.99999941,0.96586283,0.0015145580929587542
254,7792500.0,4850166.666666667,4640500.0,325750.0,430533.3333333333,0.017294601431235054,0.01,0.00152,0.00141,3.0,35.0,0.0012,0.0042,42.0,0.004,0.026,6.0,0.012,0.02,1,0,HEM,0.052661946,0.097655937,-0.15031676,1.1229999999917695e-06,0.99999968,0.97252361,0.0005365428244299103
255,10002500.0,5102833.333333334,3740500.0,293050.0,395600.0,0.017294601431235054,0.01,0.00152,0.00141,3.0,35.0,0.0012,0.0042,42.0,0.004,0.026,6.0,0.012,0.02,1,0,HEM,0.093610515,-0.085895786,-0.0077161021,-1.373099999996824e-06,0.99955032,0.9451558,0.08999756234782046
256,10565833.333333334,4004166.666666667,3038500.0,290950.0,448933.3333333334,0.017294601431235054,0.01,0.00152,0.00141,3.0,35.0,0.0012,0.0042,42.0,0.004,0.026,6.0,0.012,0.02,1,0,HEM,0.10258767,0.027089925,-0.12975911,-8.151500000000422e-05,0.99999775,0.96299276,0.0074899406741533985
257,10544166.666666668,6297500.0,5126500.0,303850.0,403600.0,0.017294601431235054,0.01,0.00152,0.00141,3.0,35.0,0.0012,0.0042,42.0,0.004,0.026,6.0,0.012,0.02,1,0,HEM,0.094286968,-0.068453683,-0.025833444,-1.590000000030456e-07,0.99999933,0.94492195,0.0026736854084500015
258,11410833.333333334,4854166.666666667,3398500.0,318250.0,400133.3333333333,0.017294601431235054,0.01,0.00152,0.00141,3.0,35.0,0.0012,0.0042,42.0,0.004,0.026,6.0,0.012,0.02,1,0,HEM,0.096840928,-0.036992535,-0.059855475,-7.081999999991595e-06,0.99999989,0.95190503,0.0065773934895792755
259,10739166.666666668,6660500.0,5405500.0,298750.0,434266.6666666667,0.017294601431235054,0.01,0.00152,0.00141,3.0,35.0,0.0012,0.0042,42.0,0.004,0.026,6.0,0.012,0.02,1,0,HEM,0.09989002,-0.094114911,-0.0057749318,1.7720000000057828e-07,0.9992185,0.94352785,0.16056867352159393
260,12494166.666666668,4638833.333333333,3794500.0,292750.0,382533.3333333333,0.017294601431235054,0.01,0.00152,0.00141,3.0,35.0,0.0012,0.0042,42.0,0.004,0.026,6.0,0.012,0.02,0,0,HEM,0.12424503,0.10620512,-0.22926423,0.001185920000000007,0.99999045,0.9620884,0.0029033078770564842
261,10219166.666666666,6207500.0,5288500.0,338650.0,404133.3333333333,0.017294601431235054,0.01,0.00152,0.00141,3.0,35.0,0.0012,0.0042,42.0,0.004,0.026,6.0,0.012,0.02,1,0,HEM,0.074305139,-0.027407952,-0.046897593,-4.0599999999446634e-07,0.99999978,0.94555045,0.002584949469184106
262,8854166.666666668,4241166.666666667,3191500.0,330850.0,389733.3333333333,0.017294601431235054,0.01,0.00152,0.00141,3.0,35.0,0.0012,0.0042,42.0,0.004,0.026,6.0,0.012,0.02,1,0,HEM,0.06111439,-0.047224383,-0.01389016,-1.53000000004469e-07,0.99999959,0.94860283,0.0048784046319660015
263,10110833.333333334,4642833.333333333,4316500.0,312250.0,455866.6666666667,0.017294601431235054,0.01,0.00152,0.00141,3.0,35.0,0.0012,0.0042,42.0,0.004,0.026,6.0,0.012,0.02,1,0,HEM,0.083932739,0.10977144,-0.19368972,1.4458999999994449e-05,0.99999944,0.97876294,0.0023149710799175976
264,11475833.333333334,5244166.666666667,4964500.0,300250.0,451066.6666666667,0.017294601431235054,0.01,0.00152,0.00141,3.0,35.0,0.0012,0.0042,42.0,0.004,0.026,6.0,0.012,0.02,1,0,HEM,0.10793156,0.1278283,-0.23576147,-1.61000000001299e-06,0.99999993,0.98296561,0.0025728522131416723
265,9915833.333333334,5662833.333333334,4370500.0,297850.0,441466.6666666667,0.017294601431235054,0.01,0.00152,0.00141,3.0,35.0,0.0012,0.0042,42.0,0.004,0.026,6.0,0.012,0.02,1,0,HEM,0.08932908,-0.097865613,0.0085342553,-2.2776999999991193e-06,0.99999998,0.99856843,0.3701706004842902
266,9027500.0,4915166.666666667,4019500.0,279850.0,450533.3333333334,0.017294601431235054,0.01,0.00152,0.00141,3.0,35.0,0.0012,0.0042,42.0,0.004,0.026,6.0,0.012,0.02,1,0,HEM,0.087911944,-0.020291851,-0.067621402,-1.3089999999910118e-06,0.99999995,0.94430059,0.002341534689039229
267,13295833.333333334,3573500.0,2822500.0,271750.0,402000.0,0.017294601431235054,0.01,0.00152,0.00141,3.0,35.0,0.0012,0.0042,42.0,0.004,0.026,6.0,0.012,0.02,0,0,HEM,0.14711601,0.071211213,-0.18905365,0.029273572999999997,0.99999942,0.97389388,0.01838824343682563
268,8832500.0,3867500.0,3578500.0,323350.0,396666.6666666667,0.017294601431235054,0.01,0.00152,0.00141,3.0,35.0,0.0012,0.0042,42.0,0.004,0.026,6.0,0.012,0.02,1,0,HEM,0.062853561,0.1074861,-0.17035446,-1.4799000000009777e-05,0.99999997,0.97534661,0.001032481892840937
269,9872500.0,5516833.333333334,4658500.0,299050.0,432133.3333333333,0.017294601431235054,0.01,0.00152,0.00141,3.0,35.0,0.0012,0.0042,42.0,0.004,0.026,6.0,0.012,0.02,1,0,HEM,0.08801108,0.0057623736,-0.093786544,-1.3090399999998725e-05,0.9999776,0.94546858,0.005947595527041853
270,10782500.0,3613166.666666667,3011500.0,257950.0,451333.3333333334,0.017294601431235054,0.01,0.00152,0.00141,3.0,35.0,0.0012,0.0042,42.0,0.004,0.026,6.0,0.012,0.02,0,0,HEM,0.12829124,0.078048113,-0.17953919,0.026800163000000016,0.99999895,0.97075514,0.028233151657707768
271,12060833.333333332,3709166.6666666665,3569500.0,317650.0,396400.0,0.017294601431235054,0.01,0.00152,0.00141,3.0,35.0,0.0012,0.0042,42.0,0.004,0.026,6.0,0.012,0.02,0,0,HEM,0.10426363,0.10053112,-0.1925579,0.012236849999999994,0.99996441,0.95775777,0.00021804108847305932
272,8507500.0,5075500.0,4226500.0,309850.0,446800.0,0.017294601431235054,0.01,0.00152,0.00141,3.0,35.0,0.0012,0.0042,42.0,0.004,0.026,6.0,0.012,0.02,1,0,HEM,0.063325917,-0.058536449,-0.004789464,3.999999997894577e-09,0.99973031,0.94918772,0.03411498142067935
273,11779166.666666668,4879500.0,3596500.0,256150.0,386000.0,0.017294601431235054,0.01,0.00152,0.00141,3.0,35.0,0.0012,0.0042,42.0,0.004,0.026,6.0,0.012,0.02,0,0,0,0,0,0,0,0,0,0
274,8702500.0,6343833.333333333,5261500.0,327850.0,440933.3333333333,0.017294601431235054,0.01,0.00152,0.00141,3.0,35.0,0.0012,0.0042,42.0,0.004,0.026,6.0,0.012,0.02,1,0,HEM,0.060310598,-0.14437922,0.084068622,-1.3877787807814457e-17,0.99999998,0.99912159,0.1456399608138255
275,12927500.0,5978500.0,5423500.0,313750.0,399600.0,0.017294601431235054,0.01,0.00152,0.00141,3.0,35.0,0.0012,0.0042,42.0,0.004,0.026,6.0,0.012,0.02,1,0,HEM,0.11555813,0.15954246,-0.27510221,-1.620000000035482e-06,0.9999999,0.9755295,0.0017399434003675515
276,7727500.0,4782166.666666667,3704500.0,324850.0,446266.6666666667,0.017294601431235054,0.01,0.00152,0.00141,3.0,35.0,0.0012,0.0042,42.0,0.004,0.026,6.0,0.012,0.02,1,0,HEM,0.05230489,-0.1019483,0.049643315,-9.500000000550735e-08,0.99999998,0.99906079,0.19607334889640637
277,9092500.0,5910833.333333333,4856500.0,313450.0,402800.0,0.017294601431235054,0.01,0.00152,0.00141,3.0,35.0,0.0012,0.0042,42.0,0.004,0.026,6.0,0.012,0.02,1,0,HEM,0.069404473,-0.10495464,0.03555009,-7.700000000804286e-08,0.99999998,0.99895159,0.18038758692749876
278,9959166.666666668,5456500.0,4649500.0,337750.0,449200.0,0.017294601431235054,0.01,0.00152,0.00141,3.0,35.0,0.0012,0.0042,42.0,0.004,0.026,6.0,0.012,0.02,1,0,HEM,0.071613354,0.01205926,-0.083685859,-1.3244999999995066e-05,0.99999406,0.9454598,0.0023090889541194913
279,7835833.333333333,4017166.6666666665,3317500.0,326650.0,392133.3333333333,0.017294601431235054,0.01,0.00152,0.00141,3.0,35.0,0.0012,0.0042,42.0,0.004,0.026,6.0,0.012,0.02,1,0,HEM,0.052845663,-0.0054601173,-0.047386633,-1.087299999993907e-06,0.99999988,0.94517876,0.0027640127941995175
280,9980833.333333334,4249833.333333334,3335500.0,275050.0,381200.0,0.017294601431235054,0.01,0.00152,0.00141,3.0,35.0,0.0012,0.0042,42.0,0.004,0.026,6.0,0.012,0.02,0,0,HEM,0.10561687,0.029744835,-0.13441505,0.0009466549999999907,0.99999912,0.96802929,0.002000351958859327
281,12429166.666666666,4145500.0,4010500.0,331750.0,433733.3333333333,0.017294601431235054,0.01,0.00152,0.00141,3.0,35.0,0.0012,0.0042,42.0,0.004,0.026,6.0,0.012,0.02,0,0,HEM,0.10065932,0.11323265,-0.22182927,-0.007937300000000008,0.99999983,0.9771294,0.0026329724021437666
282,13642500.0,4963500.0,4478500.0,312850.0,452400.0,0.017294601431235054,0.01,0.00152,0.00141,3.0,35.0,0.0012,0.0042,42.0,0.004,0.026,6.0,0.012,0.02,0,0,HEM,0.12324724,0.12144823,-0.24536021,-0.000664739999999997,0.99999666,0.97858157,0.0060552084135345715
283,12667500.0,5328166.666666666,3830500.0,321850.0,406800.0,0.017294601431235054,0.01,0.00152,0.00141,3.0,35.0,0.0012,0.0042,42.0,0.004,0.026,6.0,0.012,0.02,1,0,HEM,0.10825379,-0.012905361,-0.09534788,5.490000000024642e-07,0.99999983,0.95145746,0.005713822966257593
284,12645833.333333334,4520166.666666667,3344500.0,259150.0,441200.0,0.017294601431235054,0.01,0.00152,0.00141,3.0,35.0,0.0012,0.0042,42.0,0.004,0.026,6.0,0.012,0.02,0,0,0,0,0,0,0,0,0,0
285,8377500.0,5813500.0,4334500.0,263950.0,445466.6666666667,0.017294601431235054,0.01,0.00152,0.00141,3.0,35.0,0.0012,0.0042,42.0,0.004,0.026,6.0,0.012,0.02,1,0,HEM,0.089274274,-0.18176557,0.092492855,1.5590000000120785e-06,0.99999998,0.99913223,0.28908220652216216
286,10630833.333333334,5090166.666666667,4082500.0,339550.0,412400.0,0.017294601431235054,0.01,0.00152,0.00141,3.0,35.0,0.0012,0.0042,42.0,0.004,0.026,6.0,0.012,0.02,1,0,HEM,0.078616168,0.0071200984,-0.085752196,-1.5929600000005872e-05,0.99999602,0.94642536,0.003614511759628792
287,10912500.0,4493500.0,4064500.0,300550.0,428666.6666666667,0.017294601431235054,0.01,0.00152,0.00141,3.0,35.0,0.0012,0.0042,42.0,0.004,0.026,6.0,0.012,0.02,1,0,HEM,0.10094694,0.11098429,-0.21185266,7.857000000000003e-05,0.99999993,0.97575515,0.003090041649129066
288,9005833.333333334,4834833.333333333,4676500.0,337450.0,408933.3333333333,0.017294601431235054,0.01,0.00152,0.00141,3.0,35.0,0.0012,0.0042,42.0,0.004,0.026,6.0,0.012,0.02,1,0,HEM,0.06107889,0.13202779,-0.193104,2.6800000000049007e-06,0.99999993,0.9787376,0.00044622821939941515
289,11909166.666666668,5312500.0,4631500.0,268150.0,408666.6666666667,0.017294601431235054,0.01,0.00152,0.00141,3.0,35.0,0.0012,0.0042,42.0,0.004,0.026,6.0,0.012,0.02,0,0,0,0,0,0,0,0,0,0
290,7662500.0,4920166.666666666,3758500.0,328450.0,390266.6666666667,0.017294601431235054,0.01,0.00152,0.00141,3.0,35.0,0.0012,0.0042,42.0,0.004,0.026,6.0,0.012,0.02,1,0,HEM,0.051157147,-0.12357813,0.072420968,-1.4999999992104662e-08,0.99999988,0.99906205,0.09260242960600036
291,11649166.666666668,3923500.0,3200500.0,274150.0,385733.3333333333,0.017294601431235054,0.01,0.00152,0.00141,3.0,35.0,0.0012,0.0042,42.0,0.004,0.026,6.0,0.012,0.02,0,0,HEM,0.1273382,0.089457734,-0.19564094,0.02115499400000001,0.99982329,0.95723579,0.004459798777841058
292,10327500.0,3418500.0,2849500.0,281050.0,413466.6666666667,0.017294601431235054,0.01,0.00152,0.00141,3.0,35.0,0.0012,0.0042,42.0,0.004,0.026,6.0,0.012,0.02,0,0,HEM,0.10613115,0.07128193,-0.17543543,0.0019776499999999975,0.99999991,0.96699545,0.003520205930764887
293,12905833.333333334,4258166.666666667,2858500.0,308650.0,459600.0,0.017294601431235054,0.01,0.00152,0.00141,3.0,35.0,0.0012,0.0042,42.0,0.004,0.026,6.0,0.012,0.02,0,0,HEM,0.11843097,0.018908735,-0.13964527,-0.0023055649999999817,0.99988462,0.97205595,0.002454524470525059
294,8767500.0,3486833.3333333335,3020500.0,320050.0,412933.3333333333,0.017294601431235054,0.01,0.00152,0.00141,3.0,35.0,0.0012,0.0042,42.0,0.004,0.026,6.0,0.012,0.02,1,0,HEM,0.063092706,0.082100486,-0.14525966,-6.646800000001396e-05,0.99999864,0.95916304,0.002257296284771664
295,12624166.666666668,5721833.333333333,4289500.0,288850.0,403066.6666666667,0.017294601431235054,0.01,0.00152,0.00141,3.0,35.0,0.0012,0.0042,42.0,0.004,0.026,6.0,0.012,0.02,0,0,HEM,0.12828528,0.0080393078,-0.13597819,0.00034639780000000897,0.99999956,0.9459803,0.002541690009215014
296,12580833.333333334,4626500.0,4127500.0,299950.0,433200.0,0.017294601431235054,0.01,0.00152,0.00141,3.0,35.0,0.0012,0.0042,42.0,0.004,0.026,6.0,0.012,0.02,0,0,HEM,0.12050806,0.11123657,-0.23306383,-0.0013191999999999926,0.99997331,0.97032687,0.0033185352437321734
297,11107500.0,6028833.333333334,4694500.0,306850.0,452666.6666666667,0.017294601431235054,0.01,0.00152,0.00141,3.0,35.0,0.0012,0.0042,42.0,0.004,0.026,6.0,0.012,0.02,1,0,HEM,0.099576461,-0.065438192,-0.034138695,-4.25999999997817e-07,0.99999955,0.94509487,0.0033668845642366076
298,13447500.0,5463833.333333333,4451500.0,273850.0,394000.0,0.017294601431235054,0.01,0.00152,0.00141,3.0,35.0,0.0012,0.0042,42.0,0.004,0.026,6.0,0.012,0.02,0,0,0,0,0,0,0,0,0,0
299,8637500.0,4181166.666666667,3425500.0,329350.0,429466.6666666667,0.017294601431235054,0.01,0.00152,0.00141,3.0,35.0,0.0012,0.0042,42.0,0.004,0.026,6.0,0.012,0.02,1,0,HEM,0.059302895,0.0045570292,-0.063866596,-6.671799999996564e-06,0.99999558,0.94393357,0.0036089639262619805
