,Unnamed: 0,Dmix,Lmix,X,pressure
0,0,0.003,0.01,0.0015290313999999,3297443.5
1,1,0.003,0.01,0.0047987834999999,3296724.5
2,2,0.003,0.01,0.008070535,3294789.0
3,3,0.003,0.01,0.0113420454999999,3290315.5
4,4,0.003,0.01,0.013838875,3276006.5
5,5,0.003,0.01,0.01449621,3274049.0
6,6,0.003,0.01,0.01504887,3267971.5
7,7,0.003,0.01,0.0155625599999999,3284807.5
8,8,0.003,0.01,0.016093435,3266259.5
9,9,0.003,0.01,0.016611545,3240137.5
10,10,0.003,0.01,0.01715603,3290754.5
11,11,0.003,0.01,0.01770026,3271874.5
12,12,0.003,0.01,0.018219375,3214411.5
13,13,0.003,0.01,0.018773315,3153494.0
14,14,0.003,0.01,0.0193600249999999,3042601.5
15,15,0.003,0.01,0.020104595,2676762.0
16,16,0.003,0.01,0.020931935,2441336.0
17,17,0.003,0.01,0.02178742,2630534.0
18,18,0.003,0.01,0.022685375,2665194.0
19,19,0.003,0.01,0.023544795,2580427.5
20,20,0.003,0.01,0.02444097,2607547.5
21,21,0.003,0.01,0.0253018,2664586.0
22,22,0.003,0.01,0.0262028449999999,2720281.0
23,23,0.003,0.01,0.0270737249999999,2752781.5
24,24,0.003,0.01,0.027959705,2741128.0
25,25,0.003,0.01,0.0288606299999999,2657454.0
26,26,0.003,0.01,0.030084745,2238827.0
27,27,0.003,0.01,0.032059015,2915669.0
28,28,0.003,0.01,0.0340652849999999,3234104.5
29,29,0.003,0.01,0.036071885,3391457.0
30,30,0.003,0.01,0.03807832,3490103.5
31,31,0.003,0.01,0.04008462,3557510.0
32,32,0.003,0.01,0.0420908349999999,3606267.5
33,33,0.003,0.01,0.044096995,3642787.0
34,34,0.003,0.01,0.046103115,3670839.0
35,35,0.003,0.01,0.04810921,3692815.5
36,36,0.003,0.01,0.05011525,3710284.5
37,37,0.003,0.01,0.0521212499999999,3724350.0
38,38,0.003,0.01,0.05412725,3735801.0
39,39,0.003,0.01,0.0561331699999999,3745212.5
40,40,0.003,0.01,0.058139145,3753017.0
41,41,0.003,0.01,0.06014505,3759535.0
42,42,0.003,0.01,0.06211173,3764923.0
43,43,0.003,0.01,0.064056555,3769405.0
44,44,0.003,0.01,0.0660624099999999,3773349.0
45,45,0.003,0.01,0.068068265,3776727.0
46,46,0.003,0.01,0.070074105,3779630.0
47,47,0.003,0.01,0.072079955,3782140.5
48,48,0.003,0.01,0.0740858,3784316.5
49,49,0.003,0.01,0.0760916599999999,3786202.5
50,50,0.003,0.01,0.0780975499999999,3787829.5
51,51,0.003,0.01,0.080103555,3789258.5
52,52,0.003,0.01,0.08210978,3790593.0
53,53,0.003,0.01,0.08411642,3791835.0
54,54,0.003,0.01,0.08612328,3792937.5
55,55,0.003,0.01,0.0881299499999999,3793892.0
56,56,0.003,0.01,0.09013638,3794713.5
57,57,0.003,0.01,0.09214261,3795437.0
58,58,0.003,0.01,0.094148785,3796075.0
59,59,0.003,0.01,0.0961548499999999,3796647.5
60,60,0.003,0.01,0.09816085,3797160.5
61,61,0.003,0.01,0.1001668699999999,3797621.0
62,62,0.003,0.01,0.1021728499999999,3798038.5
63,63,0.003,0.01,0.10417875,3798413.0
64,64,0.003,0.01,0.1061845999999999,3798754.5
65,65,0.003,0.01,0.1081905,3799064.0
66,66,0.003,0.01,0.11019635,3799346.0
67,67,0.003,0.01,0.11220215,3799605.5
68,68,0.003,0.01,0.1142077,3799841.0
69,69,0.003,0.01,0.1163859999999999,3799979.0
70,70,0.003,0.01,0.1187947,3799994.0
71,71,0.003,0.01,0.1212043999999999,3800000.0
72,72,0.003,0.01,0.123614,3800000.0
0,0,0.003,0.02,0.0013937673499999,3295369.5
1,1,0.003,0.02,0.0044976355,3294655.5
2,2,0.003,0.02,0.0076727854999999,3291898.5
3,3,0.003,0.02,0.0108478615,3285635.5
4,4,0.003,0.02,0.01358554,3265456.0
5,5,0.003,0.02,0.014435305,3254570.0
6,6,0.003,0.02,0.01506383,3240304.0
7,7,0.003,0.02,0.015664385,3260945.0
8,8,0.003,0.02,0.01623315,3150935.5
9,9,0.003,0.02,0.016849315,3231088.0
10,10,0.003,0.02,0.017500255,3238833.0
11,11,0.003,0.02,0.01812273,3147322.0
12,12,0.003,0.02,0.018788785,3065734.0
13,13,0.003,0.02,0.01955593,2835249.0
14,14,0.003,0.02,0.0205263449999999,2654493.5
15,15,0.003,0.02,0.021516115,2749060.5
16,16,0.003,0.02,0.022523405,2695545.5
17,17,0.003,0.02,0.023567675,2704545.0
18,18,0.003,0.02,0.02457631,2713185.0
19,19,0.003,0.02,0.025628195,2722650.0
20,20,0.003,0.02,0.02662925,2738593.5
21,21,0.003,0.02,0.02768201,2759473.0
22,22,0.003,0.02,0.0287016649999999,2777680.5
23,23,0.003,0.02,0.03010506,2934812.0
24,24,0.003,0.02,0.03210375,3195791.5
25,25,0.003,0.02,0.0341097599999999,3350397.5
26,26,0.003,0.02,0.0361159199999999,3452750.5
27,27,0.003,0.02,0.03812221,3525385.0
28,28,0.003,0.02,0.04012858,3579153.0
29,29,0.003,0.02,0.0421348899999999,3619861.5
30,30,0.003,0.02,0.044141105,3651177.0
31,31,0.003,0.02,0.04614722,3675730.0
32,32,0.003,0.02,0.04815325,3695327.0
33,33,0.003,0.02,0.050159235,3711189.0
34,34,0.003,0.02,0.0521651299999999,3724184.5
35,35,0.003,0.02,0.054171015,3734933.5
36,36,0.003,0.02,0.0561768549999999,3743898.5
37,37,0.003,0.02,0.05818267,3751432.5
38,38,0.003,0.02,0.0601884399999999,3757805.0
39,39,0.003,0.02,0.06219418,3763229.5
40,40,0.003,0.02,0.06419989,3767873.0
41,41,0.003,0.02,0.06620558,3771868.5
42,42,0.003,0.02,0.06821128,3775328.5
43,43,0.003,0.02,0.070199705,3778313.5
44,44,0.003,0.02,0.072122315,3780822.5
45,45,0.003,0.02,0.074127975,3783116.5
46,46,0.003,0.02,0.076133645,3785136.0
47,47,0.003,0.02,0.07813936,3786906.0
48,48,0.003,0.02,0.080145115,3788480.5
49,49,0.003,0.02,0.08215105,3789932.5
50,50,0.003,0.02,0.0841572049999999,3791274.0
51,51,0.003,0.02,0.08616353,3792478.0
52,52,0.003,0.02,0.08816987,3793551.5
53,53,0.003,0.02,0.0901761049999999,3794500.5
54,54,0.003,0.02,0.092182085,3795334.5
55,55,0.003,0.02,0.09418801,3796072.0
56,56,0.003,0.02,0.09619391,3796730.0
57,57,0.003,0.02,0.098199685,3797322.5
58,58,0.003,0.02,0.10020543,3797856.5
59,59,0.003,0.02,0.10221115,3798339.5
60,60,0.003,0.02,0.10421685,3798777.0
61,61,0.003,0.02,0.10622245,3799176.0
62,62,0.003,0.02,0.1082280499999999,3799536.5
63,63,0.003,0.02,0.11026975,3799824.0
64,64,0.003,0.02,0.11261295,3799941.5
65,65,0.003,0.02,0.1150225,3799968.0
66,66,0.003,0.02,0.11738355,3799985.0
0,0,0.003,0.03,0.0012479536,3296804.0
1,1,0.003,0.03,0.0040496429999999,3296687.5
2,2,0.003,0.03,0.0069076835,3295377.5
3,3,0.003,0.03,0.0097652005,3292770.0
4,4,0.003,0.03,0.0126052699999999,3285495.0
5,5,0.003,0.03,0.01417043,3267186.0
6,6,0.003,0.03,0.014876445,3273379.5
7,7,0.003,0.03,0.015557325,3252724.5
8,8,0.003,0.03,0.016204685,3234276.5
9,9,0.003,0.03,0.016888795,3278379.0
10,10,0.003,0.03,0.0176263499999999,3271479.0
11,11,0.003,0.03,0.01834466,3214090.0
12,12,0.003,0.03,0.019125365,3222882.5
13,13,0.003,0.03,0.0201174599999999,3138260.5
14,14,0.003,0.03,0.02130217,3163185.5
15,15,0.003,0.03,0.02246752,3168660.0
16,16,0.003,0.03,0.02367243,3177431.5
17,17,0.003,0.03,0.0248532099999999,3189638.5
18,18,0.003,0.03,0.0260220699999999,3205067.0
19,19,0.003,0.03,0.0272146649999999,3231735.5
20,20,0.003,0.03,0.0283719049999999,3262983.5
21,21,0.003,0.03,0.0297191449999999,3310948.5
22,22,0.003,0.03,0.0316308,3401476.0
23,23,0.003,0.03,0.03356155,3480029.5
24,24,0.003,0.03,0.035537975,3546025.5
25,25,0.003,0.03,0.0374710099999999,3597477.5
26,26,0.003,0.03,0.0393842649999999,3637948.5
27,27,0.003,0.03,0.041305025,3669490.0
28,28,0.003,0.03,0.0432261,3694110.0
29,29,0.003,0.03,0.045193555,3712354.5
30,30,0.003,0.03,0.0471981349999999,3726294.0
31,31,0.003,0.03,0.04920209,3737194.0
32,32,0.003,0.03,0.05120587,3746042.5
33,33,0.003,0.03,0.05320965,3753397.0
34,34,0.003,0.03,0.055213415,3759586.5
35,35,0.003,0.03,0.057217135,3764836.5
36,36,0.003,0.03,0.0592208,3769324.5
37,37,0.003,0.03,0.061224435,3773182.0
38,38,0.003,0.03,0.0632280299999999,3776517.0
39,39,0.003,0.03,0.065231575,3779410.0
40,40,0.003,0.03,0.067235095,3781931.0
41,41,0.003,0.03,0.06923859,3784135.5
42,42,0.003,0.03,0.071242055,3786073.0
43,43,0.003,0.03,0.073245515,3787775.5
44,44,0.003,0.03,0.075248975,3789283.0
45,45,0.003,0.03,0.077252435,3790619.0
46,46,0.003,0.03,0.07925592,3791807.5
47,47,0.003,0.03,0.0812594,3792873.0
48,48,0.003,0.03,0.083262875,3793834.5
49,49,0.003,0.03,0.085266365,3794703.5
50,50,0.003,0.03,0.08724334,3795477.5
51,51,0.003,0.03,0.089173395,3796157.0
52,52,0.003,0.03,0.091177025,3796794.0
53,53,0.003,0.03,0.09318057,3797367.5
54,54,0.003,0.03,0.0951840499999999,3797883.5
55,55,0.003,0.03,0.097187545,3798350.0
56,56,0.003,0.03,0.09919098,3798770.0
57,57,0.003,0.03,0.10119435,3799154.0
58,58,0.003,0.03,0.10319765,3799500.5
59,59,0.003,0.03,0.1052107499999999,3799791.5
60,60,0.003,0.03,0.1074984999999999,3799934.5
61,61,0.003,0.03,0.1099085,3799966.0
62,62,0.003,0.03,0.11231165,3799983.5
63,63,0.003,0.03,0.11460725,3799995.0
0,0,0.003,0.04,0.00123737305,3298345.5
1,1,0.003,0.04,0.0040350685,3298226.5
2,2,0.003,0.04,0.006883571,3297468.5
3,3,0.003,0.04,0.009731192,3296076.5
4,4,0.003,0.04,0.012569845,3292317.5
5,5,0.003,0.04,0.01419215,3281914.5
6,6,0.003,0.04,0.0150007849999999,3267357.0
7,7,0.003,0.04,0.01571309,3285546.5
8,8,0.003,0.04,0.0165321,3275495.5
9,9,0.003,0.04,0.01742417,3311570.0
10,10,0.003,0.04,0.018231015,3262457.5
11,11,0.003,0.04,0.01910806,3291499.0
12,12,0.003,0.04,0.0202199499999999,3258739.5
13,13,0.003,0.04,0.02156733,3273087.0
14,14,0.003,0.04,0.02286144,3281668.5
15,15,0.003,0.04,0.024173255,3293492.5
16,16,0.003,0.04,0.025457265,3330385.5
17,17,0.003,0.04,0.026723555,3399816.5
18,18,0.003,0.04,0.02795528,3472592.5
19,19,0.003,0.04,0.0291881599999999,3534086.5
20,20,0.003,0.04,0.0308257649999999,3600624.0
21,21,0.003,0.04,0.03265697,3652466.5
22,22,0.003,0.04,0.034547335,3684721.0
23,23,0.003,0.04,0.0365193699999999,3706001.5
24,24,0.003,0.04,0.03843815,3720952.5
25,25,0.003,0.04,0.0404293149999999,3732919.5
26,26,0.003,0.04,0.04243401,3742702.0
27,27,0.003,0.04,0.04443859,3750783.0
28,28,0.003,0.04,0.0464430999999999,3757544.0
29,29,0.003,0.04,0.048447555,3763247.5
30,30,0.003,0.04,0.050452,3768088.5
31,31,0.003,0.04,0.052456385,3772219.0
32,32,0.003,0.04,0.05446076,3775762.5
33,33,0.003,0.04,0.05646514,3778816.5
34,34,0.003,0.04,0.0584694599999999,3781461.0
35,35,0.003,0.04,0.060473755,3783758.5
36,36,0.003,0.04,0.062478045,3785764.0
37,37,0.003,0.04,0.06439196,3787439.0
38,38,0.003,0.04,0.06638633,3788969.5
39,39,0.003,0.04,0.06839058,3790327.0
40,40,0.003,0.04,0.07039481,3791528.0
41,41,0.003,0.04,0.0723990499999999,3792597.0
42,42,0.003,0.04,0.0744032899999999,3793549.0
43,43,0.003,0.04,0.0764075299999999,3794399.0
44,44,0.003,0.04,0.0784118,3795163.0
45,45,0.003,0.04,0.0804160949999999,3795847.5
46,46,0.003,0.04,0.082420395,3796461.0
47,47,0.003,0.04,0.08442466,3797014.0
48,48,0.003,0.04,0.086428825,3797512.0
49,49,0.003,0.04,0.0884329599999999,3797962.0
50,50,0.003,0.04,0.0904371149999999,3798368.0
51,51,0.003,0.04,0.09244126,3798737.0
52,52,0.003,0.04,0.0944453899999999,3799072.5
53,53,0.003,0.04,0.0964493999999999,3799378.5
54,54,0.003,0.04,0.09844246,3799658.0
55,55,0.003,0.04,0.100363055,3799887.5
56,56,0.003,0.04,0.1026345999999999,3799994.0
57,57,0.003,0.04,0.1049542999999999,3800000.0
58,58,0.003,0.04,0.1073335,3800000.0
59,59,0.003,0.04,0.1097431,3800000.0
0,0,0.003,0.05,0.00131157495,3299919.5
1,1,0.003,0.05,0.0042458155,3299910.5
2,2,0.003,0.05,0.0072414454999999,3299868.5
3,3,0.003,0.05,0.0102370404999999,3299788.5
4,4,0.003,0.05,0.0130914,3298958.5
5,5,0.003,0.05,0.01454139,3288742.5
6,6,0.003,0.05,0.01551226,3287938.0
7,7,0.003,0.05,0.016468755,3296103.5
8,8,0.003,0.05,0.017367255,3316946.0
9,9,0.003,0.05,0.018305685,3296697.5
10,10,0.003,0.05,0.019364795,3305093.5
11,11,0.003,0.05,0.0207857049999999,3306616.5
12,12,0.003,0.05,0.022259775,3332097.0
13,13,0.003,0.05,0.02368331,3384087.5
14,14,0.003,0.05,0.02504938,3463584.0
15,15,0.003,0.05,0.026328485,3553404.0
16,16,0.003,0.05,0.0275052599999999,3631788.0
17,17,0.003,0.05,0.0286400449999999,3693620.0
18,18,0.003,0.05,0.0300901,3738781.5
19,19,0.003,0.05,0.031948845,3759469.5
20,20,0.003,0.05,0.03395173,3767157.5
21,21,0.003,0.05,0.035957825,3772058.0
22,22,0.003,0.05,0.03796367,3776019.0
23,23,0.003,0.05,0.039969445,3779330.0
24,24,0.003,0.05,0.0419751699999999,3782115.0
25,25,0.003,0.05,0.043980885,3784472.0
26,26,0.003,0.05,0.04598659,3786480.0
27,27,0.003,0.05,0.04799227,3788201.5
28,28,0.003,0.05,0.0499979299999999,3789682.0
29,29,0.003,0.05,0.0520036,3790964.0
30,30,0.003,0.05,0.05400927,3792075.5
31,31,0.003,0.05,0.056014945,3793045.0
32,32,0.003,0.05,0.0580206149999999,3793894.0
33,33,0.003,0.05,0.0600262849999999,3794638.0
34,34,0.003,0.05,0.06203195,3795297.0
35,35,0.003,0.05,0.0640376,3795878.0
36,36,0.003,0.05,0.0660432399999999,3796395.0
37,37,0.003,0.05,0.06804889,3796853.5
38,38,0.003,0.05,0.070054535,3797263.5
39,39,0.003,0.05,0.07206018,3797628.0
40,40,0.003,0.05,0.074065815,3797953.5
41,41,0.003,0.05,0.076071375,3798247.5
42,42,0.003,0.05,0.07807694,3798511.5
43,43,0.003,0.05,0.080082535,3798748.0
44,44,0.003,0.05,0.08208813,3798964.5
45,45,0.003,0.05,0.084093695,3799157.0
46,46,0.003,0.05,0.0860991599999999,3799332.5
47,47,0.003,0.05,0.08810461,3799492.0
48,48,0.003,0.05,0.09011005,3799637.5
49,49,0.003,0.05,0.0921155,3799771.5
50,50,0.003,0.05,0.09412085,3799899.5
51,51,0.003,0.05,0.096181485,3800013.5
52,52,0.003,0.05,0.098545605,3800013.0
53,53,0.003,0.05,0.100955245,3800008.0
54,54,0.003,0.05,0.1033649,3800000.0
0,0,0.0035,0.01,0.0015290027,3297726.5
1,1,0.0035,0.01,0.004798699,3297020.5
2,2,0.0035,0.01,0.0080703104999999,3295208.5
3,3,0.0035,0.01,0.0112590065,3291274.0
4,4,0.0035,0.01,0.01375424,3278926.5
5,5,0.0035,0.01,0.01444128,3273566.0
6,6,0.0035,0.01,0.015003515,3273707.5
7,7,0.0035,0.01,0.0155141549999999,3261075.0
8,8,0.0035,0.01,0.01601235,3272063.5
9,9,0.0035,0.01,0.016552985,3278447.5
10,10,0.0035,0.01,0.0171578049999999,3309696.0
11,11,0.0035,0.01,0.01769759,3271497.5
12,12,0.0035,0.01,0.0182188649999999,3221135.0
13,13,0.0035,0.01,0.0187759349999999,3175124.5
14,14,0.0035,0.01,0.01937119,3075196.0
15,15,0.0035,0.01,0.020137035,2825037.5
16,16,0.0035,0.01,0.02097791,2872782.5
17,17,0.0035,0.01,0.021857025,2924006.5
18,18,0.0035,0.01,0.02272118,2913021.5
19,19,0.0035,0.01,0.0236185,2969214.0
20,20,0.0035,0.01,0.0244782999999999,3019318.5
21,21,0.0035,0.01,0.025349525,3086410.5
22,22,0.0035,0.01,0.02622759,3141423.0
23,23,0.0035,0.01,0.0270917399999999,3165386.5
24,24,0.0035,0.01,0.0279927349999999,3167282.0
25,25,0.0035,0.01,0.0288936649999999,3154334.5
26,26,0.0035,0.01,0.0297945749999999,3132997.0
27,27,0.0035,0.01,0.030695495,3106930.5
28,28,0.0035,0.01,0.03159641,3078032.5
29,29,0.0035,0.01,0.03249733,3046344.5
30,30,0.0035,0.01,0.033398255,3011603.0
31,31,0.0035,0.01,0.034299175,2974106.0
32,32,0.0035,0.01,0.03520006,2933038.5
33,33,0.0035,0.01,0.0361009399999999,2886258.5
34,34,0.0035,0.01,0.03700181,2832585.5
35,35,0.0035,0.01,0.037902695,2763973.5
36,36,0.0035,0.01,0.038768705,2658534.0
37,37,0.0035,0.01,0.03991948,2369200.5
38,38,0.0035,0.01,0.04176483,2955997.0
39,39,0.0035,0.01,0.04370579,3224914.0
40,40,0.0035,0.01,0.04571138,3380107.0
41,41,0.0035,0.01,0.04771725,3480524.0
42,42,0.0035,0.01,0.04972325,3549930.0
43,43,0.0035,0.01,0.0517293099999999,3600161.0
44,44,0.0035,0.01,0.053735405,3637766.0
45,45,0.0035,0.01,0.055741495,3666681.0
46,46,0.0035,0.01,0.057747585,3689382.0
47,47,0.0035,0.01,0.0597536749999999,3707452.5
48,48,0.0035,0.01,0.0617597949999999,3722019.5
49,49,0.0035,0.01,0.06376596,3733920.0
50,50,0.0035,0.01,0.06577214,3743767.0
51,51,0.0035,0.01,0.067778355,3751968.5
52,52,0.0035,0.01,0.069784645,3758813.0
53,53,0.0035,0.01,0.071790945,3764546.0
54,54,0.0035,0.01,0.073797235,3769399.0
55,55,0.0035,0.01,0.075803575,3773552.5
56,56,0.0035,0.01,0.077809975,3777089.0
57,57,0.0035,0.01,0.07981644,3780081.5
58,58,0.0035,0.01,0.081822975,3782666.5
59,59,0.0035,0.01,0.083781795,3784878.5
60,60,0.0035,0.01,0.085735875,3786762.0
61,61,0.0035,0.01,0.08774243,3788429.5
62,62,0.0035,0.01,0.08974886,3789884.0
63,63,0.0035,0.01,0.09175519,3791156.5
64,64,0.0035,0.01,0.09376145,3792279.0
65,65,0.0035,0.01,0.095767605,3793265.0
66,66,0.0035,0.01,0.0977736999999999,3794136.0
67,67,0.0035,0.01,0.09977973,3794910.5
68,68,0.0035,0.01,0.1017857,3795598.0
69,69,0.0035,0.01,0.1037915999999999,3796211.5
70,70,0.0035,0.01,0.1057974999999999,3796763.0
71,71,0.0035,0.01,0.1078034,3797256.0
72,72,0.0035,0.01,0.10976715,3797692.0
73,73,0.0035,0.01,0.1117148,3798079.0
74,74,0.0035,0.01,0.1137206499999999,3798438.5
75,75,0.0035,0.01,0.11572655,3798766.0
76,76,0.0035,0.01,0.11773245,3799063.5
77,77,0.0035,0.01,0.1197383,3799333.0
78,78,0.0035,0.01,0.121744,3799581.5
79,79,0.0035,0.01,0.1237496,3799810.0
80,80,0.0035,0.01,0.1258611499999999,3799969.5
81,81,0.0035,0.01,0.12825585,3799997.0
82,82,0.0035,0.01,0.1306655,3800000.0
83,83,0.0035,0.01,0.1330754,3800000.0
0,0,0.0035,0.02,0.0014840194,3295681.0
1,1,0.0035,0.02,0.0046575715,3294502.0
2,2,0.0035,0.02,0.0078329,3291377.0
3,3,0.0035,0.02,0.0110078625,3284872.0
4,4,0.0035,0.02,0.013681815,3264841.0
5,5,0.0035,0.02,0.0144895699999999,3261277.0
6,6,0.0035,0.02,0.015106735,3209743.0
7,7,0.0035,0.02,0.01569403,3204839.5
8,8,0.0035,0.02,0.016323765,3279396.0
9,9,0.0035,0.02,0.01696298,3242600.5
10,10,0.0035,0.02,0.0175891899999999,3163074.5
11,11,0.0035,0.02,0.018264125,3100587.0
12,12,0.0035,0.02,0.01908996,2907692.5
13,13,0.0035,0.02,0.02012679,2901675.0
14,14,0.0035,0.02,0.02115679,2914444.5
15,15,0.0035,0.02,0.0221797199999999,2918942.0
16,16,0.0035,0.02,0.023225995,2938245.5
17,17,0.0035,0.02,0.02423269,2957510.5
18,18,0.0035,0.02,0.0252679049999999,2987553.0
19,19,0.0035,0.02,0.0262858199999999,3024380.5
20,20,0.0035,0.02,0.0273059349999999,3056221.5
21,21,0.0035,0.02,0.0283388949999999,3074260.5
22,22,0.0035,0.02,0.029364245,3081127.0
23,23,0.0035,0.02,0.030391745,3080000.0
24,24,0.0035,0.02,0.03144442,3073089.0
25,25,0.0035,0.02,0.032497085,3062267.5
26,26,0.0035,0.02,0.03354972,3048905.0
27,27,0.0035,0.02,0.034602375,3033944.0
28,28,0.0035,0.02,0.035655015,3018080.5
29,29,0.0035,0.02,0.036696235,3001967.5
30,30,0.0035,0.02,0.03770768,2985603.0
31,31,0.0035,0.02,0.0388845699999999,3019194.0
32,32,0.0035,0.02,0.040742775,3221761.0
33,33,0.0035,0.02,0.04274842,3367525.5
34,34,0.0035,0.02,0.044754075,3464700.5
35,35,0.0035,0.02,0.046679865,3531373.0
36,36,0.0035,0.02,0.048665115,3581998.0
37,37,0.0035,0.02,0.0506708,3621120.5
38,38,0.0035,0.02,0.0526764699999999,3651535.5
39,39,0.0035,0.02,0.05468214,3675594.5
40,40,0.0035,0.02,0.056687815,3694908.5
41,41,0.0035,0.02,0.05866716,3710423.0
42,42,0.0035,0.02,0.0605989249999999,3722808.0
43,43,0.0035,0.02,0.062604655,3733514.5
44,44,0.0035,0.02,0.06461042,3742495.0
45,45,0.0035,0.02,0.0666162199999999,3750090.0
46,46,0.0035,0.02,0.068622035,3756557.5
47,47,0.0035,0.02,0.07062789,3762100.5
48,48,0.0035,0.02,0.07263379,3766878.0
49,49,0.0035,0.02,0.07463975,3771015.5
50,50,0.0035,0.02,0.07664575,3774615.0
51,51,0.0035,0.02,0.0786517499999999,3777758.0
52,52,0.0035,0.02,0.080657855,3780515.0
53,53,0.0035,0.02,0.082664025,3782941.5
54,54,0.0035,0.02,0.08467024,3785077.5
55,55,0.0035,0.02,0.086620265,3786905.0
56,56,0.0035,0.02,0.088582805,3788528.5
57,57,0.0035,0.02,0.090589535,3790068.5
58,58,0.0035,0.02,0.09259633,3791447.0
59,59,0.0035,0.02,0.0946030599999999,3792649.5
60,60,0.0035,0.02,0.0966095649999999,3793689.5
61,61,0.0035,0.02,0.09861586,3794596.5
62,62,0.0035,0.02,0.10062201,3795394.0
63,63,0.0035,0.02,0.10262805,3796102.5
64,64,0.0035,0.02,0.10463395,3796735.0
65,65,0.0035,0.02,0.1066399,3797304.5
66,66,0.0035,0.02,0.1086457,3797817.5
67,67,0.0035,0.02,0.1106514499999999,3798281.5
68,68,0.0035,0.02,0.1126572999999999,3798700.0
69,69,0.0035,0.02,0.1146629999999999,3799085.5
70,70,0.0035,0.02,0.1166686,3799434.0
71,71,0.0035,0.02,0.1186740999999999,3799741.5
72,72,0.0035,0.02,0.1208714999999999,3799925.0
73,73,0.0035,0.02,0.1232813,3799965.0
74,74,0.0035,0.02,0.125691,3799980.5
75,75,0.0035,0.02,0.1281007,3799993.0
0,0,0.0035,0.03,0.00125571235,3296521.5
1,1,0.0035,0.03,0.0040503534999999,3296291.5
2,2,0.0035,0.03,0.006908617,3294779.0
3,3,0.0035,0.03,0.0097663854999999,3291886.5
4,4,0.0035,0.03,0.012607125,3284185.5
5,5,0.0035,0.03,0.01416894,3266700.0
6,6,0.0035,0.03,0.014878525,3265332.5
7,7,0.0035,0.03,0.0155227049999999,3266666.5
8,8,0.0035,0.03,0.0161865649999999,3234770.0
9,9,0.0035,0.03,0.0168535,3256965.5
10,10,0.0035,0.03,0.0175897999999999,3247923.0
11,11,0.0035,0.03,0.0183128899999999,3209263.5
12,12,0.0035,0.03,0.019101775,3197179.5
13,13,0.0035,0.03,0.02012314,3128401.5
14,14,0.0035,0.03,0.021224985,3149990.0
15,15,0.0035,0.03,0.022411825,3157462.0
16,16,0.0035,0.03,0.023593145,3165531.5
17,17,0.0035,0.03,0.0247543499999999,3176587.5
18,18,0.0035,0.03,0.0259556849999999,3190948.0
19,19,0.0035,0.03,0.0271115649999999,3214269.0
20,20,0.0035,0.03,0.028298435,3244418.5
21,21,0.0035,0.03,0.02944821,3273513.0
22,22,0.0035,0.03,0.03062518,3300857.5
23,23,0.0035,0.03,0.03178291,3323875.0
24,24,0.0035,0.03,0.03293883,3342919.5
25,25,0.0035,0.03,0.034120025,3357932.0
26,26,0.0035,0.03,0.035267305,3368654.5
27,27,0.0035,0.03,0.03646871,3376328.0
28,28,0.0035,0.03,0.0376103599999999,3380619.0
29,29,0.0035,0.03,0.0388150949999999,3384015.0
30,30,0.0035,0.03,0.040491725,3438005.5
31,31,0.0035,0.03,0.042495675,3514242.0
32,32,0.0035,0.03,0.0444997,3571337.0
33,33,0.0035,0.03,0.0465036449999999,3613982.5
34,34,0.0035,0.03,0.04850741,3646439.5
35,35,0.0035,0.03,0.05051109,3671815.5
36,36,0.0035,0.03,0.052514715,3692063.5
37,37,0.0035,0.03,0.0545182799999999,3708450.0
38,38,0.0035,0.03,0.056521825,3721869.5
39,39,0.0035,0.03,0.0585253249999999,3732965.0
40,40,0.0035,0.03,0.060528805,3742213.0
41,41,0.0035,0.03,0.062532285,3749976.5
42,42,0.0035,0.03,0.06453575,3756538.5
43,43,0.0035,0.03,0.0665392099999999,3762115.0
44,44,0.0035,0.03,0.068542615,3766887.5
45,45,0.0035,0.03,0.070482005,3770866.5
46,46,0.0035,0.03,0.0724491699999999,3774330.5
47,47,0.0035,0.03,0.074452515,3777406.5
48,48,0.0035,0.03,0.076455885,3780093.0
49,49,0.0035,0.03,0.078459275,3782453.0
50,50,0.0035,0.03,0.08046276,3784531.5
51,51,0.0035,0.03,0.082466245,3786370.5
52,52,0.0035,0.03,0.084469725,3788004.0
53,53,0.0035,0.03,0.08647321,3789459.0
54,54,0.0035,0.03,0.0884767,3790760.0
55,55,0.0035,0.03,0.09048021,3791926.0
56,56,0.0035,0.03,0.09248384,3792973.5
57,57,0.0035,0.03,0.094487465,3793917.5
58,58,0.0035,0.03,0.0964911,3794768.5
59,59,0.0035,0.03,0.09849477,3795545.0
60,60,0.0035,0.03,0.100498525,3796252.0
61,61,0.0035,0.03,0.1025023499999999,3796893.0
62,62,0.0035,0.03,0.1045061,3797477.0
63,63,0.0035,0.03,0.1065098499999999,3798002.5
64,64,0.0035,0.03,0.10851355,3798474.5
65,65,0.0035,0.03,0.11051715,3798900.0
66,66,0.0035,0.03,0.1125206,3799285.0
67,67,0.0035,0.03,0.1145239,3799620.5
68,68,0.0035,0.03,0.1167205,3799835.5
69,69,0.0035,0.03,0.1191301499999999,3799909.0
70,70,0.0035,0.03,0.12154,3799948.5
71,71,0.0035,0.03,0.1238478,3799979.5
0,0,0.0035,0.04,0.0012374214,3298566.5
1,1,0.0035,0.04,0.0040351505,3298457.5
2,2,0.0035,0.04,0.0068837139999999,3297797.0
3,3,0.0035,0.04,0.0097314,3296594.5
4,4,0.0035,0.04,0.0125685,3293363.5
5,5,0.0035,0.04,0.014191175,3284619.0
6,6,0.0035,0.04,0.01497039,3273519.5
7,7,0.0035,0.04,0.015745945,3286823.5
8,8,0.0035,0.04,0.01659264,3284520.5
9,9,0.0035,0.04,0.01746841,3305317.0
10,10,0.0035,0.04,0.01828272,3266510.5
11,11,0.0035,0.04,0.0191761799999999,3294251.0
12,12,0.0035,0.04,0.0203651,3271391.5
13,13,0.0035,0.04,0.021713105,3280155.5
14,14,0.0035,0.04,0.023000815,3290371.0
15,15,0.0035,0.04,0.0243058249999999,3309409.0
16,16,0.0035,0.04,0.02558582,3363386.0
17,17,0.0035,0.04,0.026827135,3438967.0
18,18,0.0035,0.04,0.0280469549999999,3511829.0
19,19,0.0035,0.04,0.02924899,3568330.0
20,20,0.0035,0.04,0.030472695,3607492.5
21,21,0.0035,0.04,0.0317163649999999,3630030.0
22,22,0.0035,0.04,0.033009155,3640180.0
23,23,0.0035,0.04,0.034306865,3642730.0
24,24,0.0035,0.04,0.035658335,3641822.0
25,25,0.0035,0.04,0.037009725,3639544.5
26,26,0.0035,0.04,0.0383303849999999,3636352.0
27,27,0.0035,0.04,0.039806555,3641021.5
28,28,0.0035,0.04,0.0417253,3667317.5
29,29,0.0035,0.04,0.043686625,3689361.0
30,30,0.0035,0.04,0.04569105,3707344.5
31,31,0.0035,0.04,0.0476954449999999,3721851.0
32,32,0.0035,0.04,0.04969982,3733674.5
33,33,0.0035,0.04,0.051704185,3743399.5
34,34,0.0035,0.04,0.05370851,3751463.0
35,35,0.0035,0.04,0.0557128099999999,3758200.5
36,36,0.0035,0.04,0.057717105,3763865.0
37,37,0.0035,0.04,0.059721375,3768660.5
38,38,0.0035,0.04,0.061725595,3772741.5
39,39,0.0035,0.04,0.06372981,3776233.0
40,40,0.0035,0.04,0.06573401,3779239.5
41,41,0.0035,0.04,0.067671605,3781754.5
42,42,0.0035,0.04,0.069642215,3783961.0
43,43,0.0035,0.04,0.07164642,3785921.5
44,44,0.0035,0.04,0.07365063,3787638.5
45,45,0.0035,0.04,0.07565479,3789147.5
46,46,0.0035,0.04,0.07765889,3790475.5
47,47,0.0035,0.04,0.079663035,3791649.5
48,48,0.0035,0.04,0.081667175,3792690.0
49,49,0.0035,0.04,0.083671335,3793616.0
50,50,0.0035,0.04,0.085675475,3794441.5
51,51,0.0035,0.04,0.0876796399999999,3795177.5
52,52,0.0035,0.04,0.089683765,3795838.0
53,53,0.0035,0.04,0.091672135,3796427.0
54,54,0.0035,0.04,0.0935917,3796934.0
55,55,0.0035,0.04,0.0955957,3797412.0
56,56,0.0035,0.04,0.0975997,3797845.5
57,57,0.0035,0.04,0.0996037199999999,3798235.0
58,58,0.0035,0.04,0.1016077,3798590.5
59,59,0.0035,0.04,0.1036117,3798913.0
60,60,0.0035,0.04,0.1056156999999999,3799207.5
61,61,0.0035,0.04,0.10761965,3799476.0
62,62,0.0035,0.04,0.10962345,3799717.0
63,63,0.0035,0.04,0.1117825,3799877.5
64,64,0.0035,0.04,0.1141894,3799929.5
65,65,0.0035,0.04,0.116599,3799959.0
66,66,0.0035,0.04,0.1190089999999999,3799983.0
0,0,0.0035,0.05,0.0013173907,3299942.0
1,1,0.0035,0.05,0.0042464619999999,3299933.5
2,2,0.0035,0.05,0.007241928,3299902.5
3,3,0.0035,0.05,0.010237353,3299842.5
4,4,0.0035,0.05,0.01308891,3299112.5
5,5,0.0035,0.05,0.014528165,3314970.5
6,6,0.0035,0.05,0.0154091049999999,3287376.0
7,7,0.0035,0.05,0.016351115,3273299.5
8,8,0.0035,0.05,0.017285395,3350458.5
9,9,0.0035,0.05,0.01819284,3275863.0
10,10,0.0035,0.05,0.019223635,3320939.5
11,11,0.0035,0.05,0.020573055,3303566.5
12,12,0.0035,0.05,0.0220642899999999,3329339.0
13,13,0.0035,0.05,0.023485775,3380544.0
14,14,0.0035,0.05,0.024872955,3458770.5
15,15,0.0035,0.05,0.02617917,3551289.5
16,16,0.0035,0.05,0.0273807849999999,3632729.5
17,17,0.0035,0.05,0.02852167,3695070.0
18,18,0.0035,0.05,0.0297328999999999,3737411.5
19,19,0.0035,0.05,0.0310953249999999,3755275.0
20,20,0.0035,0.05,0.0325628449999999,3758573.0
21,21,0.0035,0.05,0.034066675,3757932.0
22,22,0.0035,0.05,0.035570435,3756803.0
23,23,0.0035,0.05,0.0370742049999999,3755785.0
24,24,0.0035,0.05,0.0385073099999999,3754448.5
25,25,0.0035,0.05,0.0402182199999999,3756476.0
26,26,0.0035,0.05,0.0421637299999999,3763444.5
27,27,0.0035,0.05,0.04412758,3768854.0
28,28,0.0035,0.05,0.0461331349999999,3773408.0
29,29,0.0035,0.05,0.04813865,3777194.0
30,30,0.0035,0.05,0.0501441749999999,3780361.5
31,31,0.0035,0.05,0.0521496949999999,3783031.0
32,32,0.0035,0.05,0.05415522,3785289.5
33,33,0.0035,0.05,0.05616074,3787215.0
34,34,0.0035,0.05,0.05816626,3788863.0
35,35,0.0035,0.05,0.0601717799999999,3790281.0
36,36,0.0035,0.05,0.0621773,3791503.0
37,37,0.0035,0.05,0.0641828,3792562.0
38,38,0.0035,0.05,0.0661883,3793485.0
39,39,0.0035,0.05,0.068193795,3794290.0
40,40,0.0035,0.05,0.07019921,3794996.0
41,41,0.0035,0.05,0.072204605,3795615.0
42,42,0.0035,0.05,0.07421,3796161.5
43,43,0.0035,0.05,0.076215395,3796645.5
44,44,0.0035,0.05,0.078220745,3797073.5
45,45,0.0035,0.05,0.08022605,3797455.0
46,46,0.0035,0.05,0.082231345,3797794.5
47,47,0.0035,0.05,0.084236645,3798097.5
48,48,0.0035,0.05,0.08624194,3798371.0
49,49,0.0035,0.05,0.08824724,3798614.0
50,50,0.0035,0.05,0.090252535,3798834.0
51,51,0.0035,0.05,0.09223501,3799030.5
52,52,0.0035,0.05,0.094162865,3799202.0
53,53,0.0035,0.05,0.096168095,3799362.5
54,54,0.0035,0.05,0.0981732449999999,3799510.0
55,55,0.0035,0.05,0.1001784449999999,3799643.0
56,56,0.0035,0.05,0.1021835,3799766.5
57,57,0.0035,0.05,0.10418875,3799880.0
58,58,0.0035,0.05,0.1062491,3799975.5
59,59,0.0035,0.05,0.1086134,3799990.0
60,60,0.0035,0.05,0.111023,3799992.0
61,61,0.0035,0.05,0.1134314999999999,3800000.0
0,0,0.004,0.01,0.0015290344499999,3297966.0
1,1,0.004,0.01,0.0047988085,3297354.0
2,2,0.004,0.01,0.008070582,3295763.5
3,3,0.004,0.01,0.0113421115,3292136.0
4,4,0.004,0.01,0.01383909,3280115.5
5,5,0.004,0.01,0.0144970449999999,3277900.5
6,6,0.004,0.01,0.015034565,3270957.0
7,7,0.004,0.01,0.01553926,3284869.5
8,8,0.004,0.01,0.0160641149999999,3278674.0
9,9,0.004,0.01,0.016579345,3260794.5
10,10,0.004,0.01,0.0171780749999999,3307460.0
11,11,0.004,0.01,0.01771885,3275801.0
12,12,0.004,0.01,0.018239535,3230950.5
13,13,0.004,0.01,0.01879649,3193572.5
14,14,0.004,0.01,0.01939266,3121392.0
15,15,0.004,0.01,0.02017525,2931002.5
16,16,0.004,0.01,0.0210723349999999,3002857.5
17,17,0.004,0.01,0.0219638799999999,3014166.0
18,18,0.004,0.01,0.022829475,3037544.5
19,19,0.004,0.01,0.023727985,3089796.5
20,20,0.004,0.01,0.024586735,3146937.5
21,21,0.004,0.01,0.02545238,3216853.0
22,22,0.004,0.01,0.026321685,3267731.0
23,23,0.004,0.01,0.0272003649999999,3291378.5
24,24,0.004,0.01,0.028087605,3296486.0
25,25,0.004,0.01,0.0289572549999999,3289932.0
26,26,0.004,0.01,0.02985817,3276353.5
27,27,0.004,0.01,0.03075908,3258942.0
28,28,0.004,0.01,0.03166,3239250.5
29,29,0.004,0.01,0.032560925,3218108.0
30,30,0.004,0.01,0.033461845,3196323.5
31,31,0.004,0.01,0.034362765,3173905.5
32,32,0.004,0.01,0.03526365,3150937.5
33,33,0.004,0.01,0.036164555,3127429.0
34,34,0.004,0.01,0.037065475,3103487.0
35,35,0.004,0.01,0.0379664,3079326.0
36,36,0.004,0.01,0.038867325,3054405.5
37,37,0.004,0.01,0.039768245,3028522.5
38,38,0.004,0.01,0.04066917,3001531.0
39,39,0.004,0.01,0.0415701,2973861.5
40,40,0.004,0.01,0.042471025,2944802.0
41,41,0.004,0.01,0.043371945,2913675.5
42,42,0.004,0.01,0.04427287,2880164.0
43,43,0.004,0.01,0.04517379,2844297.5
44,44,0.004,0.01,0.04607472,2803650.5
45,45,0.004,0.01,0.04697563,2756159.5
46,46,0.004,0.01,0.0478765249999999,2696500.0
47,47,0.004,0.01,0.04877743,2598581.5
48,48,0.004,0.01,0.049921025,2669787.5
49,49,0.004,0.01,0.05176942,3080911.0
50,50,0.004,0.01,0.05368145,3272060.5
51,51,0.004,0.01,0.05562829,3392702.5
52,52,0.004,0.01,0.05755823,3476113.5
53,53,0.004,0.01,0.059538885,3537975.0
54,54,0.004,0.01,0.06154467,3585780.0
55,55,0.004,0.01,0.0635506499999999,3623174.5
56,56,0.004,0.01,0.0655567599999999,3653102.5
57,57,0.004,0.01,0.0675630549999999,3677515.0
58,58,0.004,0.01,0.06948257,3696819.0
59,59,0.004,0.01,0.071475675,3713453.5
60,60,0.004,0.01,0.073482355,3727584.5
61,61,0.004,0.01,0.075488675,3739521.0
62,62,0.004,0.01,0.07739588,3749017.0
63,63,0.004,0.01,0.079403115,3757356.0
64,64,0.004,0.01,0.0813846949999999,3764236.5
65,65,0.004,0.01,0.083317625,3769649.0
66,66,0.004,0.01,0.0853249599999999,3774212.0
67,67,0.004,0.01,0.087332135,3777925.0
68,68,0.004,0.01,0.0892592149999999,3780866.0
69,69,0.004,0.01,0.09124563,3783376.5
70,70,0.004,0.01,0.09325232,3785527.0
71,71,0.004,0.01,0.09525886,3787363.5
72,72,0.004,0.01,0.09726533,3788945.5
73,73,0.004,0.01,0.09927168,3790321.0
74,74,0.004,0.01,0.101278,3791524.0
75,75,0.004,0.01,0.1032843,3792582.0
76,76,0.004,0.01,0.10529065,3793518.0
77,77,0.004,0.01,0.10729695,3794346.0
78,78,0.004,0.01,0.10930325,3795082.5
79,79,0.004,0.01,0.1113094499999999,3795740.0
80,80,0.004,0.01,0.1133156499999999,3796325.0
81,81,0.004,0.01,0.1153218499999999,3796849.0
82,82,0.004,0.01,0.1173279999999999,3797320.5
83,83,0.004,0.01,0.11933415,3797740.0
84,84,0.004,0.01,0.1213403,3798125.0
85,85,0.004,0.01,0.12334645,3798471.5
86,86,0.004,0.01,0.1253527,3798788.5
87,87,0.004,0.01,0.127359,3799077.0
88,88,0.004,0.01,0.12936525,3799341.0
89,89,0.004,0.01,0.1313715,3799584.0
90,90,0.004,0.01,0.1333775499999999,3799814.0
91,91,0.004,0.01,0.1354387499999999,3800004.5
92,92,0.004,0.01,0.137803,3800027.5
93,93,0.004,0.01,0.14021285,3800016.5
94,94,0.004,0.01,0.1426225,3800009.5
0,0,0.004,0.02,0.00148398535,3296604.5
1,1,0.004,0.02,0.0046575405,3295893.0
2,2,0.004,0.02,0.0078328669999999,3293691.0
3,3,0.004,0.02,0.01100783,3288893.0
4,4,0.004,0.02,0.0136817649999999,3272626.5
5,5,0.004,0.02,0.01450183,3264961.0
6,6,0.004,0.02,0.0151227149999999,3262809.5
7,7,0.004,0.02,0.015722595,3276436.5
8,8,0.004,0.02,0.016330845,3224850.5
9,9,0.004,0.02,0.016956845,3246122.5
10,10,0.004,0.02,0.01761113,3267364.0
11,11,0.004,0.02,0.018229265,3202348.5
12,12,0.004,0.02,0.01888976,3166641.0
13,13,0.004,0.02,0.01964705,3051247.0
14,14,0.004,0.02,0.02065091,3014513.0
15,15,0.004,0.02,0.021701835,3038510.5
16,16,0.004,0.02,0.02272475,3046027.5
17,17,0.004,0.02,0.02375115,3066627.0
18,18,0.004,0.02,0.02477556,3092239.0
19,19,0.004,0.02,0.02579792,3133774.5
20,20,0.004,0.02,0.0267994249999999,3182816.0
21,21,0.004,0.02,0.027811765,3223944.5
22,22,0.004,0.02,0.028833175,3249913.5
23,23,0.004,0.02,0.02984775,3263038.5
24,24,0.004,0.02,0.030887885,3267800.5
25,25,0.004,0.02,0.031897025,3266753.5
26,26,0.004,0.02,0.03294785,3261816.5
27,27,0.004,0.02,0.03399867,3254384.5
28,28,0.004,0.02,0.035049495,3245360.5
29,29,0.004,0.02,0.036100315,3235307.5
30,30,0.004,0.02,0.037151135,3224617.0
31,31,0.004,0.02,0.0382019549999999,3213668.5
32,32,0.004,0.02,0.039252775,3202613.5
33,33,0.004,0.02,0.0403035949999999,3191524.5
34,34,0.004,0.02,0.0413544199999999,3180454.0
35,35,0.004,0.02,0.0424052349999999,3169426.5
36,36,0.004,0.02,0.04345606,3158467.0
37,37,0.004,0.02,0.04450688,3147588.5
38,38,0.004,0.02,0.045557705,3136804.0
39,39,0.004,0.02,0.04660851,3126121.5
40,40,0.004,0.02,0.0476593099999999,3115473.0
41,41,0.004,0.02,0.04871009,3103968.0
42,42,0.004,0.02,0.049895355,3152933.0
43,43,0.004,0.02,0.051834145,3316821.0
44,44,0.004,0.02,0.053754165,3425744.0
45,45,0.004,0.02,0.05574469,3503720.5
46,46,0.004,0.02,0.057694045,3559989.5
47,47,0.004,0.02,0.0596551949999999,3602168.0
48,48,0.004,0.02,0.061660655,3635742.5
49,49,0.004,0.02,0.06366075,3662215.0
50,50,0.004,0.02,0.065571515,3682470.0
51,51,0.004,0.02,0.06757719,3699797.5
52,52,0.004,0.02,0.069582965,3714127.0
53,53,0.004,0.02,0.071588795,3726097.0
54,54,0.004,0.02,0.0735947499999999,3736194.0
55,55,0.004,0.02,0.07560076,3744786.5
56,56,0.004,0.02,0.07760689,3752150.0
57,57,0.004,0.02,0.07961307,3758507.5
58,58,0.004,0.02,0.08156516,3763876.5
59,59,0.004,0.02,0.08352545,3768523.0
60,60,0.004,0.02,0.085531965,3772677.5
61,61,0.004,0.02,0.0875386,3776306.0
62,62,0.004,0.02,0.08954537,3779480.5
63,63,0.004,0.02,0.09153447,3782239.5
64,64,0.004,0.02,0.0934588,3784524.0
65,65,0.004,0.02,0.095465735,3786569.0
66,66,0.004,0.02,0.0974726099999999,3788341.0
67,67,0.004,0.02,0.09947942,3789899.0
68,68,0.004,0.02,0.10148615,3791267.0
69,69,0.004,0.02,0.1034927999999999,3792455.0
70,70,0.004,0.02,0.105499,3793482.5
71,71,0.004,0.02,0.10750515,3794380.0
72,72,0.004,0.02,0.1095113,3795176.5
73,73,0.004,0.02,0.1115174499999999,3795885.5
74,74,0.004,0.02,0.11352365,3796521.5
75,75,0.004,0.02,0.11552975,3797093.0
76,76,0.004,0.02,0.1175358,3797608.0
77,77,0.004,0.02,0.1195419499999999,3798075.0
78,78,0.004,0.02,0.12154815,3798499.0
79,79,0.004,0.02,0.1235543,3798883.5
80,80,0.004,0.02,0.1255605,3799234.5
81,81,0.004,0.02,0.1275665999999999,3799557.0
82,82,0.004,0.02,0.12957245,3799845.5
83,83,0.004,0.02,0.1317162999999999,3800000.0
84,84,0.004,0.02,0.13407955,3800010.0
85,85,0.004,0.02,0.1364894999999999,3800010.0
86,86,0.004,0.02,0.1388991,3800001.0
0,0,0.004,0.03,0.0012495035,3297322.5
1,1,0.004,0.03,0.0040498554999999,3297126.5
2,2,0.004,0.03,0.0069080159999999,3295927.0
3,3,0.004,0.03,0.0097656184999999,3293636.0
4,4,0.004,0.03,0.01260622,3287489.0
5,5,0.004,0.03,0.01416996,3272274.0
6,6,0.004,0.03,0.01488465,3274786.5
7,7,0.004,0.03,0.015582925,3258525.5
8,8,0.004,0.03,0.01625681,3263453.5
9,9,0.004,0.03,0.01700374,3295536.0
10,10,0.004,0.03,0.017764825,3270267.0
11,11,0.004,0.03,0.01848292,3228373.0
12,12,0.004,0.03,0.0192751249999999,3242190.0
13,13,0.004,0.03,0.0202939349999999,3179796.5
14,14,0.004,0.03,0.02149474,3199831.0
15,15,0.004,0.03,0.02266008,3211005.5
16,16,0.004,0.03,0.02383977,3219251.0
17,17,0.004,0.03,0.0250342049999999,3234366.5
18,18,0.004,0.03,0.026184805,3259176.0
19,19,0.004,0.03,0.0273580049999999,3298340.0
20,20,0.004,0.03,0.028507235,3343899.0
21,21,0.004,0.03,0.029640165,3390737.0
22,22,0.004,0.03,0.03076397,3430975.5
23,23,0.004,0.03,0.0318905249999999,3459208.5
24,24,0.004,0.03,0.033044615,3475322.0
25,25,0.004,0.03,0.03418835,3482167.5
26,26,0.004,0.03,0.0353899099999999,3483626.5
27,27,0.004,0.03,0.036546995,3482154.5
28,28,0.004,0.03,0.03773472,3479195.5
29,29,0.004,0.03,0.03893715,3475522.5
30,30,0.004,0.03,0.040139585,3471608.0
31,31,0.004,0.03,0.041342025,3467653.0
32,32,0.004,0.03,0.042544455,3463738.0
33,33,0.004,0.03,0.043746895,3459883.0
34,34,0.004,0.03,0.0449493299999999,3456099.0
35,35,0.004,0.03,0.046151765,3452370.0
36,36,0.004,0.03,0.04735418,3448630.0
37,37,0.004,0.03,0.0485565799999999,3444272.5
38,38,0.004,0.03,0.049953475,3462185.5
39,39,0.004,0.03,0.051920085,3529669.0
40,40,0.004,0.03,0.05385637,3581077.0
41,41,0.004,0.03,0.0558267399999999,3620373.5
42,42,0.004,0.03,0.0578300849999999,3651481.0
43,43,0.004,0.03,0.059833415,3676016.5
44,44,0.004,0.03,0.061787585,3695211.5
45,45,0.004,0.03,0.063739905,3710549.5
46,46,0.004,0.03,0.065743215,3723479.5
47,47,0.004,0.03,0.067746525,3734172.5
48,48,0.004,0.03,0.06974985,3743095.0
49,49,0.004,0.03,0.07175319,3750598.5
50,50,0.004,0.03,0.073678705,3756714.5
51,51,0.004,0.03,0.075659785,3762056.5
52,52,0.004,0.03,0.0776632499999999,3766718.5
53,53,0.004,0.03,0.07966673,3770754.5
54,54,0.004,0.03,0.081670225,3774267.5
55,55,0.004,0.03,0.083673825,3777338.0
56,56,0.004,0.03,0.08567746,3780029.5
57,57,0.004,0.03,0.087681095,3782396.5
58,58,0.004,0.03,0.0896847249999999,3784486.0
59,59,0.004,0.03,0.0916884,3786333.0
60,60,0.004,0.03,0.09369218,3787976.5
61,61,0.004,0.03,0.09569598,3789448.0
62,62,0.004,0.03,0.0976999,3790774.0
63,63,0.004,0.03,0.09970383,3791971.0
64,64,0.004,0.03,0.1017077,3793041.0
65,65,0.004,0.03,0.1036999999999999,3793987.5
66,66,0.004,0.03,0.1056154499999999,3794793.5
67,67,0.004,0.03,0.10761925,3795542.5
68,68,0.004,0.03,0.1096229999999999,3796215.0
69,69,0.004,0.03,0.1116268,3796818.5
70,70,0.004,0.03,0.11363055,3797363.5
71,71,0.004,0.03,0.1156344,3797857.5
72,72,0.004,0.03,0.11763815,3798306.5
73,73,0.004,0.03,0.1196419,3798717.0
74,74,0.004,0.03,0.1216456499999999,3799090.5
75,75,0.004,0.03,0.12364945,3799432.5
76,76,0.004,0.03,0.1256896,3799717.0
77,77,0.004,0.03,0.1280325,3799857.5
78,78,0.004,0.03,0.1304425,3799914.5
79,79,0.004,0.03,0.13277925,3799955.0
0,0,0.004,0.04,0.0012369895,3298814.0
1,1,0.004,0.04,0.0040350835,3298721.5
2,2,0.004,0.04,0.0068836075,3298172.0
3,3,0.004,0.04,0.0097312569999999,3297169.5
4,4,0.004,0.04,0.0125691,3294477.5
5,5,0.004,0.04,0.01419132,3287084.0
6,6,0.004,0.04,0.01496137,3317868.0
7,7,0.004,0.04,0.015688115,3256955.0
8,8,0.004,0.04,0.01650917,3266717.0
9,9,0.004,0.04,0.0173511649999999,3349293.0
10,10,0.004,0.04,0.01814148,3252581.5
11,11,0.004,0.04,0.01900764,3309936.5
12,12,0.004,0.04,0.0200800849999999,3266775.0
13,13,0.004,0.04,0.0213004349999999,3289439.5
14,14,0.004,0.04,0.0226160649999999,3292386.0
15,15,0.004,0.04,0.023906765,3308702.5
16,16,0.004,0.04,0.025183425,3354614.5
17,17,0.004,0.04,0.02644763,3431177.0
18,18,0.004,0.04,0.0276660099999999,3511124.0
19,19,0.004,0.04,0.0288655199999999,3576725.5
20,20,0.004,0.04,0.03006832,3623389.5
21,21,0.004,0.04,0.03129577,3651488.5
22,22,0.004,0.04,0.03256381,3664530.5
23,23,0.004,0.04,0.03387055,3668214.0
24,24,0.004,0.04,0.035194445,3667571.0
25,25,0.004,0.04,0.03650589,3665472.5
26,26,0.004,0.04,0.0378572749999999,3662943.5
27,27,0.004,0.04,0.0392086649999999,3660414.5
28,28,0.004,0.04,0.04056004,3658007.0
29,29,0.004,0.04,0.041911385,3655740.0
30,30,0.004,0.04,0.043262755,3653609.5
31,31,0.004,0.04,0.044614135,3651605.0
32,32,0.004,0.04,0.0459655249999999,3649709.0
33,33,0.004,0.04,0.0473168849999999,3647830.5
34,34,0.004,0.04,0.0486682499999999,3645524.0
35,35,0.004,0.04,0.05028603,3656595.5
36,36,0.004,0.04,0.052238315,3681382.5
37,37,0.004,0.04,0.054191075,3700760.0
38,38,0.004,0.04,0.0561952099999999,3716717.5
39,39,0.004,0.04,0.0581992999999999,3729643.5
40,40,0.004,0.04,0.0602033799999999,3740208.5
41,41,0.004,0.04,0.06220744,3748917.5
42,42,0.004,0.04,0.0642115,3756157.5
43,43,0.004,0.04,0.066173325,3762101.0
44,44,0.004,0.04,0.068119405,3767034.5
45,45,0.004,0.04,0.0701234999999999,3771354.0
46,46,0.004,0.04,0.07212753,3775044.0
47,47,0.004,0.04,0.0741316,3778205.0
48,48,0.004,0.04,0.076135655,3780929.0
49,49,0.004,0.04,0.0781397,3783283.0
50,50,0.004,0.04,0.0801437,3785324.0
51,51,0.004,0.04,0.0821477,3787104.5
52,52,0.004,0.04,0.0841517,3788661.0
53,53,0.004,0.04,0.0861557,3790026.0
54,54,0.004,0.04,0.08807089,3791174.5
55,55,0.004,0.04,0.0900635,3792224.5
56,56,0.004,0.04,0.0920675,3793165.0
57,57,0.004,0.04,0.0940715,3794000.0
58,58,0.004,0.04,0.0960755,3794747.5
59,59,0.004,0.04,0.0980795,3795415.5
60,60,0.004,0.04,0.10008348,3796017.0
61,61,0.004,0.04,0.1020874999999999,3796559.0
62,62,0.004,0.04,0.1040915,3797048.0
63,63,0.004,0.04,0.1060955,3797492.5
64,64,0.004,0.04,0.1080994999999999,3797895.5
65,65,0.004,0.04,0.1101034999999999,3798262.5
66,66,0.004,0.04,0.1121074999999999,3798598.0
67,67,0.004,0.04,0.1141115,3798904.0
68,68,0.004,0.04,0.1161155,3799186.0
69,69,0.004,0.04,0.1180956,3799444.0
70,70,0.004,0.04,0.1200232999999999,3799662.5
71,71,0.004,0.04,0.12214905,3799813.5
72,72,0.004,0.04,0.12453,3799882.0
73,73,0.004,0.04,0.12694,3799931.0
74,74,0.004,0.04,0.1293247999999999,3799973.0
0,0,0.004,0.05,0.0013183127999999,3299954.0
1,1,0.004,0.05,0.0042468155,3299948.5
2,2,0.004,0.05,0.0072423425,3299924.5
3,3,0.004,0.05,0.0102376604999999,3299878.0
4,4,0.004,0.05,0.013082135,3299224.5
5,5,0.004,0.05,0.01451595,3295743.5
6,6,0.004,0.05,0.01541614,3300738.5
7,7,0.004,0.05,0.016330755,3290933.5
8,8,0.004,0.05,0.01733389,3316744.5
9,9,0.004,0.05,0.01825727,3288921.5
10,10,0.004,0.05,0.01918201,3312475.5
11,11,0.004,0.05,0.020499065,3299913.0
12,12,0.004,0.05,0.021991785,3326310.0
13,13,0.004,0.05,0.0234135,3376040.0
14,14,0.004,0.05,0.024796935,3452939.0
15,15,0.004,0.05,0.02608814,3544353.0
16,16,0.004,0.05,0.0272687599999999,3626334.0
17,17,0.004,0.05,0.0283719699999999,3691761.0
18,18,0.004,0.05,0.02957449,3740099.0
19,19,0.004,0.05,0.0309656,3760287.0
20,20,0.004,0.05,0.03243469,3763531.0
21,21,0.004,0.05,0.03393848,3762747.5
22,22,0.004,0.05,0.035442245,3761584.0
23,23,0.004,0.05,0.03694601,3760558.0
24,24,0.004,0.05,0.03844977,3759692.0
25,25,0.004,0.05,0.039953525,3758959.0
26,26,0.004,0.05,0.041457295,3758317.0
27,27,0.004,0.05,0.04296107,3757734.0
28,28,0.004,0.05,0.04446483,3757184.0
29,29,0.004,0.05,0.0459686,3756656.0
30,30,0.004,0.05,0.0474723649999999,3756086.0
31,31,0.004,0.05,0.04898317,3754751.0
32,32,0.004,0.05,0.050815395,3759775.0
33,33,0.004,0.05,0.05282103,3766207.5
34,34,0.004,0.05,0.054826715,3771289.0
35,35,0.004,0.05,0.056832385,3775478.5
36,36,0.004,0.05,0.0588380499999999,3778966.0
37,37,0.004,0.05,0.060843715,3781885.5
38,38,0.004,0.05,0.062849395,3784346.0
39,39,0.004,0.05,0.0648550899999999,3786428.5
40,40,0.004,0.05,0.066860775,3788200.0
41,41,0.004,0.05,0.0688664199999999,3789716.5
42,42,0.004,0.05,0.070872065,3791019.5
43,43,0.004,0.05,0.072877705,3792143.5
44,44,0.004,0.05,0.07488335,3793117.5
45,45,0.004,0.05,0.0768889949999999,3793965.5
46,46,0.004,0.05,0.07888006,3794699.5
47,47,0.004,0.05,0.080799925,3795321.0
48,48,0.004,0.05,0.08280552,3795890.5
49,49,0.004,0.05,0.0848111199999999,3796393.5
50,50,0.004,0.05,0.08681672,3796837.5
51,51,0.004,0.05,0.0888223099999999,3797233.5
52,52,0.004,0.05,0.090827905,3797585.0
53,53,0.004,0.05,0.0928335,3797899.0
54,54,0.004,0.05,0.0948391,3798179.5
55,55,0.004,0.05,0.096844695,3798431.5
56,56,0.004,0.05,0.09885029,3798658.5
57,57,0.004,0.05,0.1008559099999999,3798863.5
58,58,0.004,0.05,0.1028615,3799047.0
59,59,0.004,0.05,0.1048670499999999,3799214.5
60,60,0.004,0.05,0.10687265,3799367.0
61,61,0.004,0.05,0.1088782999999999,3799506.5
62,62,0.004,0.05,0.11088385,3799634.5
63,63,0.004,0.05,0.1128894499999999,3799751.0
64,64,0.004,0.05,0.11489505,3799863.5
65,65,0.004,0.05,0.1170378,3799945.5
66,66,0.004,0.05,0.1194414999999999,3799960.5
67,67,0.004,0.05,0.1218511,3799975.5
68,68,0.004,0.05,0.12426075,3799990.0
0,0,0.0045,0.01,0.0015290065499999,3298223.5
1,1,0.0045,0.01,0.0047987644999999,3297699.0
2,2,0.0045,0.01,0.0080704119999999,3296320.0
3,3,0.0045,0.01,0.0113117524999999,3293211.0
4,4,0.0045,0.01,0.0137506499999999,3283241.0
5,5,0.0045,0.01,0.014450125,3278060.5
6,6,0.0045,0.01,0.0150332099999999,3276436.0
7,7,0.0045,0.01,0.0155410999999999,3272915.0
8,8,0.0045,0.01,0.016043835,3272766.5
9,9,0.0045,0.01,0.016568875,3285100.0
10,10,0.0045,0.01,0.017172655,3313125.5
11,11,0.0045,0.01,0.01771661,3278637.0
12,12,0.0045,0.01,0.0182364999999999,3240054.5
13,13,0.0045,0.01,0.018794045,3213168.5
14,14,0.0045,0.01,0.019389595,3159807.5
15,15,0.0045,0.01,0.020171585,3016259.5
16,16,0.0045,0.01,0.021066395,3086268.0
17,17,0.0045,0.01,0.02196751,3099733.0
18,18,0.0045,0.01,0.0228309799999999,3139176.5
19,19,0.0045,0.01,0.02371868,3195757.5
20,20,0.0045,0.01,0.0245793599999999,3265403.0
21,21,0.0045,0.01,0.025437375,3335349.0
22,22,0.0045,0.01,0.02629664,3381300.0
23,23,0.0045,0.01,0.0271801199999999,3403236.0
24,24,0.0045,0.01,0.028050765,3408073.0
25,25,0.0045,0.01,0.02895171,3403017.5
26,26,0.0045,0.01,0.029852625,3392192.5
27,27,0.0045,0.01,0.0307535399999999,3377908.0
28,28,0.0045,0.01,0.031654455,3361396.5
29,29,0.0045,0.01,0.032555375,3343907.0
30,30,0.0045,0.01,0.0334563,3326526.0
31,31,0.0045,0.01,0.034357195,3309762.5
32,32,0.0045,0.01,0.03525809,3293409.0
33,33,0.0045,0.01,0.03615902,3277199.5
34,34,0.0045,0.01,0.037059935,3260894.0
35,35,0.0045,0.01,0.0379608649999999,3244408.5
36,36,0.0045,0.01,0.0388617849999999,3227752.0
37,37,0.0045,0.01,0.03976272,3211129.0
38,38,0.0045,0.01,0.040663635,3194436.5
39,39,0.0045,0.01,0.041564565,3177451.5
40,40,0.0045,0.01,0.04246548,3160116.0
41,41,0.0045,0.01,0.04336641,3142409.5
42,42,0.0045,0.01,0.0442673299999999,3124352.5
43,43,0.0045,0.01,0.045168265,3106098.0
44,44,0.0045,0.01,0.04606918,3087902.0
45,45,0.0045,0.01,0.04697009,3069518.0
46,46,0.0045,0.01,0.047870995,3050918.0
47,47,0.0045,0.01,0.0487718949999999,3032060.0
48,48,0.0045,0.01,0.049672795,3012844.0
49,49,0.0045,0.01,0.050573695,2993312.0
50,50,0.0045,0.01,0.0514746,2973514.5
51,51,0.0045,0.01,0.0523755,2952922.5
52,52,0.0045,0.01,0.0532764,2931283.5
53,53,0.0045,0.01,0.0541773,2908336.0
54,54,0.0045,0.01,0.055078205,2883998.5
55,55,0.0045,0.01,0.0559791,2858514.5
56,56,0.0045,0.01,0.056880005,2830893.0
57,57,0.0045,0.01,0.057780905,2800289.0
58,58,0.0045,0.01,0.058681805,2766018.0
59,59,0.0045,0.01,0.059759595,2844683.0
60,60,0.0045,0.01,0.06156859,3137447.0
61,61,0.0045,0.01,0.06347039,3301714.5
62,62,0.0045,0.01,0.0654101399999999,3408757.5
63,63,0.0045,0.01,0.067327045,3483621.5
64,64,0.0045,0.01,0.06933252,3542018.0
65,65,0.0045,0.01,0.0713382299999999,3587163.5
66,66,0.0045,0.01,0.07334415,3622960.5
67,67,0.0045,0.01,0.075350265,3651979.0
68,68,0.0045,0.01,0.0773565449999999,3675951.5
69,69,0.0045,0.01,0.0793629699999999,3696047.5
70,70,0.0045,0.01,0.081289085,3712356.5
71,71,0.0045,0.01,0.08327593,3726545.5
72,72,0.0045,0.01,0.085282835,3738848.5
73,73,0.0045,0.01,0.08723228,3749080.0
74,74,0.0045,0.01,0.0891970599999999,3757653.5
75,75,0.0045,0.01,0.091171135,3764893.5
76,76,0.0045,0.01,0.09311238,3770577.0
77,77,0.0045,0.01,0.09512015,3775310.0
78,78,0.0045,0.01,0.0970321849999999,3778863.0
79,79,0.0045,0.01,0.09903437,3781808.5
80,80,0.0045,0.01,0.10104115,3784235.0
81,81,0.0045,0.01,0.10304815,3786272.5
82,82,0.0045,0.01,0.10505455,3788011.5
83,83,0.0045,0.01,0.1070611499999999,3789516.0
84,84,0.0045,0.01,0.1090677,3790822.5
85,85,0.0045,0.01,0.1110741499999999,3791964.0
86,86,0.0045,0.01,0.11308055,3792964.5
87,87,0.0045,0.01,0.1150868499999999,3793845.0
88,88,0.0045,0.01,0.11709315,3794625.5
89,89,0.0045,0.01,0.11909945,3795320.5
90,90,0.0045,0.01,0.1211058,3795942.0
91,91,0.0045,0.01,0.1231121,3796500.0
92,92,0.0045,0.01,0.1251184,3797002.0
93,93,0.0045,0.01,0.1271247499999999,3797453.0
94,94,0.0045,0.01,0.12913105,3797858.0
95,95,0.0045,0.01,0.1311372999999999,3798225.5
96,96,0.0045,0.01,0.13314365,3798556.0
97,97,0.0045,0.01,0.1351499,3798855.0
98,98,0.0045,0.01,0.1371562,3799126.0
99,99,0.0045,0.01,0.1391625,3799373.5
100,100,0.0045,0.01,0.14116875,3799602.5
101,101,0.0045,0.01,0.14317485,3799818.0
102,102,0.0045,0.01,0.1452168499999999,3800008.5
103,103,0.0045,0.01,0.14755995,3800037.5
104,104,0.0045,0.01,0.1499694999999999,3800022.0
105,105,0.0045,0.01,0.1523792,3800011.5
0,0,0.0045,0.02,0.00139492685,3297254.0
1,1,0.0045,0.02,0.0044979999999999,3296657.5
2,2,0.0045,0.02,0.007673056,3294850.5
3,3,0.0045,0.02,0.010848066,3291026.5
4,4,0.0045,0.02,0.0135804599999999,3278252.5
5,5,0.0045,0.02,0.0144347449999999,3268805.5
6,6,0.0045,0.02,0.01506153,3270605.0
7,7,0.0045,0.02,0.0156370999999999,3262038.0
8,8,0.0045,0.02,0.0162253799999999,3257045.0
9,9,0.0045,0.02,0.016837275,3280538.5
10,10,0.0045,0.02,0.0175065199999999,3300757.5
11,11,0.0045,0.02,0.0181167949999999,3230044.0
12,12,0.0045,0.02,0.018776465,3202640.5
13,13,0.0045,0.02,0.019488365,3158165.5
14,14,0.0045,0.02,0.02041983,3085249.0
15,15,0.0045,0.02,0.021396585,3124669.5
16,16,0.0045,0.02,0.022420015,3125288.5
17,17,0.0045,0.02,0.02345458,3149611.0
18,18,0.0045,0.02,0.0244704099999999,3179120.5
19,19,0.0045,0.02,0.02547341,3233269.0
20,20,0.0045,0.02,0.0264784349999999,3298649.0
21,21,0.0045,0.02,0.0274774,3350873.5
22,22,0.0045,0.02,0.02847823,3384344.5
23,23,0.0045,0.02,0.02949259,3402701.5
24,24,0.0045,0.02,0.030518335,3410047.5
25,25,0.0045,0.02,0.03155925,3410294.5
26,26,0.0045,0.02,0.032568755,3406182.0
27,27,0.0045,0.02,0.0336200349999999,3399284.0
28,28,0.0045,0.02,0.03467131,3390886.5
29,29,0.0045,0.02,0.035722585,3381733.0
30,30,0.0045,0.02,0.036773865,3372309.0
31,31,0.0045,0.02,0.0378251399999999,3362902.0
32,32,0.0045,0.02,0.03887642,3353651.0
33,33,0.0045,0.02,0.039927655,3344601.0
34,34,0.0045,0.02,0.04097889,3335765.5
35,35,0.0045,0.02,0.0420301649999999,3327179.0
36,36,0.0045,0.02,0.043081445,3318797.5
37,37,0.0045,0.02,0.04413272,3310573.5
38,38,0.0045,0.02,0.045184,3302495.0
39,39,0.0045,0.02,0.04623527,3294546.0
40,40,0.0045,0.02,0.04728654,3286709.5
41,41,0.0045,0.02,0.048337775,3278970.5
42,42,0.0045,0.02,0.049389025,3271316.5
43,43,0.0045,0.02,0.050440275,3263738.0
44,44,0.0045,0.02,0.051491525,3256221.5
45,45,0.0045,0.02,0.052542775,3248755.5
46,46,0.0045,0.02,0.053594025,3241335.0
47,47,0.0045,0.02,0.054645265,3233946.0
48,48,0.0045,0.02,0.055696515,3226585.5
49,49,0.0045,0.02,0.05674776,3219271.0
50,50,0.0045,0.02,0.0577990149999999,3211922.0
51,51,0.0045,0.02,0.05885026,3203917.0
52,52,0.0045,0.02,0.06023009,3267523.0
53,53,0.0045,0.02,0.062170185,3393446.5
54,54,0.0045,0.02,0.0641036399999999,3479139.5
55,55,0.0045,0.02,0.06608039,3541177.0
56,56,0.0045,0.02,0.067990145,3586211.0
57,57,0.0045,0.02,0.069990605,3622302.0
58,58,0.0045,0.02,0.07194621,3650276.5
59,59,0.0045,0.02,0.07390121,3672448.0
60,60,0.0045,0.02,0.075906815,3691112.0
61,61,0.0045,0.02,0.07791253,3706570.0
62,62,0.0045,0.02,0.07991838,3719522.0
63,63,0.0045,0.02,0.08192435,3730483.5
64,64,0.0045,0.02,0.08393037,3739844.0
65,65,0.0045,0.02,0.085936535,3747897.5
66,66,0.0045,0.02,0.087942785,3754869.5
67,67,0.0045,0.02,0.089949135,3760938.5
68,68,0.0045,0.02,0.0918641249999999,3765987.5
69,69,0.0045,0.02,0.0938618699999999,3770569.5
70,70,0.0045,0.02,0.0958686399999999,3774625.0
71,71,0.0045,0.02,0.09787557,3778202.5
72,72,0.0045,0.02,0.09982361,3781241.5
73,73,0.0045,0.02,0.1017894499999999,3783837.0
74,74,0.0045,0.02,0.1037966999999999,3786112.0
75,75,0.0045,0.02,0.1058038,3788051.0
76,76,0.0045,0.02,0.1077402,3789650.0
77,77,0.0045,0.02,0.1097175,3791034.5
78,78,0.0045,0.02,0.11172425,3792255.0
79,79,0.0045,0.02,0.1137311499999999,3793319.5
80,80,0.0045,0.02,0.11573785,3794249.5
81,81,0.0045,0.02,0.1177445,3795069.5
82,82,0.0045,0.02,0.11975115,3795792.0
83,83,0.0045,0.02,0.1217578499999999,3796434.0
84,84,0.0045,0.02,0.1237129,3796992.0
85,85,0.0045,0.02,0.12567065,3797485.0
86,86,0.0045,0.02,0.1276775,3797941.0
87,87,0.0045,0.02,0.12968415,3798351.0
88,88,0.0045,0.02,0.1316908499999999,3798725.5
89,89,0.0045,0.02,0.1336975,3799066.5
90,90,0.0045,0.02,0.1357041,3799377.5
91,91,0.0045,0.02,0.1377104499999999,3799665.0
92,92,0.0045,0.02,0.13971755,3799932.5
93,93,0.0045,0.02,0.1419544999999999,3800062.5
94,94,0.0045,0.02,0.1443643,3800044.5
95,95,0.0045,0.02,0.146774,3800025.5
96,96,0.0045,0.02,0.1491835,3800009.5
0,0,0.0045,0.03,0.0012480397,3297704.5
1,1,0.0045,0.03,0.004049605,3297489.5
2,2,0.0045,0.03,0.0069076374999999,3296399.0
3,3,0.0045,0.03,0.0097651265,3294341.5
4,4,0.0045,0.03,0.012606365,3288884.0
5,5,0.0045,0.03,0.01416987,3275866.0
6,6,0.0045,0.03,0.014869895,3275490.5
7,7,0.0045,0.03,0.0155466599999999,3273902.0
8,8,0.0045,0.03,0.016266735,3267608.5
9,9,0.0045,0.03,0.01706982,3304263.0
10,10,0.0045,0.03,0.017803785,3263510.5
11,11,0.0045,0.03,0.018537925,3240921.0
12,12,0.0045,0.03,0.01935005,3245234.5
13,13,0.0045,0.03,0.0204344849999999,3209537.5
14,14,0.0045,0.03,0.021635865,3224476.0
15,15,0.0045,0.03,0.02279295,3237667.5
16,16,0.0045,0.03,0.0239715449999999,3253618.0
17,17,0.0045,0.03,0.0251189949999999,3284417.5
18,18,0.0045,0.03,0.0262523549999999,3347940.0
19,19,0.0045,0.03,0.02737901,3417478.0
20,20,0.0045,0.03,0.028496945,3474049.5
21,21,0.0045,0.03,0.0296107399999999,3513191.5
22,22,0.0045,0.03,0.03074756,3537888.0
23,23,0.0045,0.03,0.031906145,3550958.5
24,24,0.0045,0.03,0.033056615,3555974.0
25,25,0.0045,0.03,0.0342579549999999,3556145.5
26,26,0.0045,0.03,0.035459215,3553506.5
27,27,0.0045,0.03,0.03666044,3549581.5
28,28,0.0045,0.03,0.037861655,3545148.0
29,29,0.0045,0.03,0.03906288,3540553.5
30,30,0.0045,0.03,0.0402641,3535976.0
31,31,0.0045,0.03,0.041465315,3531508.5
32,32,0.0045,0.03,0.0426665399999999,3527188.5
33,33,0.0045,0.03,0.043867755,3523024.0
34,34,0.0045,0.03,0.04506898,3518993.5
35,35,0.0045,0.03,0.046270195,3515096.5
36,36,0.0045,0.03,0.047471395,3511319.0
37,37,0.0045,0.03,0.048672605,3507628.0
38,38,0.0045,0.03,0.04987381,3504011.0
39,39,0.0045,0.03,0.05107501,3500479.0
40,40,0.0045,0.03,0.05227621,3497029.0
41,41,0.0045,0.03,0.05347741,3493637.5
42,42,0.0045,0.03,0.05467861,3490294.5
43,43,0.0045,0.03,0.0558798099999999,3487000.0
44,44,0.0045,0.03,0.05708101,3483728.0
45,45,0.0045,0.03,0.0582822099999999,3480108.0
46,46,0.0045,0.03,0.059603405,3489190.0
47,47,0.0045,0.03,0.06152438,3546626.5
48,48,0.0045,0.03,0.0634700749999999,3594322.0
49,49,0.0045,0.03,0.065430715,3630394.0
50,50,0.0045,0.03,0.067433885,3659243.5
51,51,0.0045,0.03,0.0693664,3681329.0
52,52,0.0045,0.03,0.0713400499999999,3699211.0
53,53,0.0045,0.03,0.073343215,3714048.0
54,54,0.0045,0.03,0.075339845,3726235.5
55,55,0.0045,0.03,0.07724948,3735864.5
56,56,0.0045,0.03,0.07925281,3744322.0
57,57,0.0045,0.03,0.0812561549999999,3751499.0
58,58,0.0045,0.03,0.0832596049999999,3757634.5
59,59,0.0045,0.03,0.08526312,3762922.5
60,60,0.0045,0.03,0.0872667449999999,3767507.5
61,61,0.0045,0.03,0.08927043,3771499.0
62,62,0.0045,0.03,0.091274205,3774984.5
63,63,0.0045,0.03,0.0932779899999999,3778031.0
64,64,0.0045,0.03,0.0952817749999999,3780696.0
65,65,0.0045,0.03,0.097285605,3783036.0
66,66,0.0045,0.03,0.099289515,3785092.0
67,67,0.0045,0.03,0.1012935,3786906.0
68,68,0.0045,0.03,0.10329745,3788510.0
69,69,0.0045,0.03,0.10529865,3789933.0
70,70,0.0045,0.03,0.1072050999999999,3791136.0
71,71,0.0045,0.03,0.1092091,3792264.5
72,72,0.0045,0.03,0.1112131999999999,3793274.5
73,73,0.0045,0.03,0.1132173,3794183.5
74,74,0.0045,0.03,0.1152214499999999,3795001.5
75,75,0.0045,0.03,0.11722575,3795736.5
76,76,0.0045,0.03,0.1192299999999999,3796398.5
77,77,0.0045,0.03,0.12123435,3796998.5
78,78,0.0045,0.03,0.1232388,3797541.5
79,79,0.0045,0.03,0.1251774,3798017.5
80,80,0.0045,0.03,0.12714745,3798447.5
81,81,0.0045,0.03,0.1291518999999999,3798845.0
82,82,0.0045,0.03,0.13115625,3799203.0
83,83,0.0045,0.03,0.1331604999999999,3799528.5
84,84,0.0045,0.03,0.1351745499999999,3799812.5
85,85,0.0045,0.03,0.137463,3799955.0
86,86,0.0045,0.03,0.1398092499999999,3799981.0
87,87,0.0045,0.03,0.142162,3799990.5
88,88,0.0045,0.03,0.1445715,3800000.0
0,0,0.0045,0.04,0.0012367233,3299010.0
1,1,0.0045,0.04,0.0040350724999999,3298934.0
2,2,0.0045,0.04,0.006883606,3298473.5
3,3,0.0045,0.04,0.0097312615,3297640.5
4,4,0.0045,0.04,0.012568205,3295371.0
5,5,0.0045,0.04,0.014199135,3288739.5
6,6,0.0045,0.04,0.014955795,3270414.0
7,7,0.0045,0.04,0.015482985,3280798.5
8,8,0.0045,0.04,0.01628763,3287627.0
9,9,0.0045,0.04,0.017143085,3322763.5
10,10,0.0045,0.04,0.01791706,3277252.5
11,11,0.0045,0.04,0.018772875,3296956.0
12,12,0.0045,0.04,0.0197681949999999,3282177.0
13,13,0.0045,0.04,0.021087015,3292665.0
14,14,0.0045,0.04,0.02240975,3294880.5
15,15,0.0045,0.04,0.0237083649999999,3315879.0
16,16,0.0045,0.04,0.0249822749999999,3366782.0
17,17,0.0045,0.04,0.0262285,3445552.5
18,18,0.0045,0.04,0.027434975,3528085.0
19,19,0.0045,0.04,0.0286096149999999,3595842.5
20,20,0.0045,0.04,0.029804065,3645024.0
21,21,0.0045,0.04,0.0310251349999999,3673960.5
22,22,0.0045,0.04,0.0323023049999999,3686621.0
23,23,0.0045,0.04,0.033617045,3689417.5
24,24,0.0045,0.04,0.034968505,3688218.5
25,25,0.0045,0.04,0.0363199,3685842.0
26,26,0.0045,0.04,0.037671285,3683291.0
27,27,0.0045,0.04,0.03902267,3680839.0
28,28,0.0045,0.04,0.040374025,3678550.0
29,29,0.0045,0.04,0.041725375,3676421.0
30,30,0.0045,0.04,0.043076765,3674436.5
31,31,0.0045,0.04,0.044428155,3672571.0
32,32,0.0045,0.04,0.045779535,3670804.0
33,33,0.0045,0.04,0.04713091,3669122.0
34,34,0.0045,0.04,0.04848225,3667517.5
35,35,0.0045,0.04,0.0498336099999999,3665978.5
36,36,0.0045,0.04,0.0511849499999999,3664495.0
37,37,0.0045,0.04,0.052536315,3663053.5
38,38,0.0045,0.04,0.0538876599999999,3661648.0
39,39,0.0045,0.04,0.055239015,3660273.0
40,40,0.0045,0.04,0.0565903599999999,3658908.5
41,41,0.0045,0.04,0.0579417149999999,3657337.0
42,42,0.0045,0.04,0.0593462199999999,3657886.0
43,43,0.0045,0.04,0.061234245,3678999.5
44,44,0.0045,0.04,0.0632384,3699696.0
45,45,0.0045,0.04,0.06521613,3715936.0
46,46,0.0045,0.04,0.0671464,3728627.5
47,47,0.0045,0.04,0.0691504999999999,3739387.0
48,48,0.0045,0.04,0.071154595,3748233.5
49,49,0.0045,0.04,0.0731586849999999,3755562.0
50,50,0.0045,0.04,0.0751627749999999,3761671.5
51,51,0.0045,0.04,0.0771265949999999,3766708.5
52,52,0.0045,0.04,0.079070795,3770885.5
53,53,0.0045,0.04,0.08107495,3774556.0
54,54,0.0045,0.04,0.08307909,3777697.5
55,55,0.0045,0.04,0.085083245,3780400.5
56,56,0.0045,0.04,0.08708739,3782737.5
57,57,0.0045,0.04,0.089091545,3784768.0
58,58,0.0045,0.04,0.0910956899999999,3786539.5
59,59,0.0045,0.04,0.09309984,3788094.0
60,60,0.0045,0.04,0.095103985,3789463.5
61,61,0.0045,0.04,0.0971081449999999,3790674.5
62,62,0.0045,0.04,0.099112385,3791751.5
63,63,0.0045,0.04,0.1010565,3792683.5
64,64,0.0045,0.04,0.1030207999999999,3793525.0
65,65,0.0045,0.04,0.10502505,3794296.0
66,66,0.0045,0.04,0.10702935,3794993.5
67,67,0.0045,0.04,0.1090338,3795623.5
68,68,0.0045,0.04,0.1110382,3796194.0
69,69,0.0045,0.04,0.1130427,3796713.5
70,70,0.0045,0.04,0.1149792,3797171.5
71,71,0.0045,0.04,0.1169514999999999,3797596.5
72,72,0.0045,0.04,0.1189561,3797992.0
73,73,0.0045,0.04,0.1209607499999999,3798353.5
74,74,0.0045,0.04,0.12296545,3798686.0
75,75,0.0045,0.04,0.1249701999999999,3798992.5
76,76,0.0045,0.04,0.126975,3799273.0
77,77,0.0045,0.04,0.1289798,3799534.0
78,78,0.0045,0.04,0.13104005,3799755.5
79,79,0.0045,0.04,0.1333932,3799864.5
80,80,0.0045,0.04,0.1356945,3799918.0
81,81,0.0045,0.04,0.13810435,3799962.0
0,0,0.0045,0.05,0.00132742485,3299965.0
1,1,0.0045,0.05,0.0042473449999999,3299960.0
2,2,0.0045,0.05,0.007242954,3299941.0
3,3,0.0045,0.05,0.0102382019999999,3299903.5
4,4,0.0045,0.05,0.013076675,3299316.0
5,5,0.0045,0.05,0.014514155,3292940.5
6,6,0.0045,0.05,0.01544419,3300925.5
7,7,0.0045,0.05,0.016358785,3291004.5
8,8,0.0045,0.05,0.01736203,3316772.0
9,9,0.0045,0.05,0.018297345,3288998.5
10,10,0.0045,0.05,0.0193232499999999,3310225.5
11,11,0.0045,0.05,0.020674875,3303225.5
12,12,0.0045,0.05,0.02215988,3332714.5
13,13,0.0045,0.05,0.02357691,3386353.5
14,14,0.0045,0.05,0.02494937,3467388.0
15,15,0.0045,0.05,0.026217785,3558611.0
16,16,0.0045,0.05,0.0273758699999999,3638316.0
17,17,0.0045,0.05,0.02842916,3693512.0
18,18,0.0045,0.05,0.0296346499999999,3744117.0
19,19,0.0045,0.05,0.031044925,3764641.0
20,20,0.0045,0.05,0.0325139,3767611.0
21,21,0.0045,0.05,0.03401487,3766639.0
22,22,0.0045,0.05,0.0355158299999999,3765402.0
23,23,0.0045,0.05,0.037016785,3764388.0
24,24,0.0045,0.05,0.0385177449999999,3763559.0
25,25,0.0045,0.05,0.0400187,3762845.5
26,26,0.0045,0.05,0.04151965,3762206.5
27,27,0.0045,0.05,0.04302061,3761620.0
28,28,0.0045,0.05,0.044521565,3761080.5
29,29,0.0045,0.05,0.046022525,3760578.0
30,30,0.0045,0.05,0.04752347,3760104.5
31,31,0.0045,0.05,0.049024415,3759657.0
32,32,0.0045,0.05,0.050525345,3759230.5
33,33,0.0045,0.05,0.05202628,3758820.0
34,34,0.0045,0.05,0.053527225,3758420.0
35,35,0.0045,0.05,0.055028165,3758027.5
36,36,0.0045,0.05,0.0565291,3757631.5
37,37,0.0045,0.05,0.058030035,3757123.0
38,38,0.0045,0.05,0.059575185,3756473.5
39,39,0.0045,0.05,0.0614956949999999,3762926.0
40,40,0.0045,0.05,0.063501435,3768698.0
41,41,0.0045,0.05,0.0655072199999999,3773352.0
42,42,0.0045,0.05,0.067513015,3777197.0
43,43,0.0045,0.05,0.0695117399999999,3780388.0
44,44,0.0045,0.05,0.07142431,3782952.5
45,45,0.0045,0.05,0.073430095,3785225.0
46,46,0.0045,0.05,0.0754358899999999,3787150.5
47,47,0.0045,0.05,0.077441685,3788790.5
48,48,0.0045,0.05,0.079447445,3790193.0
49,49,0.0045,0.05,0.081453185,3791400.5
50,50,0.0045,0.05,0.08345893,3792442.0
51,51,0.0045,0.05,0.08546467,3793346.0
52,52,0.0045,0.05,0.08747042,3794134.0
53,53,0.0045,0.05,0.08947616,3794822.0
54,54,0.0045,0.05,0.091481915,3795427.0
55,55,0.0045,0.05,0.09348765,3795962.5
56,56,0.0045,0.05,0.095493455,3796434.5
57,57,0.0045,0.05,0.09749934,3796855.0
58,58,0.0045,0.05,0.099505225,3797230.0
59,59,0.0045,0.05,0.10151115,3797565.0
60,60,0.0045,0.05,0.10351705,3797867.0
61,61,0.0045,0.05,0.1055228999999999,3798140.5
62,62,0.0045,0.05,0.1075288,3798386.5
63,63,0.0045,0.05,0.10953465,3798610.5
64,64,0.0045,0.05,0.1115406,3798814.5
65,65,0.0045,0.05,0.1135465,3798999.0
66,66,0.0045,0.05,0.1155524,3799170.0
67,67,0.0045,0.05,0.11755825,3799325.5
68,68,0.0045,0.05,0.11956415,3799469.0
69,69,0.0045,0.05,0.1215701,3799602.0
70,70,0.0045,0.05,0.1235759499999999,3799725.0
71,71,0.0045,0.05,0.12558285,3799846.5
72,72,0.0045,0.05,0.1278197,3799919.5
73,73,0.0045,0.05,0.13015455,3799941.5
74,74,0.0045,0.05,0.1325188,3799967.5
75,75,0.0045,0.05,0.1349284999999999,3799989.0
0,0,0.005,0.01,0.0015314908999999,3298900.0
1,1,0.005,0.01,0.0048032285,3298093.5
2,2,0.005,0.01,0.008075127,3296980.0
3,3,0.005,0.01,0.011346107,3294550.5
4,4,0.005,0.01,0.013849765,3290831.5
5,5,0.005,0.01,0.014581305,3289968.5
6,6,0.005,0.01,0.01523034,3289668.0
7,7,0.005,0.01,0.01587815,3288422.0
8,8,0.005,0.01,0.01652482,3284442.5
9,9,0.005,0.01,0.017171135,3273616.0
10,10,0.005,0.01,0.017817695,3243430.5
11,11,0.005,0.01,0.018505695,3136026.0
12,12,0.005,0.01,0.019382725,3116115.5
13,13,0.005,0.01,0.02028283,3153508.5
14,14,0.005,0.01,0.021182935,3189767.5
15,15,0.005,0.01,0.0220830399999999,3239138.5
16,16,0.005,0.01,0.022983145,3310957.0
17,17,0.005,0.01,0.02388325,3401313.0
18,18,0.005,0.01,0.024783355,3472454.5
19,19,0.005,0.01,0.02568346,3509849.0
20,20,0.005,0.01,0.0265835649999999,3522330.5
21,21,0.005,0.01,0.027483665,3521112.5
22,22,0.005,0.01,0.0283837699999999,3512732.5
23,23,0.005,0.01,0.029283875,3500508.5
24,24,0.005,0.01,0.03018398,3486331.0
25,25,0.005,0.01,0.03108407,3471522.0
26,26,0.005,0.01,0.031984145,3456960.5
27,27,0.005,0.01,0.032884215,3443070.5
28,28,0.005,0.01,0.0337843,3429966.5
29,29,0.005,0.01,0.03468438,3417378.0
30,30,0.005,0.01,0.03558445,3405158.5
31,31,0.005,0.01,0.036484515,3393213.5
32,32,0.005,0.01,0.0373846,3381447.0
33,33,0.005,0.01,0.03828468,3369792.5
34,34,0.005,0.01,0.039184745,3358188.0
35,35,0.005,0.01,0.040084815,3346529.0
36,36,0.005,0.01,0.0409849,3334721.0
37,37,0.005,0.01,0.04188498,3322876.5
38,38,0.005,0.01,0.04278505,3310988.5
39,39,0.005,0.01,0.04368512,3299046.5
40,40,0.005,0.01,0.0445852,3287052.0
41,41,0.005,0.01,0.045485285,3275022.0
42,42,0.005,0.01,0.04638537,3262986.0
43,43,0.005,0.01,0.04728546,3250937.5
44,44,0.005,0.01,0.0481855499999999,3238809.5
45,45,0.005,0.01,0.04908564,3226498.5
46,46,0.005,0.01,0.0499857249999999,3214051.5
47,47,0.005,0.01,0.050885815,3201431.5
48,48,0.005,0.01,0.0517858999999999,3188575.0
49,49,0.005,0.01,0.052686,3175482.0
50,50,0.005,0.01,0.0535860899999999,3162138.5
51,51,0.005,0.01,0.0544861799999999,3148511.0
52,52,0.005,0.01,0.0553862699999999,3134573.5
53,53,0.005,0.01,0.05628636,3120350.5
54,54,0.005,0.01,0.05718645,3106054.5
55,55,0.005,0.01,0.058086535,3091851.0
56,56,0.005,0.01,0.0589866249999999,3077457.5
57,57,0.005,0.01,0.0598867099999999,3062596.5
58,58,0.005,0.01,0.060786805,3047056.0
59,59,0.005,0.01,0.0616869,3030806.5
60,60,0.005,0.01,0.062586995,3013939.5
61,61,0.005,0.01,0.063487,2996669.5
62,62,0.005,0.01,0.06438701,2979381.0
63,63,0.005,0.01,0.0652871,2961824.0
64,64,0.005,0.01,0.0661871,2943801.5
65,65,0.005,0.01,0.0670871,2925142.5
66,66,0.005,0.01,0.06798718,2900588.0
67,67,0.005,0.01,0.06935003,3052032.0
68,68,0.005,0.01,0.071352315,3271140.5
69,69,0.005,0.01,0.07335939,3393373.0
70,70,0.005,0.01,0.075366475,3475755.5
71,71,0.005,0.01,0.07737355,3535971.0
72,72,0.005,0.01,0.0793806199999999,3582121.5
73,73,0.005,0.01,0.081387675,3618639.5
74,74,0.005,0.01,0.0833947349999999,3648195.5
75,75,0.005,0.01,0.085401795,3672550.0
76,76,0.005,0.01,0.087408865,3692918.5
77,77,0.005,0.01,0.08941592,3710150.0
78,78,0.005,0.01,0.09142298,3724867.0
79,79,0.005,0.01,0.09343007,3737500.5
80,80,0.005,0.01,0.0954372699999999,3748346.5
81,81,0.005,0.01,0.0974444799999999,3757595.0
82,82,0.005,0.01,0.09945169,3765319.0
83,83,0.005,0.01,0.1014588999999999,3771496.5
84,84,0.005,0.01,0.1034661,3776256.0
85,85,0.005,0.01,0.1054732999999999,3779916.0
86,86,0.005,0.01,0.10748055,3782789.5
87,87,0.005,0.01,0.1094877,3785106.0
88,88,0.005,0.01,0.11149475,3787023.0
89,89,0.005,0.01,0.1135018,3788647.0
90,90,0.005,0.01,0.1155088999999999,3790043.5
91,91,0.005,0.01,0.11751595,3791262.5
92,92,0.005,0.01,0.119523,3792332.5
93,93,0.005,0.01,0.1215300499999999,3793279.0
94,94,0.005,0.01,0.1235371,3794117.0
95,95,0.005,0.01,0.12554425,3794858.5
96,96,0.005,0.01,0.12755135,3795519.5
97,97,0.005,0.01,0.1295586,3796108.0
98,98,0.005,0.01,0.1315657,3796636.0
99,99,0.005,0.01,0.13357295,3797110.5
100,100,0.005,0.01,0.1355801499999999,3797538.5
101,101,0.005,0.01,0.1375873,3797923.0
102,102,0.005,0.01,0.13959445,3798271.0
103,103,0.005,0.01,0.14160155,3798585.0
104,104,0.005,0.01,0.1436086,3798871.5
105,105,0.005,0.01,0.14561565,3799132.0
106,106,0.005,0.01,0.1476227,3799367.5
107,107,0.005,0.01,0.1496297999999999,3799584.5
108,108,0.005,0.01,0.1516368,3799791.5
109,109,0.005,0.01,0.15364695,3800030.0
110,110,0.005,0.01,0.1559025,3800075.0
111,111,0.005,0.01,0.15831215,3800033.0
112,112,0.005,0.01,0.1607217999999999,3800017.5
113,113,0.005,0.01,0.1631315,3800006.5
0,0,0.005,0.02,0.001483982,3297688.0
1,1,0.005,0.02,0.004657478,3297195.0
2,2,0.005,0.02,0.0078326139999999,3295669.5
3,3,0.005,0.02,0.011007425,3292333.0
4,4,0.005,0.02,0.013681595,3280480.0
5,5,0.005,0.02,0.0144983849999999,3277498.5
6,6,0.005,0.02,0.0150951299999999,3270259.0
7,7,0.005,0.02,0.015674055,3273830.0
8,8,0.005,0.02,0.016305515,3263806.0
9,9,0.005,0.02,0.01700592,3299001.0
10,10,0.005,0.02,0.017663775,3279841.5
11,11,0.005,0.02,0.0182791949999999,3230039.0
12,12,0.005,0.02,0.0189538,3230626.0
13,13,0.005,0.02,0.019727895,3152249.5
14,14,0.005,0.02,0.02075801,3156195.0
15,15,0.005,0.02,0.02177325,3166586.5
16,16,0.005,0.02,0.022806635,3185854.5
17,17,0.005,0.02,0.023823755,3214577.0
18,18,0.005,0.02,0.02483379,3269064.5
19,19,0.005,0.02,0.025830575,3340610.5
20,20,0.005,0.02,0.0268216799999999,3405400.0
21,21,0.005,0.02,0.0278137,3450857.0
22,22,0.005,0.02,0.0288130199999999,3478050.0
23,23,0.005,0.02,0.0298370849999999,3491490.5
24,24,0.005,0.02,0.030847145,3495573.5
25,25,0.005,0.02,0.03189764,3494133.5
26,26,0.005,0.02,0.0329480999999999,3489321.5
27,27,0.005,0.02,0.033998555,3482692.5
28,28,0.005,0.02,0.035049015,3475192.5
29,29,0.005,0.02,0.036099465,3467332.5
30,30,0.005,0.02,0.03714993,3459391.0
31,31,0.005,0.02,0.0382003799999999,3451504.0
32,32,0.005,0.02,0.0392507849999999,3443732.0
33,33,0.005,0.02,0.040301195,3436129.0
34,34,0.005,0.02,0.041351655,3428651.5
35,35,0.005,0.02,0.04240211,3421286.5
36,36,0.005,0.02,0.043452565,3414020.5
37,37,0.005,0.02,0.044503025,3406850.0
38,38,0.005,0.02,0.0455534799999999,3399779.0
39,39,0.005,0.02,0.046603935,3392805.0
40,40,0.005,0.02,0.04765435,3385927.5
41,41,0.005,0.02,0.0487047699999999,3379148.0
42,42,0.005,0.02,0.04975519,3372464.5
43,43,0.005,0.02,0.0508056149999999,3365877.0
44,44,0.005,0.02,0.0518560349999999,3359383.5
45,45,0.005,0.02,0.052906455,3352977.5
46,46,0.005,0.02,0.05395687,3346652.5
47,47,0.005,0.02,0.055007295,3340406.5
48,48,0.005,0.02,0.0560577149999999,3334241.5
49,49,0.005,0.02,0.057108135,3328184.0
50,50,0.005,0.02,0.058158555,3322208.5
51,51,0.005,0.02,0.05920897,3316292.0
52,52,0.005,0.02,0.060259395,3310424.0
53,53,0.005,0.02,0.061309815,3304605.0
54,54,0.005,0.02,0.06236024,3298818.5
55,55,0.005,0.02,0.063410685,3293071.5
56,56,0.005,0.02,0.064461145,3287360.0
57,57,0.005,0.02,0.065511605,3281675.5
58,58,0.005,0.02,0.06656206,3276012.0
59,59,0.005,0.02,0.067612515,3270307.5
60,60,0.005,0.02,0.068662975,3263990.5
61,61,0.005,0.02,0.069948755,3302859.0
62,62,0.005,0.02,0.0718391249999999,3414142.0
63,63,0.005,0.02,0.07377845,3494101.5
64,64,0.005,0.02,0.075743535,3551564.0
65,65,0.005,0.02,0.07765412,3593634.0
66,66,0.005,0.02,0.079659355,3627819.0
67,67,0.005,0.02,0.0815759049999999,3653774.0
68,68,0.005,0.02,0.0835699299999999,3675426.0
69,69,0.005,0.02,0.08557554,3693381.0
70,70,0.005,0.02,0.0875812749999999,3708324.0
71,71,0.005,0.02,0.08958715,3720913.0
72,72,0.005,0.02,0.09159315,3731634.0
73,73,0.005,0.02,0.09359925,3740854.0
74,74,0.005,0.02,0.09560547,3748844.5
75,75,0.005,0.02,0.09761182,3755812.0
76,76,0.005,0.02,0.099590325,3761836.5
77,77,0.005,0.02,0.1015244999999999,3766938.5
78,78,0.005,0.02,0.10353125,3771581.5
79,79,0.005,0.02,0.1055381999999999,3775652.5
80,80,0.005,0.02,0.10751245,3779157.0
81,81,0.005,0.02,0.10945225,3782085.5
82,82,0.005,0.02,0.11145965,3784693.0
83,83,0.005,0.02,0.1134404,3786898.5
84,84,0.005,0.02,0.11537435,3788701.0
85,85,0.005,0.02,0.1173817,3790293.5
86,86,0.005,0.02,0.119389,3791652.0
87,87,0.005,0.02,0.1213662,3792799.0
88,88,0.005,0.02,0.1233028499999999,3793752.5
89,89,0.005,0.02,0.12530985,3794608.0
90,90,0.005,0.02,0.1273167999999999,3795360.0
91,91,0.005,0.02,0.1293236499999999,3796020.5
92,92,0.005,0.02,0.1313305,3796610.0
93,93,0.005,0.02,0.13333715,3797139.0
94,94,0.005,0.02,0.13534395,3797616.0
95,95,0.005,0.02,0.1373505,3798046.5
96,96,0.005,0.02,0.13935715,3798432.0
97,97,0.005,0.02,0.14136355,3798783.5
98,98,0.005,0.02,0.1433699,3799100.0
99,99,0.005,0.02,0.1453762,3799391.0
100,100,0.005,0.02,0.14738245,3799659.5
101,101,0.005,0.02,0.14938855,3799912.0
102,102,0.005,0.02,0.15156695,3800057.0
103,103,0.005,0.02,0.1539755,3800044.0
104,104,0.005,0.02,0.1563456,3800025.5
105,105,0.005,0.02,0.1586744,3800012.0
0,0,0.005,0.03,0.00124777155,3298178.5
1,1,0.005,0.03,0.004049595,3297959.5
2,2,0.005,0.03,0.0069076139999999,3297041.0
3,3,0.005,0.03,0.009765069,3295344.0
4,4,0.005,0.03,0.0126051899999999,3290902.0
5,5,0.005,0.03,0.0141712549999999,3279336.0
6,6,0.005,0.03,0.014888015,3275996.5
7,7,0.005,0.03,0.015596265,3275836.5
8,8,0.005,0.03,0.01630686,3282453.5
9,9,0.005,0.03,0.017073225,3311173.0
10,10,0.005,0.03,0.01777812,3277308.0
11,11,0.005,0.03,0.018500805,3251659.5
12,12,0.005,0.03,0.019301405,3271832.5
13,13,0.005,0.03,0.0203508999999999,3235321.5
14,14,0.005,0.03,0.0215429449999999,3253518.0
15,15,0.005,0.03,0.022736705,3265027.0
16,16,0.005,0.03,0.02388452,3285045.0
17,17,0.005,0.03,0.0250305,3336312.0
18,18,0.005,0.03,0.0261495249999999,3409530.0
19,19,0.005,0.03,0.0272610349999999,3483302.0
20,20,0.005,0.03,0.0283599449999999,3540969.5
21,21,0.005,0.03,0.0294631049999999,3580641.0
22,22,0.005,0.03,0.0305952399999999,3604030.0
23,23,0.005,0.03,0.0317581699999999,3614677.0
24,24,0.005,0.03,0.032899975,3617224.5
25,25,0.005,0.03,0.034100555,3615519.0
26,26,0.005,0.03,0.035301075,3611792.0
27,27,0.005,0.03,0.03650158,3607307.0
28,28,0.005,0.03,0.0377021,3602670.5
29,29,0.005,0.03,0.038902605,3598140.0
30,30,0.005,0.03,0.04010309,3593819.5
31,31,0.005,0.03,0.0413035749999999,3589716.0
32,32,0.005,0.03,0.042504095,3585797.5
33,33,0.005,0.03,0.0437046,3582055.5
34,34,0.005,0.03,0.044905125,3578473.0
35,35,0.005,0.03,0.046105625,3575025.5
36,36,0.005,0.03,0.0473061199999999,3571673.5
37,37,0.005,0.03,0.0485066,3568403.0
38,38,0.005,0.03,0.0497070799999999,3565213.5
39,39,0.005,0.03,0.05090756,3562104.5
40,40,0.005,0.03,0.05210804,3559076.0
41,41,0.005,0.03,0.05330852,3556114.5
42,42,0.005,0.03,0.054509,3553219.5
43,43,0.005,0.03,0.05570948,3550370.0
44,44,0.005,0.03,0.0569099599999999,3547561.5
45,45,0.005,0.03,0.05811044,3544790.5
46,46,0.005,0.03,0.05931092,3542063.0
47,47,0.005,0.03,0.0605113999999999,3539381.5
48,48,0.005,0.03,0.06171188,3536742.5
49,49,0.005,0.03,0.0629123749999999,3534143.0
50,50,0.005,0.03,0.0641128949999999,3531574.5
51,51,0.005,0.03,0.065313425,3529028.5
52,52,0.005,0.03,0.0665139449999999,3526487.0
53,53,0.005,0.03,0.06771447,3523834.0
54,54,0.005,0.03,0.068915865,3521187.0
55,55,0.005,0.03,0.07053849,3553020.0
56,56,0.005,0.03,0.0724576349999999,3599281.0
57,57,0.005,0.03,0.07446079,3635556.0
58,58,0.005,0.03,0.07637769,3662418.0
59,59,0.005,0.03,0.07836676,3684205.5
60,60,0.005,0.03,0.080323,3701529.5
61,61,0.005,0.03,0.0822726949999999,3715348.5
62,62,0.005,0.03,0.08427585,3727085.0
63,63,0.005,0.03,0.086279045,3736861.5
64,64,0.005,0.03,0.08821239,3744789.0
65,65,0.005,0.03,0.09018552,3751590.5
66,66,0.005,0.03,0.092188975,3757512.5
67,67,0.005,0.03,0.0941924549999999,3762617.5
68,68,0.005,0.03,0.0961960449999999,3767042.0
69,69,0.005,0.03,0.0981996749999999,3770898.5
70,70,0.005,0.03,0.1002033399999999,3774281.5
71,71,0.005,0.03,0.10220715,3777262.0
72,72,0.005,0.03,0.1042109499999999,3779900.0
73,73,0.005,0.03,0.1062149,3782247.5
74,74,0.005,0.03,0.1082187499999999,3784343.5
75,75,0.005,0.03,0.1101873999999999,3786194.5
76,76,0.005,0.03,0.1121267,3787814.5
77,77,0.005,0.03,0.1141308499999999,3789324.5
78,78,0.005,0.03,0.1161351,3790685.0
79,79,0.005,0.03,0.11813945,3791912.0
80,80,0.005,0.03,0.1201439,3793020.5
81,81,0.005,0.03,0.1221484499999999,3794019.0
82,82,0.005,0.03,0.1240857,3794888.0
83,83,0.005,0.03,0.12605775,3795669.0
84,84,0.005,0.03,0.12806275,3796385.0
85,85,0.005,0.03,0.13006795,3797024.0
86,86,0.005,0.03,0.13203635,3797579.5
87,87,0.005,0.03,0.1339779999999999,3798048.0
88,88,0.005,0.03,0.135983,3798474.0
89,89,0.005,0.03,0.13798795,3798849.0
90,90,0.005,0.03,0.13999275,3799183.5
91,91,0.005,0.03,0.1419974,3799486.0
92,92,0.005,0.03,0.14400185,3799761.5
93,93,0.005,0.03,0.1460398,3799975.0
94,94,0.005,0.03,0.1483459999999999,3800020.0
95,95,0.005,0.03,0.15075555,3800015.0
96,96,0.005,0.03,0.15316525,3800010.0
0,0,0.005,0.04,0.00123640915,3299182.5
1,1,0.005,0.04,0.004035056,3299119.5
2,2,0.005,0.04,0.006883596,3298743.0
3,3,0.005,0.04,0.0097312595,3298053.5
4,4,0.005,0.04,0.01256844,3296139.0
5,5,0.005,0.04,0.0141959649999999,3290169.5
6,6,0.005,0.04,0.0149302799999999,3271579.0
7,7,0.005,0.04,0.0154597449999999,3281791.0
8,8,0.005,0.04,0.016264365,3288302.5
9,9,0.005,0.04,0.01711965,3323651.5
10,10,0.005,0.04,0.0178937999999999,3279715.5
11,11,0.005,0.04,0.018749435,3300538.0
12,12,0.005,0.04,0.019744565,3287371.0
13,13,0.005,0.04,0.0210637199999999,3297065.5
14,14,0.005,0.04,0.022382205,3300705.5
15,15,0.005,0.04,0.023678895,3329885.0
16,16,0.005,0.04,0.0249497549999999,3389607.5
17,17,0.005,0.04,0.02617894,3472612.5
18,18,0.005,0.04,0.0273635699999999,3555537.0
19,19,0.005,0.04,0.02852733,3623298.5
20,20,0.005,0.04,0.029715545,3671205.5
21,21,0.005,0.04,0.0309393949999999,3697595.0
22,22,0.005,0.04,0.03223266,3707437.0
23,23,0.005,0.04,0.033530595,3708646.0
24,24,0.005,0.04,0.034882015,3706939.5
25,25,0.005,0.04,0.0362334,3704572.0
26,26,0.005,0.04,0.03758479,3702218.0
27,27,0.005,0.04,0.038936165,3700027.5
28,28,0.005,0.04,0.0402875,3698002.0
29,29,0.005,0.04,0.04163889,3696119.0
30,30,0.005,0.04,0.042990275,3694352.5
31,31,0.005,0.04,0.0443416649999999,3692679.0
32,32,0.005,0.04,0.045693045,3691085.0
33,33,0.005,0.04,0.047044415,3689562.0
34,34,0.005,0.04,0.04839577,3688102.5
35,35,0.005,0.04,0.049747115,3686693.5
36,36,0.005,0.04,0.051098475,3685328.5
37,37,0.005,0.04,0.052449815,3683999.0
38,38,0.005,0.04,0.0538011849999999,3682698.0
39,39,0.005,0.04,0.0551525149999999,3681425.5
40,40,0.005,0.04,0.056503885,3680180.5
41,41,0.005,0.04,0.05785522,3678961.0
42,42,0.005,0.04,0.059206585,3677766.0
43,43,0.005,0.04,0.0605579299999999,3676594.0
44,44,0.005,0.04,0.0619092849999999,3675442.0
45,45,0.005,0.04,0.063260655,3674305.5
46,46,0.005,0.04,0.06461204,3673182.5
47,47,0.005,0.04,0.06596343,3672064.5
48,48,0.005,0.04,0.067314815,3670879.0
49,49,0.005,0.04,0.0686661999999999,3669164.5
50,50,0.005,0.04,0.07029158,3679867.0
51,51,0.005,0.04,0.07221748,3699990.5
52,52,0.005,0.04,0.0742215,3716351.5
53,53,0.005,0.04,0.0762254399999999,3729504.5
54,54,0.005,0.04,0.07815141,3739771.5
55,55,0.005,0.04,0.0801330199999999,3748331.5
56,56,0.005,0.04,0.0821369,3755517.0
57,57,0.005,0.04,0.0841409,3761511.0
58,58,0.005,0.04,0.08607892,3766377.0
59,59,0.005,0.04,0.0880487,3770516.0
60,60,0.005,0.04,0.0900527,3774114.5
61,61,0.005,0.04,0.092056745,3777201.0
62,62,0.005,0.04,0.094060885,3779863.0
63,63,0.005,0.04,0.0960650449999999,3782172.5
64,64,0.005,0.04,0.098069195,3784190.5
65,65,0.005,0.04,0.100073475,3785957.5
66,66,0.005,0.04,0.1020778,3787518.5
67,67,0.005,0.04,0.10408205,3788902.0
68,68,0.005,0.04,0.1060864499999999,3790132.5
69,69,0.005,0.04,0.1080908999999999,3791235.0
70,70,0.005,0.04,0.1100953,3792225.0
71,71,0.005,0.04,0.1120999,3793116.5
72,72,0.005,0.04,0.1141045,3793922.5
73,73,0.005,0.04,0.11610905,3794655.5
74,74,0.005,0.04,0.1181136999999999,3795321.5
75,75,0.005,0.04,0.1201184499999999,3795927.5
76,76,0.005,0.04,0.1221232499999999,3796481.5
77,77,0.005,0.04,0.12412805,3796989.0
78,78,0.005,0.04,0.126133,3797453.5
79,79,0.005,0.04,0.1281380499999999,3797879.0
80,80,0.005,0.04,0.13013505,3798269.0
81,81,0.005,0.04,0.1320482999999999,3798606.5
82,82,0.005,0.04,0.13405365,3798928.5
83,83,0.005,0.04,0.13605925,3799222.5
84,84,0.005,0.04,0.1380647,3799491.0
85,85,0.005,0.04,0.1400709499999999,3799732.5
86,86,0.005,0.04,0.1422515,3799890.5
87,87,0.005,0.04,0.1445975,3799940.5
88,88,0.005,0.04,0.1470075,3799972.0
89,89,0.005,0.04,0.1494173999999999,3799992.0
