,Unnamed: 0,Dmix,Lmix,X,velocity
0,0,0.003,0.01,0.0015315932,1.4086439
1,1,0.003,0.01,0.004803392,2.1255095
2,2,0.003,0.01,0.008075396,2.684193
3,3,0.003,0.01,0.0113465465,3.3106195
4,4,0.003,0.01,0.01385022,5.057763499999999
5,5,0.003,0.01,0.014581525,6.6862055
6,6,0.003,0.01,0.015230325,8.077366
7,7,0.003,0.01,0.0158779,9.576874
8,8,0.003,0.01,0.01652435,12.053864999999998
9,9,0.003,0.01,0.01717058,16.637655000000002
10,10,0.003,0.01,0.01781731,27.5873
11,11,0.003,0.01,0.0185055899999999,54.830205
12,12,0.003,0.01,0.01938338,66.98239499999998
13,13,0.003,0.01,0.020284285,65.12396500000001
14,14,0.003,0.01,0.0211851949999999,52.40568
15,15,0.003,0.01,0.0220860949999999,52.11744
16,16,0.003,0.01,0.02298701,52.63786
17,17,0.003,0.01,0.0238879249999999,50.657665
18,18,0.003,0.01,0.02478883,47.4917
19,19,0.003,0.01,0.02568975,42.878465
20,20,0.003,0.01,0.02659067,39.339755
21,21,0.003,0.01,0.0274915799999999,37.67132
22,22,0.003,0.01,0.0284663299999999,38.758245
23,23,0.003,0.01,0.030248805,38.62827
24,24,0.003,0.01,0.0322560499999999,24.23239
25,25,0.003,0.01,0.0342632349999999,17.72352
26,26,0.003,0.01,0.036270355,15.55864
27,27,0.003,0.01,0.03827745,14.979
28,28,0.003,0.01,0.04028453,14.657515
29,29,0.003,0.01,0.042291625,14.267465
30,30,0.003,0.01,0.0442987049999999,13.776185000000002
31,31,0.003,0.01,0.046305775,13.204725
32,32,0.003,0.01,0.04831284,12.58191
33,33,0.003,0.01,0.0503198999999999,11.93539
34,34,0.003,0.01,0.05232696,11.287760000000002
35,35,0.003,0.01,0.05433402,10.6555
36,36,0.003,0.01,0.05634108,10.0489125
37,37,0.003,0.01,0.0583481399999999,9.47337
38,38,0.003,0.01,0.06035521,8.931637999999998
39,39,0.003,0.01,0.06236227,8.424572
40,40,0.003,0.01,0.0643693449999999,7.9515885
41,41,0.003,0.01,0.06637643,7.511214999999998
42,42,0.003,0.01,0.0683835199999999,7.101547500000001
43,43,0.003,0.01,0.070390605,6.720647
44,44,0.003,0.01,0.0723976799999999,6.3665495000000005
45,45,0.003,0.01,0.07440477,6.0372585
46,46,0.003,0.01,0.076411855,5.730960500000001
47,47,0.003,0.01,0.0784189199999999,5.446754500000001
48,48,0.003,0.01,0.08042598,5.184736499999999
49,49,0.003,0.01,0.082433075,4.948648499999999
50,50,0.003,0.01,0.08444028,4.7187365
51,51,0.003,0.01,0.08644746,4.499216500000001
52,52,0.003,0.01,0.088454535,4.3133285
53,53,0.003,0.01,0.090461595,4.147371499999999
54,54,0.003,0.01,0.0924686599999999,3.9921035
55,55,0.003,0.01,0.09447572,3.8443525
56,56,0.003,0.01,0.0964827799999999,3.7025795
57,57,0.003,0.01,0.098489835,3.566224
58,58,0.003,0.01,0.100496865,3.4351620000000005
59,59,0.003,0.01,0.10250395,3.309334
60,60,0.003,0.01,0.104511,3.1886805
61,61,0.003,0.01,0.10651805,3.073026
62,62,0.003,0.01,0.1085251,2.96214
63,63,0.003,0.01,0.11053225,2.855571
64,64,0.003,0.01,0.1125393,2.7522665
65,65,0.003,0.01,0.11461275,2.6350135000000003
66,66,0.003,0.01,0.11698605,2.6118765
67,67,0.003,0.01,0.1193957,2.6203890000000003
68,68,0.003,0.01,0.1218054499999999,2.6266105
0,0,0.003,0.02,0.00133630455,8.030019999999999
1,1,0.003,0.02,0.0044766425,10.3364375
2,2,0.003,0.02,0.0076520719999999,12.565310000000002
3,3,0.003,0.02,0.010825437,16.357295
4,4,0.003,0.02,0.0135790199999999,21.991550000000004
5,5,0.003,0.02,0.01454956,24.576535
6,6,0.003,0.02,0.01528418,26.95026
7,7,0.003,0.02,0.016024215,30.64395
8,8,0.003,0.02,0.01677523,38.89631
9,9,0.003,0.02,0.0175242499999999,56.16524
10,10,0.003,0.02,0.018292185,98.00705
11,11,0.003,0.02,0.01928395,114.80390000000004
12,12,0.003,0.02,0.020336615,109.71835
13,13,0.003,0.02,0.021389245,104.8941
14,14,0.003,0.02,0.022441885,103.25445
15,15,0.003,0.02,0.0234945299999999,100.390095
16,16,0.003,0.02,0.024547185,98.9381
17,17,0.003,0.02,0.0255998149999999,98.643305
18,18,0.003,0.02,0.02665248,100.383925
19,19,0.003,0.02,0.027705115,104.06155
20,20,0.003,0.02,0.029049195,95.6197
21,21,0.003,0.02,0.031033095,72.664585
22,22,0.003,0.02,0.0330403799999999,61.80998
23,23,0.003,0.02,0.0350476699999999,54.849715
24,24,0.003,0.02,0.037054945,49.620155
25,25,0.003,0.02,0.039062205,45.425935
26,26,0.003,0.02,0.041069455,41.76941000000001
27,27,0.003,0.02,0.0430766649999999,38.33742
28,28,0.003,0.02,0.045083855,35.10238499999999
29,29,0.003,0.02,0.047091025,32.122055
30,30,0.003,0.02,0.04909819,29.4284
31,31,0.003,0.02,0.0511053499999999,27.013780000000004
32,32,0.003,0.02,0.0531125099999999,24.852045
33,33,0.003,0.02,0.05511968,22.912655
34,34,0.003,0.02,0.0571267949999999,21.16805
35,35,0.003,0.02,0.059133885,19.595825
36,36,0.003,0.02,0.061140975,18.178045
37,37,0.003,0.02,0.063148085,16.900105000000003
38,38,0.003,0.02,0.0651552199999999,15.74928
39,39,0.003,0.02,0.0671623649999999,14.713995
40,40,0.003,0.02,0.069169495,13.78301
41,41,0.003,0.02,0.07117664,12.9455
42,42,0.003,0.02,0.073183785,12.19179
43,43,0.003,0.02,0.07519092,11.51459
44,44,0.003,0.02,0.07719804,10.90952
45,45,0.003,0.02,0.0792052149999999,10.3685
46,46,0.003,0.02,0.0812124499999999,9.887356
47,47,0.003,0.02,0.0832197,9.530579
48,48,0.003,0.02,0.085227075,9.341329
49,49,0.003,0.02,0.08723442,9.1383965
50,50,0.003,0.02,0.089241665,8.850657
51,51,0.003,0.02,0.09124888,8.511803
52,52,0.003,0.02,0.093255985,8.152959
53,53,0.003,0.02,0.095263075,7.792661000000001
54,54,0.003,0.02,0.09727017,7.440851499999999
55,55,0.003,0.02,0.099277265,7.102603499999999
56,56,0.003,0.02,0.1012843499999999,6.780084499999999
57,57,0.003,0.02,0.1032914,6.4734145
58,58,0.003,0.02,0.1052985499999999,6.180356000000001
59,59,0.003,0.02,0.1073056,5.890893999999999
60,60,0.003,0.02,0.1093406999999999,5.585300500000001
61,61,0.003,0.02,0.11167175,5.698626
62,62,0.003,0.02,0.1140814499999999,5.823105
63,63,0.003,0.02,0.116491,5.911768999999999
0,0,0.003,0.03,0.0011796690499999,6.894599
1,1,0.003,0.03,0.0039810234999999,8.708179999999999
2,2,0.003,0.03,0.00671386,10.337660500000002
3,3,0.003,0.03,0.0095682594999999,12.800260000000003
4,4,0.003,0.03,0.01241512,16.738480000000003
5,5,0.003,0.03,0.014161435,19.994335
6,6,0.003,0.03,0.01500153,21.387485
7,7,0.003,0.03,0.0158379849999999,23.729075
8,8,0.003,0.03,0.01667755,29.121465
9,9,0.003,0.03,0.01750773,39.899440000000006
10,10,0.003,0.03,0.01830975,56.231875
11,11,0.003,0.03,0.0194097,57.674645
12,12,0.003,0.03,0.020614615,55.68771
13,13,0.003,0.03,0.02176139,54.173555
14,14,0.003,0.03,0.02296423,55.706205
15,15,0.003,0.03,0.024169085,58.01648999999999
16,16,0.003,0.03,0.02537393,57.62895
17,17,0.003,0.03,0.02656997,54.49816
18,18,0.003,0.03,0.0277238,52.261
19,19,0.003,0.03,0.0292873149999999,47.98110499999999
20,20,0.003,0.03,0.03124183,41.23565
21,21,0.003,0.03,0.033196275,37.01537
22,22,0.003,0.03,0.035201705,34.228205
23,23,0.003,0.03,0.037163205,32.33172499999999
24,24,0.003,0.03,0.039112475,31.180699999999995
25,25,0.003,0.03,0.041118105,30.619084999999995
26,26,0.003,0.03,0.043123535,29.91739
27,27,0.003,0.03,0.045128605,28.66049
28,28,0.003,0.03,0.047133325,27.098589999999994
29,29,0.003,0.03,0.0491380249999999,25.449265
30,30,0.003,0.03,0.0511427149999999,23.830825
31,31,0.003,0.03,0.053147395,22.299645
32,32,0.003,0.03,0.05515203,20.87115
33,33,0.003,0.03,0.05715663,19.546665
34,34,0.003,0.03,0.05916124,18.32161
35,35,0.003,0.03,0.0611658399999999,17.189014999999998
36,36,0.003,0.03,0.063170395,16.14128
37,37,0.003,0.03,0.0651749449999999,15.171085
38,38,0.003,0.03,0.06717948,14.272085
39,39,0.003,0.03,0.069184,13.43861
40,40,0.003,0.03,0.0711884999999999,12.665805
41,41,0.003,0.03,0.073193,11.949625
42,42,0.003,0.03,0.0751975,11.286905
43,43,0.003,0.03,0.0772020149999999,10.675260000000002
44,44,0.003,0.03,0.0792065399999999,10.112740999999998
45,45,0.003,0.03,0.081211065,9.598456000000002
46,46,0.003,0.03,0.083215605,9.133119
47,47,0.003,0.03,0.08522025,8.715988
48,48,0.003,0.03,0.087224915,8.3409415
49,49,0.003,0.03,0.0892296,7.9975770000000015
50,50,0.003,0.03,0.091234285,7.674609999999999
51,51,0.003,0.03,0.09323891,7.364274
52,52,0.003,0.03,0.09524345,7.063533
53,53,0.003,0.03,0.0972479749999999,6.771935000000001
54,54,0.003,0.03,0.099252485,6.489399000000001
55,55,0.003,0.03,0.1012569,6.213751500000001
56,56,0.003,0.03,0.10326125,5.9310295
57,57,0.003,0.03,0.10538695,5.753724
58,58,0.003,0.03,0.1077865,5.873384
59,59,0.003,0.03,0.1101959999999999,5.967783000000001
60,60,0.003,0.03,0.1126057,6.048254999999999
0,0,0.003,0.04,0.00109332955,4.876705500000001
1,1,0.003,0.04,0.0038289805,5.992000999999999
2,2,0.003,0.04,0.006674563,7.1336945
3,3,0.003,0.04,0.0095177589999999,8.77943
4,4,0.003,0.04,0.012355235,11.3680885
5,5,0.003,0.04,0.014194935,13.524175
6,6,0.003,0.04,0.01512618,14.43982
7,7,0.003,0.04,0.016044095,16.06427
8,8,0.003,0.04,0.01694976,19.60927
9,9,0.003,0.04,0.0178496999999999,25.540940000000003
10,10,0.003,0.04,0.0188245399999999,28.414465
11,11,0.003,0.04,0.02007072,26.0932
12,12,0.003,0.04,0.021314125,31.54714
13,13,0.003,0.04,0.0225883999999999,41.010090000000005
14,14,0.003,0.04,0.023918505,47.581105
15,15,0.003,0.04,0.025174455,41.348605000000006
16,16,0.003,0.04,0.026373495,33.141875000000006
17,17,0.003,0.04,0.027573225,30.327465
18,18,0.003,0.04,0.0290168549999999,31.11785
19,19,0.003,0.04,0.030914265,32.04544500000001
20,20,0.003,0.04,0.0328220199999999,32.754870000000004
21,21,0.003,0.04,0.03482818,32.357299999999995
22,22,0.003,0.04,0.0368337949999999,30.968245
23,23,0.003,0.04,0.03883918,29.14642
24,24,0.003,0.04,0.04084445,27.2416
25,25,0.003,0.04,0.0428496649999999,25.402995
26,26,0.003,0.04,0.04485484,23.684295
27,27,0.003,0.04,0.046859965,22.09951
28,28,0.003,0.04,0.0488650849999999,20.645695
29,29,0.003,0.04,0.0508702049999999,19.313759999999995
30,30,0.003,0.04,0.052875315,18.09287
31,31,0.003,0.04,0.0548803899999999,16.972215
32,32,0.003,0.04,0.056885425,15.941505000000005
33,33,0.003,0.04,0.058890475,14.991905000000004
34,34,0.003,0.04,0.060895515,14.11558
35,35,0.003,0.04,0.06290055,13.305895
36,36,0.003,0.04,0.06490554,12.557215
37,37,0.003,0.04,0.0669105,11.86476
38,38,0.003,0.04,0.0689154999999999,11.224425
39,39,0.003,0.04,0.0709205,10.6326
40,40,0.003,0.04,0.0729254799999999,10.0858775
41,41,0.003,0.04,0.07493046,9.5803385
42,42,0.003,0.04,0.076935535,9.1117755
43,43,0.003,0.04,0.07894058,8.676324999999997
44,44,0.003,0.04,0.080945615,8.270596000000001
45,45,0.003,0.04,0.0829506599999999,7.8913645
46,46,0.003,0.04,0.084955705,7.535534500000002
47,47,0.003,0.04,0.08696075,7.200389999999999
48,48,0.003,0.04,0.0889658,6.883748500000001
49,49,0.003,0.04,0.090970755,6.583874
50,50,0.003,0.04,0.092975645,6.2992035
51,51,0.003,0.04,0.09498054,6.0276665
52,52,0.003,0.04,0.09698542,5.7643325
53,53,0.003,0.04,0.0989900749999999,5.4940385
54,54,0.003,0.04,0.1012073,5.400208999999999
55,55,0.003,0.04,0.10361695,5.473806499999999
56,56,0.003,0.04,0.1060265,5.529364
57,57,0.003,0.04,0.10843615,5.578773
0,0,0.003,0.05,0.00114284415,1.07487925
1,1,0.003,0.05,0.004022606,1.3165065
2,2,0.003,0.05,0.0070149,1.5849955000000002
3,3,0.003,0.05,0.0100043394999999,1.9761205
4,4,0.003,0.05,0.01292771,2.5188895
5,5,0.003,0.05,0.01449953,2.718147
6,6,0.003,0.05,0.0155857199999999,2.937372
7,7,0.003,0.05,0.0165957049999999,9.4448
8,8,0.003,0.05,0.01754741,35.657055
9,9,0.003,0.05,0.0184922249999999,47.52669
10,10,0.003,0.05,0.0196325949999999,54.59477
11,11,0.003,0.05,0.0210873899999999,56.39477
12,12,0.003,0.05,0.022571945,55.66441
13,13,0.003,0.05,0.0239850899999999,50.20078500000001
14,14,0.003,0.05,0.02532054,37.73873999999999
15,15,0.003,0.05,0.02654869,22.848285
16,16,0.003,0.05,0.0276606199999999,11.520722
17,17,0.003,0.05,0.0287793,8.632615499999998
18,18,0.003,0.05,0.03036311,13.979315
19,19,0.003,0.05,0.032344625,17.243474999999997
20,20,0.003,0.05,0.0343509299999999,17.551049999999996
21,21,0.003,0.05,0.0363570399999999,16.765660000000004
22,22,0.003,0.05,0.038363045,15.72671
23,23,0.003,0.05,0.04036895,14.680840000000003
24,24,0.003,0.05,0.042374925,13.693555
25,25,0.003,0.05,0.04438085,12.77945
26,26,0.003,0.05,0.046386795,11.93821
27,27,0.003,0.05,0.04839275,11.165425
28,28,0.003,0.05,0.0503987199999999,10.45554
29,29,0.003,0.05,0.052404615,9.803146000000002
30,30,0.003,0.05,0.05441051,9.20373
31,31,0.003,0.05,0.0564163999999999,8.65333
32,32,0.003,0.05,0.0584222999999999,8.1483085
33,33,0.003,0.05,0.0604281899999999,7.685138999999999
34,34,0.003,0.05,0.062434085,7.260085999999999
35,35,0.003,0.05,0.06444004,6.868906
36,36,0.003,0.05,0.06644595,6.507080499999999
37,37,0.003,0.05,0.06845191,6.1704
38,38,0.003,0.05,0.0704578499999999,5.855456
39,39,0.003,0.05,0.0724637799999999,5.5597145
40,40,0.003,0.05,0.07446975,5.2813445
41,41,0.003,0.05,0.0764756499999999,5.0189665
42,42,0.003,0.05,0.07848159,4.771462999999999
43,43,0.003,0.05,0.08048748,4.5378805
44,44,0.003,0.05,0.082493375,4.317371
45,45,0.003,0.05,0.08449927,4.109176
46,46,0.003,0.05,0.08650516,3.91252
47,47,0.003,0.05,0.088511055,3.726563
48,48,0.003,0.05,0.090516945,3.550067
49,49,0.003,0.05,0.09252282,3.3801285000000005
50,50,0.003,0.05,0.0945286,3.2047265
51,51,0.003,0.05,0.09662601,3.060591
52,52,0.003,0.05,0.099014445,3.1394265
53,53,0.003,0.05,0.101424,3.1840730000000006
54,54,0.003,0.05,0.1038337,3.212036
0,0,0.0035,0.01,0.0015315262,1.2957222
1,1,0.0035,0.01,0.0048031915,1.9195695
2,2,0.0035,0.01,0.0080749975,2.3473985
3,3,0.0035,0.01,0.0113459299999999,2.750726
4,4,0.0035,0.01,0.013849545,4.237977999999999
5,5,0.0035,0.01,0.01458094,5.820395
6,6,0.0035,0.01,0.0152298049999999,7.160468999999999
7,7,0.0035,0.01,0.01587742,8.497564
8,8,0.0035,0.01,0.016523975,10.5880995
9,9,0.0035,0.01,0.017170235,14.264919999999998
10,10,0.0035,0.01,0.01781698,22.99303
11,11,0.0035,0.01,0.01850535,44.93446
12,12,0.0035,0.01,0.019383165,50.435095
13,13,0.0035,0.01,0.02028407,42.883865
14,14,0.0035,0.01,0.021184975,41.06639
15,15,0.0035,0.01,0.0220858749999999,40.26413000000001
16,16,0.0035,0.01,0.02298678,38.49554
17,17,0.0035,0.01,0.02388768,36.53817
18,18,0.0035,0.01,0.024788595,32.22015
19,19,0.0035,0.01,0.0256895149999999,27.534370000000003
20,20,0.0035,0.01,0.0265904299999999,24.634905
21,21,0.0035,0.01,0.0274913349999999,23.24761
22,22,0.0035,0.01,0.02839222,22.80532
23,23,0.0035,0.01,0.02929311,22.908745000000003
24,24,0.0035,0.01,0.030194,23.17855
25,25,0.0035,0.01,0.0310948999999999,23.44574
26,26,0.0035,0.01,0.03199579,23.83763
27,27,0.0035,0.01,0.03289666,24.33614
28,28,0.0035,0.01,0.033797545,24.89667
29,29,0.0035,0.01,0.0346984149999999,25.500855
30,30,0.0035,0.01,0.0355992949999999,26.17344
31,31,0.0035,0.01,0.036500175,26.902710000000003
32,32,0.0035,0.01,0.03740105,27.73059
33,33,0.0035,0.01,0.03834108,28.73009
34,34,0.0035,0.01,0.040047575,30.18872
35,35,0.0035,0.01,0.042054755,21.42084
36,36,0.0035,0.01,0.044061915,17.75755
37,37,0.0035,0.01,0.04606906,15.323505000000004
38,38,0.0035,0.01,0.048076195,13.683564999999998
39,39,0.0035,0.01,0.050083325,12.5477
40,40,0.0035,0.01,0.0520904649999999,11.681885
41,41,0.0035,0.01,0.0540976,10.944355000000002
42,42,0.0035,0.01,0.0561047349999999,10.2795685
43,43,0.0035,0.01,0.05811187,9.6787485
44,44,0.0035,0.01,0.060119005,9.1391005
45,45,0.0035,0.01,0.062126135,8.643259
46,46,0.0035,0.01,0.0641332349999999,8.177390500000001
47,47,0.0035,0.01,0.06614032,7.742390499999999
48,48,0.0035,0.01,0.068147405,7.347179
49,49,0.0035,0.01,0.0701544799999999,6.9897195
50,50,0.0035,0.01,0.07216157,6.6579435
51,51,0.0035,0.01,0.074168655,6.3423265
52,52,0.0035,0.01,0.0761757399999999,6.043515000000001
53,53,0.0035,0.01,0.07818281,5.76938
54,54,0.0035,0.01,0.08018987,5.515688000000001
55,55,0.0035,0.01,0.08219693,5.267920500000001
56,56,0.0035,0.01,0.084203985,5.024739500000001
57,57,0.0035,0.01,0.086211055,4.812113500000001
58,58,0.0035,0.01,0.08821812,4.633264500000001
59,59,0.0035,0.01,0.09022517,4.474069999999999
60,60,0.0035,0.01,0.092232235,4.3266075
61,61,0.0035,0.01,0.0942392899999999,4.188933999999999
62,62,0.0035,0.01,0.09624636,4.059517
63,63,0.0035,0.01,0.0982534149999999,3.935669
64,64,0.0035,0.01,0.10026046,3.8149615
65,65,0.0035,0.01,0.1022675499999999,3.6958555
66,66,0.0035,0.01,0.1042746,3.577714999999999
67,67,0.0035,0.01,0.10628165,3.460485
68,68,0.0035,0.01,0.1082886999999999,3.344442
69,69,0.0035,0.01,0.11029575,3.2300725
70,70,0.0035,0.01,0.1123028,3.1179735
71,71,0.0035,0.01,0.1143098999999999,3.0087909999999995
72,72,0.0035,0.01,0.11631695,2.9030065
73,73,0.0035,0.01,0.1183239999999999,2.800903
74,74,0.0035,0.01,0.12033105,2.702514
75,75,0.0035,0.01,0.1223381,2.6070405
76,76,0.0035,0.01,0.1243905,2.497694
77,77,0.0035,0.01,0.1267448,2.4655720000000003
78,78,0.0035,0.01,0.1291545,2.47471
79,79,0.0035,0.01,0.1315644,2.4816864999999995
0,0,0.0035,0.02,0.0013361019,7.5688925
1,1,0.0035,0.02,0.004476974,9.7101875
2,2,0.0035,0.02,0.0076524515,11.82677
3,3,0.0035,0.02,0.010826019,15.37229
4,4,0.0035,0.02,0.01357995,20.52397
5,5,0.0035,0.02,0.01455056,22.780425
6,6,0.0035,0.02,0.01528286,24.611365
7,7,0.0035,0.02,0.01602481,27.50935
8,8,0.0035,0.02,0.0167753699999999,34.768555
9,9,0.0035,0.02,0.01752415,49.859235000000005
10,10,0.0035,0.02,0.01829203,83.97611500000001
11,11,0.0035,0.02,0.0192837799999999,92.91118
12,12,0.0035,0.02,0.020336415,86.92895000000001
13,13,0.0035,0.02,0.0213890599999999,82.319155
14,14,0.0035,0.02,0.022441705,78.52006499999999
15,15,0.0035,0.02,0.0234943499999999,76.02331000000001
16,16,0.0035,0.02,0.024546985,74.741095
17,17,0.0035,0.02,0.025599655,76.14202500000002
18,18,0.0035,0.02,0.0266523499999999,80.92174
19,19,0.0035,0.02,0.027704995,85.73058499999999
20,20,0.0035,0.02,0.028757645,89.08641999999999
21,21,0.0035,0.02,0.029810285,91.30344499999998
22,22,0.0035,0.02,0.03086292,92.91442
23,23,0.0035,0.02,0.03191556,94.067165
24,24,0.0035,0.02,0.0329681999999999,94.87534
25,25,0.0035,0.02,0.0340208199999999,95.39313
26,26,0.0035,0.02,0.035073435,95.754235
27,27,0.0035,0.02,0.036126055,96.014735
28,28,0.0035,0.02,0.037178675,96.25805499999998
29,29,0.0035,0.02,0.038211065,96.90787500000002
30,30,0.0035,0.02,0.03982855,77.33805500000001
31,31,0.0035,0.02,0.04183561,61.25722
32,32,0.0035,0.02,0.04384275,51.7738
33,33,0.0035,0.02,0.0458499,45.11525
34,34,0.0035,0.02,0.047857065,39.972505000000005
35,35,0.0035,0.02,0.049864225,35.78208
36,36,0.0035,0.02,0.0518713899999999,32.278929999999995
37,37,0.0035,0.02,0.053878555,29.298310000000004
38,38,0.0035,0.02,0.0558857149999999,26.73153
39,39,0.0035,0.02,0.0578928849999999,24.507715
40,40,0.0035,0.02,0.0599000399999999,22.572035
41,41,0.0035,0.02,0.06190721,20.882405
42,42,0.0035,0.02,0.063914385,19.404765
43,43,0.0035,0.02,0.06592158,18.109585000000003
44,44,0.0035,0.02,0.06792876,16.969925
45,45,0.0035,0.02,0.069935945,15.960975
46,46,0.0035,0.02,0.071943135,15.061269999999997
47,47,0.0035,0.02,0.0739503199999999,14.25391
48,48,0.0035,0.02,0.075957505,13.526525
49,49,0.0035,0.02,0.07796472,12.86958
50,50,0.0035,0.02,0.0799719549999999,12.274895
51,51,0.0035,0.02,0.0819792,11.73582
52,52,0.0035,0.02,0.083986435,11.248525
53,53,0.0035,0.02,0.085993665,10.81471
54,54,0.0035,0.02,0.0880009099999999,10.439895
55,55,0.0035,0.02,0.09000816,10.135885
56,56,0.0035,0.02,0.092015495,9.8997645
57,57,0.0035,0.02,0.094022685,9.6477135
58,58,0.0035,0.02,0.09602986,9.33714
59,59,0.0035,0.02,0.09803709,8.985785000000002
60,60,0.0035,0.02,0.10004436,8.617144
61,61,0.0035,0.02,0.1020513999999999,8.245986500000003
62,62,0.0035,0.02,0.10405855,7.880683499999999
63,63,0.0035,0.02,0.1060656,7.526006
64,64,0.0035,0.02,0.1080727,7.184636
65,65,0.0035,0.02,0.11007975,6.8580275
66,66,0.0035,0.02,0.1120868999999999,6.5468075
67,67,0.0035,0.02,0.11409395,6.2505955
68,68,0.0035,0.02,0.11610105,5.96618
69,69,0.0035,0.02,0.1181080999999999,5.6723795
70,70,0.0035,0.02,0.1202356499999999,5.486947499999999
71,71,0.0035,0.02,0.1226353499999999,5.646860500000001
72,72,0.0035,0.02,0.1250449999999999,5.7365555
73,73,0.0035,0.02,0.12745465,5.807569
0,0,0.0035,0.03,0.0011796668999999,7.149918500000001
1,1,0.0035,0.03,0.00398364,9.021349
2,2,0.0035,0.03,0.0067141069999999,10.701951500000002
3,3,0.0035,0.03,0.0095686939999999,13.237100000000002
4,4,0.0035,0.03,0.01241573,17.28039
5,5,0.0035,0.03,0.0141617899999999,20.59254
6,6,0.0035,0.03,0.015001425,21.9561
7,7,0.0035,0.03,0.015838965,24.32617
8,8,0.0035,0.03,0.016676115,29.90084
9,9,0.0035,0.03,0.017521105,41.487845
10,10,0.0035,0.03,0.01839627,59.03583999999999
11,11,0.0035,0.03,0.0195251899999999,59.72196499999999
12,12,0.0035,0.03,0.02072647,57.8937
13,13,0.0035,0.03,0.021889555,56.326825
14,14,0.0035,0.03,0.02306898,57.766685
15,15,0.0035,0.03,0.0242702099999999,59.973065
16,16,0.0035,0.03,0.02547143,59.72074
17,17,0.0035,0.03,0.0266546899999999,56.95002999999999
18,18,0.0035,0.03,0.027814175,54.466215
19,19,0.0035,0.03,0.028984915,54.5826
20,20,0.0035,0.03,0.0301569649999999,55.903830000000006
21,21,0.0035,0.03,0.03135829,57.889555
22,22,0.0035,0.03,0.032507785,59.76891500000001
23,23,0.0035,0.03,0.033700745,61.64765
24,24,0.0035,0.03,0.0349019649999999,63.46757
25,25,0.0035,0.03,0.0361031849999999,65.129885
26,26,0.0035,0.03,0.0373044,66.72274999999999
27,27,0.0035,0.03,0.03864878,66.273915
28,28,0.0035,0.03,0.040588125,57.81572
29,29,0.0035,0.03,0.0425928999999999,51.38352
30,30,0.0035,0.03,0.044597745,46.44737
31,31,0.0035,0.03,0.0466024799999999,42.12757
32,32,0.0035,0.03,0.04860709,38.22868
33,33,0.0035,0.03,0.05061167,34.749565000000004
34,34,0.0035,0.03,0.052616205,31.668735
35,35,0.0035,0.03,0.05462073,28.945655
36,36,0.0035,0.03,0.0566252599999999,26.53598
37,37,0.0035,0.03,0.058629785,24.398935
38,38,0.0035,0.03,0.06063431,22.498410000000003
39,39,0.0035,0.03,0.062638825,20.80303
40,40,0.0035,0.03,0.064643345,19.28598
41,41,0.0035,0.03,0.06664785,17.9247
42,42,0.0035,0.03,0.06865235,16.700525
43,43,0.0035,0.03,0.070656855,15.597915000000004
44,44,0.0035,0.03,0.0726614,14.603784999999998
45,45,0.0035,0.03,0.07466595,13.70672
46,46,0.0035,0.03,0.07667049,12.896685
47,47,0.0035,0.03,0.078675025,12.1645
48,48,0.0035,0.03,0.08067955,11.501695000000002
49,49,0.0035,0.03,0.0826841,10.900435000000002
50,50,0.0035,0.03,0.08468875,10.353745
51,51,0.0035,0.03,0.0866934299999999,9.8554915
52,52,0.0035,0.03,0.088698115,9.400319
53,53,0.0035,0.03,0.090702785,8.9832695
54,54,0.0035,0.03,0.09270745,8.599748
55,55,0.0035,0.03,0.09471214,8.2459525
56,56,0.0035,0.03,0.096716815,7.9193725000000015
57,57,0.0035,0.03,0.098721485,7.618983500000001
58,58,0.0035,0.03,0.1007262249999999,7.343116999999999
59,59,0.0035,0.03,0.10273095,7.085547
60,60,0.0035,0.03,0.1047356,6.8372220000000015
61,61,0.0035,0.03,0.1067402999999999,6.592480999999999
62,62,0.0035,0.03,0.10874495,6.349955499999999
63,63,0.0035,0.03,0.11074945,6.1092625
64,64,0.0035,0.03,0.112754,5.8636985
65,65,0.0035,0.03,0.1148138,5.647600000000001
66,66,0.0035,0.03,0.117178,5.7643935
67,67,0.0035,0.03,0.1195875499999999,5.886209
68,68,0.0035,0.03,0.12199725,5.987668000000001
0,0,0.0035,0.04,0.0010933737999999,4.534294000000001
1,1,0.0035,0.04,0.0038290995,5.571315
2,2,0.0035,0.04,0.006674751,6.6324415000000005
3,3,0.0035,0.04,0.0095180235,8.160996500000001
4,4,0.0035,0.04,0.01235565,10.5614795
5,5,0.0035,0.04,0.0141959049999999,12.539039999999998
6,6,0.0035,0.04,0.01512665,13.327815
7,7,0.0035,0.04,0.01604374,14.725609999999998
8,8,0.0035,0.04,0.01694871,17.819270000000003
9,9,0.0035,0.04,0.017843275,22.841865
10,10,0.0035,0.04,0.018923805,25.107645
11,11,0.0035,0.04,0.02014172,24.284115000000007
12,12,0.0035,0.04,0.0213882099999999,33.856970000000004
13,13,0.0035,0.04,0.02267706,43.12032000000001
14,14,0.0035,0.04,0.023949345,46.025925
15,15,0.0035,0.04,0.025186025,38.213955
16,16,0.0035,0.04,0.026373215,30.131545
17,17,0.0035,0.04,0.0275633849999999,28.02625
18,18,0.0035,0.04,0.0287930549999999,30.51659
19,19,0.0035,0.04,0.0300825699999999,34.86706
20,20,0.0035,0.04,0.0313870299999999,38.87916
21,21,0.0035,0.04,0.03273848,42.006555
22,22,0.0035,0.04,0.0340898699999999,43.970255
23,23,0.0035,0.04,0.035441255,45.110755
24,24,0.0035,0.04,0.036780095,45.80634
25,25,0.0035,0.04,0.038097465,46.313295
26,26,0.0035,0.04,0.039895425,42.378675
27,27,0.0035,0.04,0.041825505,38.33042
28,28,0.0035,0.04,0.043830605,34.77893
29,29,0.0035,0.04,0.0458357049999999,31.69261
30,30,0.0035,0.04,0.047840785,28.984050000000003
31,31,0.0035,0.04,0.04984582,26.589085
32,32,0.0035,0.04,0.0518508699999999,24.457945
33,33,0.0035,0.04,0.0538559049999999,22.551530000000003
34,34,0.0035,0.04,0.05586095,20.83867
35,35,0.0035,0.04,0.057866,19.294445
36,36,0.0035,0.04,0.059870985,17.898540000000004
37,37,0.0035,0.04,0.06187595,16.634304999999998
38,38,0.0035,0.04,0.063880945,15.48778
39,39,0.0035,0.04,0.0658859,14.446814999999996
40,40,0.0035,0.04,0.0678908999999999,13.50109
41,41,0.0035,0.04,0.0698959,12.64107
42,42,0.0035,0.04,0.0719008799999999,11.85808
43,43,0.0035,0.04,0.07390585,11.14414
44,44,0.0035,0.04,0.07591085,10.491955
45,45,0.0035,0.04,0.077915875,9.89489
46,46,0.0035,0.04,0.079920915,9.347037
47,47,0.0035,0.04,0.081925955,8.843093999999999
48,48,0.0035,0.04,0.083931,8.378352000000001
49,49,0.0035,0.04,0.08593604,7.948626499999999
50,50,0.0035,0.04,0.0879410899999999,7.5502365
51,51,0.0035,0.04,0.089946135,7.179964000000001
52,52,0.0035,0.04,0.09195114,6.835039499999999
53,53,0.0035,0.04,0.09395605,6.5131315
54,54,0.0035,0.04,0.0959609449999999,6.2123065
55,55,0.0035,0.04,0.097956135,5.9313835
56,56,0.0035,0.04,0.09987051,5.681193500000001
57,57,0.0035,0.04,0.1018754,5.433516
58,58,0.0035,0.04,0.10388025,5.199324500000001
59,59,0.0035,0.04,0.1058852,4.9768575
60,60,0.0035,0.04,0.10789,4.760426
61,61,0.0035,0.04,0.1099402499999999,4.5714465
62,62,0.0035,0.04,0.11226065,4.6314175
63,63,0.0035,0.04,0.1145834999999999,4.7183375
64,64,0.0035,0.04,0.116993,4.806165
0,0,0.0035,0.05,0.0011427723,0.92100335
1,1,0.0035,0.05,0.004022662,1.127592
2,2,0.0035,0.05,0.0070150755,1.3582784999999995
3,3,0.0035,0.05,0.010004604,1.6940735
4,4,0.0035,0.05,0.0129311199999999,2.153477
5,5,0.0035,0.05,0.014504185,2.342674
6,6,0.0035,0.05,0.01564173,2.8587289999999994
7,7,0.0035,0.05,0.016671355,17.687589999999997
8,8,0.0035,0.05,0.01761683,41.86925
9,9,0.0035,0.05,0.0185674699999999,51.685955
10,10,0.0035,0.05,0.019673005,57.250135
11,11,0.0035,0.05,0.021130595,58.78828
12,12,0.0035,0.05,0.022575065,56.659175000000005
13,13,0.0035,0.05,0.02399217,51.291115000000005
14,14,0.0035,0.05,0.0253380249999999,38.63428499999999
15,15,0.0035,0.05,0.02656855,23.484045
16,16,0.0035,0.05,0.0276777649999999,11.432473
17,17,0.0035,0.05,0.028755585,7.1449675
18,18,0.0035,0.05,0.030077355,12.35774
19,19,0.0035,0.05,0.0315489,17.638109999999998
20,20,0.0035,0.05,0.03300008,19.859805
21,21,0.0035,0.05,0.034503845,20.77063
22,22,0.0035,0.05,0.03600761,21.101515
23,23,0.0035,0.05,0.037511365,21.2033
24,24,0.0035,0.05,0.039016215,21.359465
25,25,0.0035,0.05,0.0408045049999999,19.900135
26,26,0.0035,0.05,0.0428104499999999,18.138605
27,27,0.0035,0.05,0.044816375,16.652929999999998
28,28,0.0035,0.05,0.04682235,15.337785
29,29,0.0035,0.05,0.0488283,14.170704999999998
30,30,0.0035,0.05,0.05083425,13.13271
31,31,0.0035,0.05,0.052840215,12.207444999999998
32,32,0.0035,0.05,0.05484611,11.37998
33,33,0.0035,0.05,0.056806985,10.641590000000004
34,34,0.0035,0.05,0.0587576499999999,9.9526165
35,35,0.0035,0.05,0.06076365,9.295646
36,36,0.0035,0.05,0.0627696,8.695406
37,37,0.0035,0.05,0.0647755499999999,8.144169499999999
38,38,0.0035,0.05,0.066781475,7.636085
39,39,0.0035,0.05,0.06878745,7.1667715
40,40,0.0035,0.05,0.070793355,6.732597
41,41,0.0035,0.05,0.072799325,6.330444999999999
42,42,0.0035,0.05,0.0748052499999999,5.9576315
43,43,0.0035,0.05,0.0768112,5.611793
44,44,0.0035,0.05,0.0788171199999999,5.2907805
45,45,0.0035,0.05,0.080823015,4.9925935
46,46,0.0035,0.05,0.08282891,4.71546
47,47,0.0035,0.05,0.0848348,4.457787
48,48,0.0035,0.05,0.086840695,4.218122
49,49,0.0035,0.05,0.08884659,3.9951365
50,50,0.0035,0.05,0.090852485,3.787621
51,51,0.0035,0.05,0.0928583749999999,3.5944625
52,52,0.0035,0.05,0.094864275,3.4146385
53,53,0.0035,0.05,0.0968701699999999,3.247173
54,54,0.0035,0.05,0.09887606,3.0910685
55,55,0.0035,0.05,0.10088196,2.9450654999999992
56,56,0.0035,0.05,0.1028878499999999,2.8066875
57,57,0.0035,0.05,0.1048937,2.666163
58,58,0.0035,0.05,0.1070052499999999,2.5741685
59,59,0.0035,0.05,0.1093998499999999,2.680918
60,60,0.0035,0.05,0.1118094999999999,2.7546735
61,61,0.0035,0.05,0.11421905,2.811615
0,0,0.004,0.01,0.0015315674499999,1.2417870000000002
1,1,0.004,0.01,0.004803372,1.8776975
2,2,0.004,0.01,0.0080753855,2.3760480000000004
3,3,0.004,0.01,0.0113465205,2.922499
4,4,0.004,0.01,0.01385023,4.483592499999999
5,5,0.004,0.01,0.014581615,5.951329
6,6,0.004,0.01,0.015230495,7.1801265
7,7,0.004,0.01,0.0158781549999999,8.515036
8,8,0.004,0.01,0.0165246899999999,10.754757
9,9,0.004,0.01,0.017170945,14.880249999999998
10,10,0.004,0.01,0.01781756,24.15455
11,11,0.004,0.01,0.01850574,45.469655
12,12,0.004,0.01,0.0193835149999999,48.619485
13,13,0.004,0.01,0.02028442,40.259435
14,14,0.004,0.01,0.0211853249999999,39.51852000000001
15,15,0.004,0.01,0.02208622,38.37566
16,16,0.004,0.01,0.022987115,36.554125000000006
17,17,0.004,0.01,0.02388803,34.41954
18,18,0.004,0.01,0.024788945,30.48890500000001
19,19,0.004,0.01,0.02568986,26.7691
20,20,0.004,0.01,0.026590775,24.408725
21,21,0.004,0.01,0.027491685,23.16751
22,22,0.004,0.01,0.028392565,22.658455
23,23,0.004,0.01,0.029293455,22.591159999999995
24,24,0.004,0.01,0.03019435,22.76674
25,25,0.004,0.01,0.0310952499999999,22.97044
26,26,0.004,0.01,0.03199613,23.177685000000004
27,27,0.004,0.01,0.032897005,23.496575
28,28,0.004,0.01,0.03379789,23.87838
29,29,0.004,0.01,0.034698765,24.28532000000001
30,30,0.004,0.01,0.035599645,24.694995
31,31,0.004,0.01,0.036500515,25.100955
32,32,0.004,0.01,0.0374013999999999,25.495825000000004
33,33,0.004,0.01,0.038302275,25.88792
34,34,0.004,0.01,0.03920315,26.282915
35,35,0.004,0.01,0.04010403,26.686770000000003
36,36,0.004,0.01,0.04100491,27.093709999999994
37,37,0.004,0.01,0.04190579,27.51071
38,38,0.004,0.01,0.04280666,27.95048
39,39,0.004,0.01,0.043707545,28.422325
40,40,0.004,0.01,0.044608415,28.91822
41,41,0.004,0.01,0.0455093,29.46801
42,42,0.004,0.01,0.046410195,30.105475
43,43,0.004,0.01,0.0473111,30.86035499999999
44,44,0.004,0.01,0.048227465,32.011035
45,45,0.004,0.01,0.04984697,27.823425
46,46,0.004,0.01,0.0518540799999999,21.72134
47,47,0.004,0.01,0.053861205,18.310175
48,48,0.004,0.01,0.05586835,15.881824999999996
49,49,0.004,0.01,0.0578754799999999,14.021629999999998
50,50,0.004,0.01,0.059882615,12.53517
51,51,0.004,0.01,0.06188975,11.31118
52,52,0.004,0.01,0.063896845,10.283344499999998
53,53,0.004,0.01,0.0659039299999999,9.406641500000005
54,54,0.004,0.01,0.06791102,8.647392499999999
55,55,0.004,0.01,0.069918095,7.981609500000002
56,56,0.004,0.01,0.0719251799999999,7.390216000000001
57,57,0.004,0.01,0.07393227,6.855207500000001
58,58,0.004,0.01,0.07593941,6.357638000000001
59,59,0.004,0.01,0.07794661,5.883503999999999
60,60,0.004,0.01,0.07995382,5.4284275
61,61,0.004,0.01,0.081961035,4.9999525
62,62,0.004,0.01,0.08396824,4.6236645
63,63,0.004,0.01,0.085975425,4.320535999999999
64,64,0.004,0.01,0.08798248,4.088305
65,65,0.004,0.01,0.0899895449999999,3.918246
66,66,0.004,0.01,0.09199661,3.8032999999999992
67,67,0.004,0.01,0.09400367,3.7304085
68,68,0.004,0.01,0.09601073,3.680732
69,69,0.004,0.01,0.09801779,3.638414
70,70,0.004,0.01,0.1000247949999999,3.5939350000000005
71,71,0.004,0.01,0.10203195,3.543153
72,72,0.004,0.01,0.104039,3.485277
73,73,0.004,0.01,0.10604605,3.4211210000000003
74,74,0.004,0.01,0.1080530999999999,3.3518770000000004
75,75,0.004,0.01,0.1100601999999999,3.2788395
76,76,0.004,0.01,0.11206725,3.203125
77,77,0.004,0.01,0.1140742999999999,3.125528
78,78,0.004,0.01,0.11608135,3.0466525
79,79,0.004,0.01,0.1180884,2.9669935
80,80,0.004,0.01,0.1200954499999999,2.8871025
81,81,0.004,0.01,0.12210255,2.807384
82,82,0.004,0.01,0.1241096,2.72811
83,83,0.004,0.01,0.1261167,2.649666
84,84,0.004,0.01,0.1281239,2.5726395
85,85,0.004,0.01,0.1301311,2.498098
86,86,0.004,0.01,0.1321383,2.428121
87,87,0.004,0.01,0.1341735,2.3441805
88,88,0.004,0.01,0.1365046,2.2876245
89,89,0.004,0.01,0.1389145,2.2890235000000003
90,90,0.004,0.01,0.14132405,2.2919885
0,0,0.004,0.02,0.0013362178999999,6.8077925
1,1,0.004,0.02,0.0044769725,8.738514499999999
2,2,0.004,0.02,0.007652477,10.637089499999998
3,3,0.004,0.02,0.0108260175,13.82196
4,4,0.004,0.02,0.01357995,18.438965
5,5,0.004,0.02,0.014550795,20.41908
6,6,0.004,0.02,0.01528006,21.985495000000007
7,7,0.004,0.02,0.016025795,24.547329999999995
8,8,0.004,0.02,0.01677657,30.868010000000005
9,9,0.004,0.02,0.0175254299999999,43.71016
10,10,0.004,0.02,0.0182928999999999,71.56095
11,11,0.004,0.02,0.019283015,77.08605499999999
12,12,0.004,0.02,0.02033383,71.83463
13,13,0.004,0.02,0.021346785,67.39066
14,14,0.004,0.02,0.0223828849999999,63.10446499999999
15,15,0.004,0.02,0.02343367,60.73859
16,16,0.004,0.02,0.02447362,59.983415
17,17,0.004,0.02,0.0254828449999999,62.52201
18,18,0.004,0.02,0.02653371,68.76127
19,19,0.004,0.02,0.027584525,73.97426499999999
20,20,0.004,0.02,0.02863531,77.69133
21,21,0.004,0.02,0.02968611,80.38948500000001
22,22,0.004,0.02,0.0307368949999999,82.25789500000002
23,23,0.004,0.02,0.0317877,83.537115
24,24,0.004,0.02,0.03283852,84.38405999999999
25,25,0.004,0.02,0.03388934,84.91170000000001
26,26,0.004,0.02,0.0349401649999999,85.22072
27,27,0.004,0.02,0.0359909849999999,85.36640500000001
28,28,0.004,0.02,0.037041805,85.35878
29,29,0.004,0.02,0.038092625,85.21624
30,30,0.004,0.02,0.039143445,84.96817
31,31,0.004,0.02,0.0401942649999999,84.64316
32,32,0.004,0.02,0.041245085,84.27535500000002
33,33,0.004,0.02,0.042295905,83.89661499999998
34,34,0.004,0.02,0.04334673,83.53056500000001
35,35,0.004,0.02,0.044397555,83.19020500000002
36,36,0.004,0.02,0.04544837,82.88340500000001
37,37,0.004,0.02,0.046499155,82.62065999999999
38,38,0.004,0.02,0.0475499499999999,82.63612499999998
39,39,0.004,0.02,0.0487915,77.52868000000001
40,40,0.004,0.02,0.0507328799999999,57.656865
41,41,0.004,0.02,0.052739885,46.46544
42,42,0.004,0.02,0.054746975,39.52087
43,43,0.004,0.02,0.0567541,34.612575
44,44,0.004,0.02,0.0587612649999999,30.86007
45,45,0.004,0.02,0.060768425,27.868154999999994
46,46,0.004,0.02,0.0627756,25.41306
47,47,0.004,0.02,0.0647827799999999,23.35465
48,48,0.004,0.02,0.0667899699999999,21.60542
49,49,0.004,0.02,0.06879716,20.10237
50,50,0.004,0.02,0.07080434,18.798505
51,51,0.004,0.02,0.072811525,17.658505
52,52,0.004,0.02,0.0748187199999999,16.655535
53,53,0.004,0.02,0.076825905,15.768745
54,54,0.004,0.02,0.078833145,14.982325000000005
55,55,0.004,0.02,0.080840385,14.284304999999998
56,56,0.004,0.02,0.08284762,13.666020000000003
57,57,0.004,0.02,0.084854855,13.121525
58,58,0.004,0.02,0.086862095,12.64503
59,59,0.004,0.02,0.0888693399999999,12.224815
60,60,0.004,0.02,0.09087657,11.842570000000002
61,61,0.004,0.02,0.0928838049999999,11.481335
62,62,0.004,0.02,0.09489105,11.131355
63,63,0.004,0.02,0.096898285,10.791505
64,64,0.004,0.02,0.098905525,10.46327
65,65,0.004,0.02,0.1009127149999999,10.133937499999998
66,66,0.004,0.02,0.10291995,9.783577
67,67,0.004,0.02,0.1049272,9.4103685
68,68,0.004,0.02,0.10693445,9.026556
69,69,0.004,0.02,0.1089416499999999,8.646026
70,70,0.004,0.02,0.1109488,8.277269
71,71,0.004,0.02,0.1129558999999999,7.925189500000002
72,72,0.004,0.02,0.114963,7.592479
73,73,0.004,0.02,0.1169700499999999,7.280490500000001
74,74,0.004,0.02,0.1189772499999999,6.989664499999999
75,75,0.004,0.02,0.1209844,6.719526500000001
76,76,0.004,0.02,0.12299165,6.468313
77,77,0.004,0.02,0.1249988999999999,6.232089
78,78,0.004,0.02,0.12700605,6.0003345
79,79,0.004,0.02,0.1290231999999999,5.725068
80,80,0.004,0.02,0.131312,5.8125085
81,81,0.004,0.02,0.1337052,5.948481999999999
82,82,0.004,0.02,0.136011,6.0184325
83,83,0.004,0.02,0.1384207999999999,6.071826500000001
0,0,0.004,0.03,0.00117968185,6.255914000000001
1,1,0.004,0.03,0.0039278015,7.872604500000001
2,2,0.004,0.03,0.0067137869999999,9.372294
3,3,0.004,0.03,0.0095682729999999,11.597375
4,4,0.004,0.03,0.01241527,15.144965
5,5,0.004,0.03,0.0141617999999999,18.038370000000004
6,6,0.004,0.03,0.015001665,19.226940000000003
7,7,0.004,0.03,0.0158382249999999,21.230485
8,8,0.004,0.03,0.016678015,25.905420000000003
9,9,0.004,0.03,0.017502465,35.040165
10,10,0.004,0.03,0.018311135,48.69501
11,11,0.004,0.03,0.0194088099999999,49.41026
12,12,0.004,0.03,0.02056804,47.05409
13,13,0.004,0.03,0.021753915,45.43524999999999
14,14,0.004,0.03,0.022908225,48.697335
15,15,0.004,0.03,0.02409884,51.11216
16,16,0.004,0.03,0.02526919,48.595545
17,17,0.004,0.03,0.0264324199999999,44.949855
18,18,0.004,0.03,0.027582475,44.398315
19,19,0.004,0.03,0.0287299749999999,46.55598
20,20,0.004,0.03,0.0298860549999999,50.364805
21,21,0.004,0.03,0.0310752699999999,54.590785
22,22,0.004,0.03,0.032277755,58.30359000000001
23,23,0.004,0.03,0.03348019,61.25092
24,24,0.004,0.03,0.03468263,63.40701
25,25,0.004,0.03,0.03588506,64.92845500000001
26,26,0.004,0.03,0.0370874999999999,65.98729499999999
27,27,0.004,0.03,0.0382899299999999,66.72186
28,28,0.004,0.03,0.03949237,67.246615
29,29,0.004,0.03,0.0406948049999999,67.62134500000002
30,30,0.004,0.03,0.04189724,67.89838499999999
31,31,0.004,0.03,0.04309967,68.10129500000001
32,32,0.004,0.03,0.04430211,68.24433
33,33,0.004,0.03,0.04550454,68.33974500000001
34,34,0.004,0.03,0.04670694,68.42559
35,35,0.004,0.03,0.0479131,68.90827
36,36,0.004,0.03,0.04959033,62.57668999999999
37,37,0.004,0.03,0.0515945499999999,53.55283999999999
38,38,0.004,0.03,0.0535988549999999,46.138635
39,39,0.004,0.03,0.05560322,40.18588
40,40,0.004,0.03,0.0576075949999999,35.409115
41,41,0.004,0.03,0.0596120199999999,31.526314999999997
42,42,0.004,0.03,0.061616475,28.320210000000003
43,43,0.004,0.03,0.06362095,25.633535
44,44,0.004,0.03,0.065573605,23.386785
45,45,0.004,0.03,0.06752975,21.495105
46,46,0.004,0.03,0.0695342499999999,19.792855000000003
47,47,0.004,0.03,0.07153876,18.30979
48,48,0.004,0.03,0.073543315,17.011580000000002
49,49,0.004,0.03,0.07554786,15.87015
50,50,0.004,0.03,0.07755241,14.86198
51,51,0.004,0.03,0.0795570499999999,13.966835
52,52,0.004,0.03,0.0815617149999999,13.16689
53,53,0.004,0.03,0.083566395,12.446459999999998
54,54,0.004,0.03,0.085571085,11.792510000000002
55,55,0.004,0.03,0.087528125,11.214339999999998
56,56,0.004,0.03,0.089480185,10.6767
57,57,0.004,0.03,0.091484865,10.176982
58,58,0.004,0.03,0.09348955,9.7240225
59,59,0.004,0.03,0.095494255,9.316589500000005
60,60,0.004,0.03,0.097499075,8.9482895
61,61,0.004,0.03,0.09950387,8.607491499999998
62,62,0.004,0.03,0.1015085999999999,8.282738
63,63,0.004,0.03,0.1035133,7.968293999999998
64,64,0.004,0.03,0.10551795,7.6634425
65,65,0.004,0.03,0.1075226499999999,7.369559000000001
66,66,0.004,0.03,0.1095273499999999,7.088316999999999
67,67,0.004,0.03,0.1115319999999999,6.8210155
68,68,0.004,0.03,0.1135366499999999,6.568393
69,69,0.004,0.03,0.11554135,6.330602000000001
70,70,0.004,0.03,0.117546,6.107147
71,71,0.004,0.03,0.1195507,5.8966055
72,72,0.004,0.03,0.1215553499999999,5.6949625
73,73,0.004,0.03,0.1235599,5.484230500000001
74,74,0.004,0.03,0.1257375,5.436362000000001
75,75,0.004,0.03,0.12814635,5.6121465000000015
76,76,0.004,0.03,0.130556,5.747615000000001
77,77,0.004,0.03,0.13296585,5.867001999999999
0,0,0.004,0.04,0.0010933451,4.124872
1,1,0.004,0.04,0.0038290665,5.0688105
2,2,0.004,0.04,0.0066746929999999,6.034387499999999
3,3,0.004,0.04,0.0095179304999999,7.425104
4,4,0.004,0.04,0.01235549,9.608912999999998
5,5,0.004,0.04,0.0141956699999999,11.411845
6,6,0.004,0.04,0.015126655,12.14159
7,7,0.004,0.04,0.016043085,13.399064999999998
8,8,0.004,0.04,0.01694833,16.095579999999998
9,9,0.004,0.04,0.01784343,20.304425
10,10,0.004,0.04,0.01890314,21.960715
11,11,0.004,0.04,0.0200910749999999,22.61477
12,12,0.004,0.04,0.021336345,34.061445000000006
13,13,0.004,0.04,0.0226555899999999,43.673105
14,14,0.004,0.04,0.02398721,44.440575
15,15,0.004,0.04,0.025216695,35.83014
16,16,0.004,0.04,0.026383335,27.50609
17,17,0.004,0.04,0.02755555,25.482825
18,18,0.004,0.04,0.0287887699999999,28.421135
19,19,0.004,0.04,0.0300655099999999,33.131730000000005
20,20,0.004,0.04,0.03139855,37.42551999999999
21,21,0.004,0.04,0.0327499849999999,40.42005499999999
22,22,0.004,0.04,0.03410137,42.20685
23,23,0.004,0.04,0.035452755,43.187595
24,24,0.004,0.04,0.036804135,43.716455
25,25,0.004,0.04,0.038155485,43.99868000000001
26,26,0.004,0.04,0.039506845,44.15133
27,27,0.004,0.04,0.04085823,44.23619
28,28,0.004,0.04,0.042209615,44.28538
29,29,0.004,0.04,0.043561005,44.314635
30,30,0.004,0.04,0.044912395,44.33072
31,31,0.004,0.04,0.04626375,44.34987
32,32,0.004,0.04,0.04761511,44.59303
33,33,0.004,0.04,0.049233235,42.46934
34,34,0.004,0.04,0.051235065,37.65902
35,35,0.004,0.04,0.0532399599999999,33.59122
36,36,0.004,0.04,0.0552448549999999,30.101064999999995
37,37,0.004,0.04,0.0572497999999999,27.1104
38,38,0.004,0.04,0.05925477,24.546065
39,39,0.004,0.04,0.0612597499999999,22.340035
40,40,0.004,0.04,0.0632647,20.433735
41,41,0.004,0.04,0.0652697,18.776685
42,42,0.004,0.04,0.0672746999999999,17.326995000000004
43,43,0.004,0.04,0.0692796699999999,16.050404999999998
44,44,0.004,0.04,0.0712846499999999,14.91873
45,45,0.004,0.04,0.07328965,13.908695
46,46,0.004,0.04,0.0752946499999999,13.0011
47,47,0.004,0.04,0.077299635,12.18055
48,48,0.004,0.04,0.07930468,11.434575
49,49,0.004,0.04,0.08126204,10.7617
50,50,0.004,0.04,0.083214505,10.1601715
51,51,0.004,0.04,0.08521955,9.583057
52,52,0.004,0.04,0.08722452,9.0495015
53,53,0.004,0.04,0.089229415,8.5555115
54,54,0.004,0.04,0.0912343049999999,8.0978425
55,55,0.004,0.04,0.0932392,7.673713999999999
56,56,0.004,0.04,0.0952441,7.280692000000002
57,57,0.004,0.04,0.09724899,6.916571
58,58,0.004,0.04,0.09925389,6.579286000000001
59,59,0.004,0.04,0.1012588,6.2669155000000005
60,60,0.004,0.04,0.103264,5.9776525000000005
61,61,0.004,0.04,0.1052689999999999,5.7097885
62,62,0.004,0.04,0.107274,5.4616955
63,63,0.004,0.04,0.109279,5.2318185
64,64,0.004,0.04,0.1112839999999999,5.018672499999999
65,65,0.004,0.04,0.1132891499999999,4.8207605
66,66,0.004,0.04,0.11529425,4.6362185
67,67,0.004,0.04,0.11729925,4.461052999999999
68,68,0.004,0.04,0.11931015,4.286324500000001
69,69,0.004,0.04,0.1215822999999999,4.3154785
70,70,0.004,0.04,0.1239526,4.4434345
71,71,0.004,0.04,0.1262811499999999,4.546514999999999
72,72,0.004,0.04,0.128691,4.6505645
0,0,0.004,0.05,0.00114264925,0.8177345
1,1,0.004,0.05,0.00402238,1.0006376
2,2,0.004,0.05,0.0070150049999999,1.2054494999999998
3,3,0.004,0.05,0.0100047565,1.5040749999999998
4,4,0.004,0.05,0.0129334699999999,1.90847
5,5,0.004,0.05,0.0145080249999999,2.081853
6,6,0.004,0.05,0.015690315,2.863055
7,7,0.004,0.05,0.0167572049999999,24.9734935
8,8,0.004,0.05,0.017656395,45.07936
9,9,0.004,0.05,0.01858272,53.28553000000001
10,10,0.004,0.05,0.019665535,58.27986
11,11,0.004,0.05,0.02110707,60.161735
12,12,0.004,0.05,0.02255737,57.72959999999999
13,13,0.004,0.05,0.0239836999999999,52.263705
14,14,0.004,0.05,0.02532636,39.500105
15,15,0.004,0.05,0.0265601449999999,24.000895
16,16,0.004,0.05,0.027667365,11.5929085
17,17,0.004,0.05,0.0287471449999999,7.014717
18,18,0.004,0.05,0.03007278,12.2699195
19,19,0.004,0.05,0.0315384799999999,17.306760000000004
20,20,0.004,0.05,0.03299732,19.37655
21,21,0.004,0.05,0.0345010949999999,20.22285
22,22,0.004,0.05,0.03600486,20.52235
23,23,0.004,0.05,0.03750861,20.60173
24,24,0.004,0.05,0.03901237,20.58499
25,25,0.004,0.05,0.040516125,20.518425
26,26,0.004,0.05,0.0420199,20.421005
27,27,0.004,0.05,0.0435236699999999,20.30221
28,28,0.004,0.05,0.04502743,20.169155
29,29,0.004,0.05,0.0465312,20.03085
30,30,0.004,0.05,0.048034965,19.915470000000003
31,31,0.004,0.05,0.04958264,19.77622
32,32,0.004,0.05,0.051503755,17.89938
33,33,0.004,0.05,0.0534354499999999,16.21407
34,34,0.004,0.05,0.05541535,14.819339999999997
35,35,0.004,0.05,0.0574213,13.55069
36,36,0.004,0.05,0.05942725,12.44692
37,37,0.004,0.05,0.0614332499999999,11.471675
38,38,0.004,0.05,0.063439185,10.60084
39,39,0.004,0.05,0.06544515,9.8177695
40,40,0.004,0.05,0.067451055,9.1101445
41,41,0.004,0.05,0.069457035,8.468497000000001
42,42,0.004,0.05,0.07146295,7.885205000000001
43,43,0.004,0.05,0.073468915,7.3539295
44,44,0.004,0.05,0.07547485,6.869273
45,45,0.004,0.05,0.077480785,6.426577499999999
46,46,0.004,0.05,0.07948669,6.0217515
47,47,0.004,0.05,0.081492585,5.6511955
48,48,0.004,0.05,0.08349848,5.311724999999999
49,49,0.004,0.05,0.08550437,5.000506500000001
50,50,0.004,0.05,0.087510265,4.7149935
51,51,0.004,0.05,0.08951616,4.4529005
52,52,0.004,0.05,0.091522055,4.212151
53,53,0.004,0.05,0.093527945,3.99087
54,54,0.004,0.05,0.09553384,3.7873445
55,55,0.004,0.05,0.09753973,3.6000285
56,56,0.004,0.05,0.099545625,3.427509
57,57,0.004,0.05,0.1015514999999999,3.268491
58,58,0.004,0.05,0.1035574,3.121791
59,59,0.004,0.05,0.10556335,2.9863435000000003
60,60,0.004,0.05,0.1075691999999999,2.8611759999999995
61,61,0.004,0.05,0.1095751,2.745301
62,62,0.004,0.05,0.11158095,2.637475
63,63,0.004,0.05,0.1135869,2.5350205000000003
64,64,0.004,0.05,0.11559375,2.421366
65,65,0.004,0.05,0.1178305999999999,2.4496605
66,66,0.004,0.05,0.1202403,2.5559075000000004
67,67,0.004,0.05,0.12265,2.6371935000000004
68,68,0.004,0.05,0.1250595,2.707209
0,0,0.0045,0.01,0.00153149865,1.1415868000000002
1,1,0.0045,0.01,0.004803198,1.7019355
2,2,0.0045,0.01,0.0080750415,2.093922
3,3,0.0045,0.01,0.011345955,2.449068
4,4,0.0045,0.01,0.0138495849999999,3.7667995
5,5,0.0045,0.01,0.01458109,5.1912295
6,6,0.0045,0.01,0.015230075,6.363642
7,7,0.0045,0.01,0.015877835,7.5507465
8,8,0.0045,0.01,0.01652444,9.49536
9,9,0.0045,0.01,0.0171707399999999,13.019560000000002
10,10,0.0045,0.01,0.0178173649999999,20.766459999999995
11,11,0.0045,0.01,0.0185056149999999,38.668235
12,12,0.0045,0.01,0.0193833849999999,40.52033
13,13,0.0045,0.01,0.02028429,33.698395000000005
14,14,0.0045,0.01,0.0211851949999999,33.160090000000004
15,15,0.0045,0.01,0.0220860949999999,31.685165
16,16,0.0045,0.01,0.022987005,29.914800000000003
17,17,0.0045,0.01,0.02388792,27.030875
18,18,0.0045,0.01,0.02478883,22.867405
19,19,0.0045,0.01,0.02568975,19.389085
20,20,0.0045,0.01,0.02659067,17.159740000000003
21,21,0.0045,0.01,0.02749157,15.95098
22,22,0.0045,0.01,0.028392455,15.421360000000002
23,23,0.0045,0.01,0.029293345,15.300149999999997
24,24,0.0045,0.01,0.03019424,15.436979999999997
25,25,0.0045,0.01,0.03109514,15.632379999999998
26,26,0.0045,0.01,0.03199602,15.886954999999997
27,27,0.0045,0.01,0.0328969,16.29897
28,28,0.0045,0.01,0.033797775,16.750274999999995
29,29,0.0045,0.01,0.034698655,17.19079
30,30,0.0045,0.01,0.03559953,17.59855
31,31,0.0045,0.01,0.036500405,17.97616
32,32,0.0045,0.01,0.03740129,18.32947
33,33,0.0045,0.01,0.0383021599999999,18.66527
34,34,0.0045,0.01,0.0392030449999999,18.982745
35,35,0.0045,0.01,0.040103915,19.28142
36,36,0.0045,0.01,0.041004795,19.56734
37,37,0.0045,0.01,0.0419056749999999,19.844675
38,38,0.0045,0.01,0.0428065499999999,20.115085
39,39,0.0045,0.01,0.043707425,20.380410000000005
40,40,0.0045,0.01,0.044608305,20.643565
41,41,0.0045,0.01,0.0455091899999999,20.897325
42,42,0.0045,0.01,0.046410085,21.14591
43,43,0.0045,0.01,0.04731099,21.391255
44,44,0.0045,0.01,0.048211885,21.63385
45,45,0.0045,0.01,0.04911279,21.87532
46,46,0.0045,0.01,0.05001369,22.117955
47,47,0.0045,0.01,0.05091459,22.355439999999994
48,48,0.0045,0.01,0.05181549,22.59449
49,49,0.0045,0.01,0.052716395,22.839645
50,50,0.0045,0.01,0.05361729,23.09441
51,51,0.0045,0.01,0.0545181949999999,23.36627
52,52,0.0045,0.01,0.0554190949999999,23.644165
53,53,0.0045,0.01,0.056319995,23.93591
54,54,0.0045,0.01,0.057220895,24.25365
55,55,0.0045,0.01,0.05812468,24.55845
56,56,0.0045,0.01,0.0596461899999999,25.037835
57,57,0.0045,0.01,0.0616532399999999,20.40835000000001
58,58,0.0045,0.01,0.06366033,17.235464999999998
59,59,0.0045,0.01,0.0656674199999999,14.942305
60,60,0.0045,0.01,0.067674495,13.1763
61,61,0.0045,0.01,0.0696815799999999,11.761785
62,62,0.0045,0.01,0.07168867,10.596815
63,63,0.0045,0.01,0.073695755,9.618548
64,64,0.0045,0.01,0.07570283,8.7832835
65,65,0.0045,0.01,0.077709915,8.060001
66,66,0.0045,0.01,0.07971697,7.426407
67,67,0.0045,0.01,0.0817240299999999,6.864042499999999
68,68,0.0045,0.01,0.083731115,6.355730500000001
69,69,0.0045,0.01,0.0857383,5.882604
70,70,0.0045,0.01,0.087745505,5.4217545000000005
71,71,0.0045,0.01,0.08975272,4.9503965
72,72,0.0045,0.01,0.0917599249999999,4.4678585
73,73,0.0045,0.01,0.09376714,4.017345499999999
74,74,0.0045,0.01,0.095774345,3.662108
75,75,0.0045,0.01,0.0977814749999999,3.4291675
76,76,0.0045,0.01,0.0997885299999999,3.2934760000000005
77,77,0.0045,0.01,0.1017956,3.2165845000000006
78,78,0.0045,0.01,0.10380265,3.173177
79,79,0.0045,0.01,0.1058097,3.1447930000000004
80,80,0.0045,0.01,0.1078167499999999,3.1230175
81,81,0.0045,0.01,0.1098238,3.1038750000000004
82,82,0.0045,0.01,0.1118309,3.0834965
83,83,0.0045,0.01,0.11383795,3.058064
84,84,0.0045,0.01,0.115845,3.024808
85,85,0.0045,0.01,0.11785205,2.9830615
86,86,0.0045,0.01,0.1198591,2.9337485
87,87,0.0045,0.01,0.12186625,2.878425
88,88,0.0045,0.01,0.1238732499999999,2.818929
89,89,0.0045,0.01,0.12588035,2.757573
90,90,0.0045,0.01,0.1278876,2.6963945
91,91,0.0045,0.01,0.1298947,2.636432
92,92,0.0045,0.01,0.13190195,2.577633
93,93,0.0045,0.01,0.13390915,2.5194785000000004
94,94,0.0045,0.01,0.1359163,2.4614945
95,95,0.0045,0.01,0.1379235,2.4034745
96,96,0.0045,0.01,0.13993065,2.345682
97,97,0.0045,0.01,0.1419377,2.28962
98,98,0.0045,0.01,0.1439598499999999,2.2211035000000003
99,99,0.0045,0.01,0.14626375,2.1564295
100,100,0.0045,0.01,0.1486735,2.156614
101,101,0.0045,0.01,0.151083,2.159695
0,0,0.0045,0.02,0.0013362413499999,6.102341499999999
1,1,0.0045,0.02,0.004476972,7.837718500000001
2,2,0.0045,0.02,0.007652465,9.537388
3,3,0.0045,0.02,0.010825956,12.39436
4,4,0.0045,0.02,0.013579875,16.5272
5,5,0.0045,0.02,0.0145508249999999,18.292345
6,6,0.0045,0.02,0.01527977,19.652135
7,7,0.0045,0.02,0.01602625,21.86729
8,8,0.0045,0.02,0.01677732,27.246725
9,9,0.0045,0.02,0.0175263599999999,38.10984499999999
10,10,0.0045,0.02,0.01829373,61.01301
11,11,0.0045,0.02,0.019284145,64.52505
12,12,0.0045,0.02,0.02029856,59.93102000000001
13,13,0.0045,0.02,0.021334155,54.95359
14,14,0.0045,0.02,0.022385435,49.52198
15,15,0.0045,0.02,0.02343672,47.547265
16,16,0.0045,0.02,0.02446946,47.82986
17,17,0.0045,0.02,0.0254870449999999,53.79336500000001
18,18,0.0045,0.02,0.02653837,60.83501
19,19,0.0045,0.02,0.02758964,66.319945
20,20,0.0045,0.02,0.028640895,70.43098499999999
21,21,0.0045,0.02,0.02969215,73.34095500000001
22,22,0.0045,0.02,0.0307433999999999,75.34361
23,23,0.0045,0.02,0.031794665,76.70056000000001
24,24,0.0045,0.02,0.0328459349999999,77.588385
25,25,0.0045,0.02,0.033897165,78.08994
26,26,0.0045,0.02,0.03494839,78.30870999999999
27,27,0.0045,0.02,0.035999655,78.297405
28,28,0.0045,0.02,0.0370509349999999,78.10928000000001
29,29,0.0045,0.02,0.03810221,77.790875
30,30,0.0045,0.02,0.039153485,77.380165
31,31,0.0045,0.02,0.040204765,76.91246000000001
32,32,0.0045,0.02,0.041256035,76.414575
33,33,0.0045,0.02,0.0423073199999999,75.91231000000002
34,34,0.0045,0.02,0.043358595,75.42461
35,35,0.0045,0.02,0.04440987,74.962795
36,36,0.0045,0.02,0.045461145,74.53405000000001
37,37,0.0045,0.02,0.0465123999999999,74.14049000000003
38,38,0.0045,0.02,0.04756365,73.78255999999999
39,39,0.0045,0.02,0.0486149,73.45985
40,40,0.0045,0.02,0.049666145,73.170355
41,41,0.0045,0.02,0.050717385,72.91277
42,42,0.0045,0.02,0.05176864,72.68512000000001
43,43,0.0045,0.02,0.052819885,72.48595499999999
44,44,0.0045,0.02,0.05387114,72.31389999999999
45,45,0.0045,0.02,0.054922385,72.16734500000001
46,46,0.0045,0.02,0.0559736399999999,72.04303999999999
47,47,0.0045,0.02,0.0570248749999999,71.98655
48,48,0.0045,0.02,0.0580847249999999,72.45499499999998
49,49,0.0045,0.02,0.0597303049999999,58.110645
50,50,0.0045,0.02,0.061737155,44.29669
51,51,0.0045,0.02,0.063744125,36.385815
52,52,0.0045,0.02,0.065751185,31.26902
53,53,0.0045,0.02,0.0677583099999999,27.621125
54,54,0.0045,0.02,0.0697654499999999,24.841565
55,55,0.0045,0.02,0.0717726049999999,22.624315000000003
56,56,0.0045,0.02,0.07377979,20.79909
57,57,0.0045,0.02,0.07578698,19.267265
58,58,0.0045,0.02,0.07779419,17.962835000000002
59,59,0.0045,0.02,0.0798014299999999,16.837844999999998
60,60,0.0045,0.02,0.08180867,15.857069999999998
61,61,0.0045,0.02,0.083815905,14.993920000000005
62,62,0.0045,0.02,0.0858231399999999,14.22877
63,63,0.0045,0.02,0.0878303799999999,13.547875
64,64,0.0045,0.02,0.0898376249999999,12.943535000000002
65,65,0.0045,0.02,0.091844855,12.414905
66,66,0.0045,0.02,0.0938520899999999,11.959855
67,67,0.0045,0.02,0.0958593349999999,11.568790000000002
68,68,0.0045,0.02,0.0978665749999999,11.230055000000002
69,69,0.0045,0.02,0.099873895,10.93294
70,70,0.0045,0.02,0.1018813,10.661040000000002
71,71,0.0045,0.02,0.10388865,10.39493
72,72,0.0045,0.02,0.10589585,10.1217475
73,73,0.0045,0.02,0.1079031,9.8368965
74,74,0.0045,0.02,0.10991035,9.540990000000004
75,75,0.0045,0.02,0.11191755,9.237441
76,76,0.0045,0.02,0.1139247999999999,8.9313385
77,77,0.0045,0.02,0.11593205,8.628332
78,78,0.0045,0.02,0.1179393,8.333644500000002
79,79,0.0045,0.02,0.1198667,8.057999499999998
80,80,0.0045,0.02,0.12185335,7.776427
81,81,0.0045,0.02,0.12386065,7.510102000000001
82,82,0.0045,0.02,0.12586785,7.2616415
83,83,0.0045,0.02,0.12787515,7.030056499999999
84,84,0.0045,0.02,0.12988245,6.812724
85,85,0.0045,0.02,0.1318897,6.605045000000001
86,86,0.0045,0.02,0.133897,6.401278500000001
87,87,0.0045,0.02,0.13590415,6.195221
88,88,0.0045,0.02,0.13791135,5.9705675000000005
89,89,0.0045,0.02,0.14000975,5.7837605
90,90,0.0045,0.02,0.1423984,5.876547499999999
91,91,0.0045,0.02,0.144808,5.9031585
92,92,0.0045,0.02,0.14721755,5.9106355
0,0,0.0045,0.03,0.0011796752,5.7660595
1,1,0.0045,0.03,0.00400026,7.291587999999999
2,2,0.0045,0.03,0.006718157,8.6479345
3,3,0.0045,0.03,0.009568439,10.702874499999998
4,4,0.0045,0.03,0.0124153699999999,13.982874999999998
5,5,0.0045,0.03,0.01416081,16.647904999999994
6,6,0.0045,0.03,0.01500283,17.724485
7,7,0.0045,0.03,0.01583715,19.49264
8,8,0.0045,0.03,0.016680425,23.641775
9,9,0.0045,0.03,0.0174940149999999,31.554734999999997
10,10,0.0045,0.03,0.01831374,43.506975
11,11,0.0045,0.03,0.019391735,43.76436
12,12,0.0045,0.03,0.0205517699999999,40.916345
13,13,0.0045,0.03,0.02170277,40.03201
14,14,0.0045,0.03,0.02285492,45.05804
15,15,0.0045,0.03,0.024033375,47.833275
16,16,0.0045,0.03,0.025156195,42.2346
17,17,0.0045,0.03,0.026271335,39.6817
18,18,0.0045,0.03,0.0273987399999999,42.246085
19,19,0.0045,0.03,0.028546535,46.61035
20,20,0.0045,0.03,0.0297442349999999,51.07452
21,21,0.0045,0.03,0.03088913,54.43846
22,22,0.0045,0.03,0.032090355,57.17850999999998
23,23,0.0045,0.03,0.033291575,59.17788
24,24,0.0045,0.03,0.034492795,60.576945
25,25,0.0045,0.03,0.035694015,61.52851
26,26,0.0045,0.03,0.036895235,62.164925
27,27,0.0045,0.03,0.03809645,62.584355
28,28,0.0045,0.03,0.0392976749999999,62.85176499999999
29,29,0.0045,0.03,0.040498895,63.00908999999999
30,30,0.0045,0.03,0.04170011,63.08356500000001
31,31,0.0045,0.03,0.042901335,63.093475
32,32,0.0045,0.03,0.04410255,63.052265
33,33,0.0045,0.03,0.04530377,62.96743
34,34,0.0045,0.03,0.04650497,62.844550000000005
35,35,0.0045,0.03,0.04770617,62.691735
36,36,0.0045,0.03,0.04890737,62.51463000000001
37,37,0.0045,0.03,0.05010857,62.317005
38,38,0.0045,0.03,0.051309775,62.104225
39,39,0.0045,0.03,0.0525109849999999,61.881685
40,40,0.0045,0.03,0.0537121899999999,61.65572
41,41,0.0045,0.03,0.05491339,61.42973000000002
42,42,0.0045,0.03,0.05611459,61.21588999999999
43,43,0.0045,0.03,0.0573157899999999,61.14287999999999
44,44,0.0045,0.03,0.058660065,59.647805000000005
45,45,0.0045,0.03,0.060507895,50.9815
46,46,0.0045,0.03,0.06250304,42.91598
47,47,0.0045,0.03,0.064507375,36.521385
48,48,0.0045,0.03,0.06651177,31.659055
49,49,0.0045,0.03,0.06851625,27.900175
50,50,0.0045,0.03,0.070520755,24.923865
51,51,0.0045,0.03,0.072525295,22.51398
52,52,0.0045,0.03,0.0745298599999999,20.52485
53,53,0.0045,0.03,0.076534485,18.85641
54,54,0.0045,0.03,0.078539155,17.438375
55,55,0.0045,0.03,0.0805438449999999,16.221340000000005
56,56,0.0045,0.03,0.082548515,15.170334999999998
57,57,0.0045,0.03,0.084553195,14.258545000000002
58,58,0.0045,0.03,0.08655799,13.46112
59,59,0.0045,0.03,0.0885628099999999,12.753425000000002
60,60,0.0045,0.03,0.090567635,12.11413
61,61,0.0045,0.03,0.09257246,11.52836
62,62,0.0045,0.03,0.09457729,10.986875
63,63,0.0045,0.03,0.09658211,10.484370000000002
64,64,0.0045,0.03,0.098586935,10.017712
65,65,0.0045,0.03,0.100591765,9.584589499999998
66,66,0.0045,0.03,0.1025966,9.183129000000005
67,67,0.0045,0.03,0.1046014,8.811573
68,68,0.0045,0.03,0.10660625,8.468224499999998
69,69,0.0045,0.03,0.1086109999999999,8.151299
70,70,0.0045,0.03,0.1106158999999999,7.858749
71,71,0.0045,0.03,0.11262075,7.588473500000001
72,72,0.0045,0.03,0.1146255,7.3385935
73,73,0.0045,0.03,0.11663035,7.107491
74,74,0.0045,0.03,0.11863525,6.893403999999999
75,75,0.0045,0.03,0.1205702,6.701673
76,76,0.0045,0.03,0.1225449999999999,6.520268
77,77,0.0045,0.03,0.1245499999999999,6.347021
78,78,0.0045,0.03,0.12655485,6.181231
79,79,0.0045,0.03,0.12855975,6.019767999999999
80,80,0.0045,0.03,0.1305645,5.859056999999999
81,81,0.0045,0.03,0.1325694,5.689704
82,82,0.0045,0.03,0.13461045,5.5167735
83,83,0.0045,0.03,0.1369532499999999,5.662335000000001
84,84,0.0045,0.03,0.139363,5.804332500000001
85,85,0.0045,0.03,0.1417725999999999,5.9163055
0,0,0.0045,0.04,0.00109336635,3.768093
1,1,0.0045,0.04,0.0038291109999999,4.631026
2,2,0.0045,0.04,0.00667475,5.513206500000001
3,3,0.0045,0.04,0.0095179885,6.7829525
4,4,0.0045,0.04,0.012355665,8.7727605
5,5,0.0045,0.04,0.0141966,10.39204
6,6,0.0045,0.04,0.01512444,10.995005000000004
7,7,0.0045,0.04,0.0160393,12.008005
8,8,0.0045,0.04,0.016941965,14.19658
9,9,0.0045,0.04,0.01782944,17.479339999999997
10,10,0.0045,0.04,0.01885286,18.62754
11,11,0.0045,0.04,0.02001855,24.3047
12,12,0.0045,0.04,0.0212870899999999,36.71912999999999
13,13,0.0045,0.04,0.0226022899999999,44.184145
14,14,0.0045,0.04,0.023895225,42.52457
15,15,0.0045,0.04,0.0251081649999999,33.347485
16,16,0.0045,0.04,0.026260815,25.25863
17,17,0.0045,0.04,0.02742457,23.238885
18,18,0.0045,0.04,0.02865709,26.65923
19,19,0.0045,0.04,0.029930275,31.582535
20,20,0.0045,0.04,0.0312574449999999,35.963885000000005
21,21,0.0045,0.04,0.03256575,38.67743
22,22,0.0045,0.04,0.033917135,40.28592999999999
23,23,0.0045,0.04,0.035268525,41.13476
24,24,0.0045,0.04,0.0366199049999999,41.56828
25,25,0.0045,0.04,0.0379712499999999,41.780285000000006
26,26,0.0045,0.04,0.0393226099999999,41.873485
27,27,0.0045,0.04,0.040674,41.90228
28,28,0.0045,0.04,0.042025385,41.89479000000001
29,29,0.0045,0.04,0.0433767699999999,41.86568
30,30,0.0045,0.04,0.044728155,41.820665
31,31,0.0045,0.04,0.046079515,41.761750000000006
32,32,0.0045,0.04,0.047430885,41.69121
33,33,0.0045,0.04,0.048782215,41.60920500000001
34,34,0.0045,0.04,0.050133585,41.517050000000005
35,35,0.0045,0.04,0.051484925,41.417505
36,36,0.0045,0.04,0.052836285,41.312515
37,37,0.0045,0.04,0.05418763,41.20383499999999
38,38,0.0045,0.04,0.055538985,41.096745
39,39,0.0045,0.04,0.056890335,41.031995
40,40,0.0045,0.04,0.0582760949999999,40.895755
41,41,0.0045,0.04,0.06005058,37.092615
42,42,0.0045,0.04,0.0620553949999999,32.535505
43,43,0.0045,0.04,0.064060315,28.628715
44,44,0.0045,0.04,0.0660652599999999,25.4178
45,45,0.0045,0.04,0.06807025,22.785349999999998
46,46,0.0045,0.04,0.07007525,20.596390000000003
47,47,0.0045,0.04,0.0720802399999999,18.74422
48,48,0.0045,0.04,0.0740852049999999,17.152755
49,49,0.0045,0.04,0.0760902,15.768935000000004
50,50,0.0045,0.04,0.07809523,14.554834999999995
51,51,0.0045,0.04,0.080100275,13.482475
52,52,0.0045,0.04,0.08210531,12.530415
53,53,0.0045,0.04,0.08411036,11.681540000000002
54,54,0.0045,0.04,0.086115405,10.9221
55,55,0.0045,0.04,0.0881204499999999,10.24055
56,56,0.0045,0.04,0.0901254949999999,9.627068
57,57,0.0045,0.04,0.09213053,9.073303
58,58,0.0045,0.04,0.094135575,8.5720505
59,59,0.0045,0.04,0.096140625,8.11704
60,60,0.0045,0.04,0.09814579,7.702839000000002
61,61,0.0045,0.04,0.100150965,7.324762999999999
62,62,0.0045,0.04,0.1021562,6.978821000000001
63,63,0.0045,0.04,0.10416135,6.661575000000001
64,64,0.0045,0.04,0.10616655,6.3700825000000005
65,65,0.0045,0.04,0.1081717499999999,6.1018395
66,66,0.0045,0.04,0.11017695,5.8546695
67,67,0.0045,0.04,0.11218215,5.626593999999999
68,68,0.0045,0.04,0.1141872999999999,5.4158955
69,69,0.0045,0.04,0.1161924999999999,5.2211245
70,70,0.0045,0.04,0.1181977999999999,5.041067499999999
71,71,0.0045,0.04,0.12020315,4.8746375
72,72,0.0045,0.04,0.1222085,4.7206980000000005
73,73,0.0045,0.04,0.12421385,4.57783
74,74,0.0045,0.04,0.1262192,4.4436465
75,75,0.0045,0.04,0.12822445,4.3099345
76,76,0.0045,0.04,0.1303084,4.225132500000001
77,77,0.0045,0.04,0.1326899999999999,4.390998999999999
78,78,0.0045,0.04,0.1350995,4.541369
79,79,0.0045,0.04,0.1375094999999999,4.6748185
0,0,0.0045,0.05,0.0011425811,0.7161575000000001
1,1,0.0045,0.05,0.0040224805,0.8758535000000002
2,2,0.0045,0.05,0.007015204,1.0553183499999998
3,3,0.0045,0.05,0.0100050784999999,1.3171825
4,4,0.0045,0.05,0.01293556,1.66845
5,5,0.0045,0.05,0.014516045,1.850865
6,6,0.0045,0.05,0.015770065,3.1095995000000003
7,7,0.0045,0.05,0.0168637899999999,33.71591550000001
8,8,0.0045,0.05,0.017798705,49.332715
9,9,0.0045,0.05,0.01872355,56.483425
10,10,0.0045,0.05,0.01980426,60.162395
11,11,0.0045,0.05,0.02123403,60.72944
12,12,0.0045,0.05,0.02270002,58.27473999999999
13,13,0.0045,0.05,0.02411621,52.16512
14,14,0.0045,0.05,0.025451215,39.11901000000001
15,15,0.0045,0.05,0.026678735,23.53673
16,16,0.0045,0.05,0.0277757249999999,10.9847455
17,17,0.0045,0.05,0.028847225,6.464324
18,18,0.0045,0.05,0.03018112,11.955872
19,19,0.0045,0.05,0.03161155,16.445294999999998
20,20,0.0045,0.05,0.0331125249999999,18.517105
21,21,0.0045,0.05,0.03461348,19.32569
22,22,0.0045,0.05,0.03611444,19.58247
23,23,0.0045,0.05,0.037615395,19.623145
24,24,0.0045,0.05,0.03911635,19.572735
25,25,0.0045,0.05,0.040617305,19.475915000000004
26,26,0.0045,0.05,0.042118265,19.348560000000003
27,27,0.0045,0.05,0.04361922,19.197385
28,28,0.0045,0.05,0.04512018,19.027795
29,29,0.0045,0.05,0.046621135,18.846925
30,30,0.0045,0.05,0.04812207,18.663125
31,31,0.0045,0.05,0.049623015,18.48335
32,32,0.0045,0.05,0.051123955,18.312055000000004
33,33,0.0045,0.05,0.0526248849999999,18.150465
34,34,0.0045,0.05,0.05412583,17.997040000000002
35,35,0.0045,0.05,0.055626765,17.84989
36,36,0.0045,0.05,0.0571277049999999,17.711775
37,37,0.0045,0.05,0.0586286399999999,17.642295
38,38,0.0045,0.05,0.06025999,17.0824
39,39,0.0045,0.05,0.0622459749999999,15.013659999999998
40,40,0.0045,0.05,0.064251915,13.52345
41,41,0.0045,0.05,0.06625785,12.313835
42,42,0.0045,0.05,0.068193035,11.278065000000002
43,43,0.0045,0.05,0.07016945,10.375152000000002
44,44,0.0045,0.05,0.072175375,9.546010499999998
45,45,0.0045,0.05,0.074181345,8.816263999999999
46,46,0.0045,0.05,0.07618725,8.168509
47,47,0.0045,0.05,0.078193205,7.590286499999999
48,48,0.0045,0.05,0.0801991,7.071851500000001
49,49,0.0045,0.05,0.08220499,6.605522500000001
50,50,0.0045,0.05,0.0842108849999999,6.184916500000001
51,51,0.0045,0.05,0.0862167799999999,5.804683
52,52,0.0045,0.05,0.08822267,5.460246500000001
53,53,0.0045,0.05,0.090228565,5.1476475
54,54,0.0045,0.05,0.09223446,4.863444
55,55,0.0045,0.05,0.09424035,4.604610000000001
56,56,0.0045,0.05,0.09624635,4.368460499999999
57,57,0.0045,0.05,0.0982523499999999,4.152654999999999
58,58,0.0045,0.05,0.100258395,3.955148
59,59,0.0045,0.05,0.1022644499999999,3.7740835
60,60,0.0045,0.05,0.1042705,3.607807
61,61,0.0045,0.05,0.1062764999999999,3.45483
62,62,0.0045,0.05,0.1082826,3.313798
63,63,0.0045,0.05,0.1102886,3.183469
64,64,0.0045,0.05,0.1122947,3.062749
65,65,0.0045,0.05,0.1143006999999999,2.950693
66,66,0.0045,0.05,0.1163067499999999,2.8464665
67,67,0.0045,0.05,0.1183128,2.7493045
68,68,0.0045,0.05,0.1203187999999999,2.658412
69,69,0.0045,0.05,0.1223249,2.572627
70,70,0.0045,0.05,0.1243309,2.4884095
71,71,0.0045,0.05,0.126365,2.4038975
72,72,0.0045,0.05,0.1286749999999999,2.497384
73,73,0.0045,0.05,0.13098535,2.5707225
74,74,0.0045,0.05,0.1333949999999999,2.6298675
0,0,0.005,0.01,0.0015289611,4.0992215
1,1,0.005,0.01,0.0047986494999999,4.9953
2,2,0.005,0.01,0.008070349,6.469642499999999
3,3,0.005,0.01,0.0113225695,8.943162
4,4,0.005,0.01,0.0137502,14.658135
5,5,0.005,0.01,0.014446605,16.187965
6,6,0.005,0.01,0.015004685,21.853615
7,7,0.005,0.01,0.015511495,56.869175
8,8,0.005,0.01,0.016040825,69.816335
9,9,0.005,0.01,0.0165996299999999,69.017415
10,10,0.005,0.01,0.01719995,67.97765999999999
11,11,0.005,0.01,0.017738445,74.755295
12,12,0.005,0.01,0.018261085,80.23257999999998
13,13,0.005,0.01,0.018821855,83.640505
14,14,0.005,0.01,0.019428075,90.06179
15,15,0.005,0.01,0.020226465,99.28601
16,16,0.005,0.01,0.0211230549999999,95.45738
17,17,0.005,0.01,0.02202337,96.940585
18,18,0.005,0.01,0.0228865249999999,97.684335
19,19,0.005,0.01,0.02376087,96.02412
20,20,0.005,0.01,0.0246153999999999,90.5801
21,21,0.005,0.01,0.025469005,85.81716000000002
22,22,0.005,0.01,0.02633415,84.43047999999999
23,23,0.005,0.01,0.027201495,85.08317000000001
24,24,0.005,0.01,0.0281016649999999,86.5981
25,25,0.005,0.01,0.0290017949999999,88.11086
26,26,0.005,0.01,0.029901905,89.58956500000001
27,27,0.005,0.01,0.0308019999999999,90.835995
28,28,0.005,0.01,0.0317021049999999,91.891295
29,29,0.005,0.01,0.03260221,92.801185
30,30,0.005,0.01,0.0335023,93.596185
31,31,0.005,0.01,0.034402395,94.30374500000002
32,32,0.005,0.01,0.035302485,94.95529000000002
33,33,0.005,0.01,0.03620259,95.569065
34,34,0.005,0.01,0.037102695,96.154005
35,35,0.005,0.01,0.038002805,96.71782
36,36,0.005,0.01,0.03890291,97.266865
37,37,0.005,0.01,0.039803015,97.80483
38,38,0.005,0.01,0.040703115,98.33650000000002
39,39,0.005,0.01,0.04160322,98.868425
40,40,0.005,0.01,0.0425033249999999,99.39641500000002
41,41,0.005,0.01,0.0434034299999999,99.916735
42,42,0.005,0.01,0.044303535,100.43189999999998
43,43,0.005,0.01,0.0452036399999999,100.94145
44,44,0.005,0.01,0.0461037449999999,101.4442
45,45,0.005,0.01,0.04700384,101.93795
46,46,0.005,0.01,0.04790393,102.42175
47,47,0.005,0.01,0.048804015,102.89725
48,48,0.005,0.01,0.049704105,103.3697
49,49,0.005,0.01,0.0506042,103.84005
50,50,0.005,0.01,0.05150429,104.30365
51,51,0.005,0.01,0.05240438,104.76940000000002
52,52,0.005,0.01,0.05330447,105.23815000000002
53,53,0.005,0.01,0.05420456,105.71155000000002
54,54,0.005,0.01,0.05510465,106.1924
55,55,0.005,0.01,0.05600474,106.68395
56,56,0.005,0.01,0.056904825,107.188
57,57,0.005,0.01,0.057804915,107.69965
58,58,0.005,0.01,0.058705,108.20055
59,59,0.005,0.01,0.0596051,108.7059
60,60,0.005,0.01,0.060505195,109.2322
61,61,0.005,0.01,0.061405285,109.7956
62,62,0.005,0.01,0.062305375,110.4031
63,63,0.005,0.01,0.0632055,111.0527
64,64,0.005,0.01,0.064105655,111.7397
65,65,0.005,0.01,0.065005805,112.43535
66,66,0.005,0.01,0.0659059549999999,113.14845
67,67,0.005,0.01,0.06680611,113.89525
68,68,0.005,0.01,0.0677062,114.68439999999998
69,69,0.005,0.01,0.068606215,115.5462
70,70,0.005,0.01,0.069648505,111.43695
71,71,0.005,0.01,0.071438455,92.947675
72,72,0.005,0.01,0.073341865,78.44891499999999
73,73,0.005,0.01,0.0752782999999999,64.75993
74,74,0.005,0.01,0.07719561,53.68518500000001
75,75,0.005,0.01,0.079201025,44.79079999999999
76,76,0.005,0.01,0.081206675,38.27477
77,77,0.005,0.01,0.08321255,33.37327
78,78,0.005,0.01,0.08521858,29.56243
79,79,0.005,0.01,0.08722479,26.530605
80,80,0.005,0.01,0.0892311549999999,24.06336
81,81,0.005,0.01,0.091233925,21.99854
82,82,0.005,0.01,0.093144085,20.27477
83,83,0.005,0.01,0.0951509949999999,18.8646
84,84,0.005,0.01,0.097145105,17.71967
85,85,0.005,0.01,0.099065245,16.771635000000003
86,86,0.005,0.01,0.10106595,16.069894999999995
87,87,0.005,0.01,0.1029808,15.449730000000002
88,88,0.005,0.01,0.10498875,14.9226
89,89,0.005,0.01,0.10690655,14.391740000000002
90,90,0.005,0.01,0.1089035499999999,13.857695
91,91,0.005,0.01,0.11091065,13.3101
92,92,0.005,0.01,0.1129175,12.748155
93,93,0.005,0.01,0.11492445,12.185974999999996
94,94,0.005,0.01,0.1168909499999999,11.64684
95,95,0.005,0.01,0.11883715,11.13579
96,96,0.005,0.01,0.12084385,10.633805
97,97,0.005,0.01,0.12285025,10.1575515
98,98,0.005,0.01,0.1248567999999999,9.7076275
99,99,0.005,0.01,0.1268631,9.283703
100,100,0.005,0.01,0.1288694,8.884761500000002
101,101,0.005,0.01,0.1308758,8.509254499999999
102,102,0.005,0.01,0.1328821,8.1553365
103,103,0.005,0.01,0.13488845,7.821276
104,104,0.005,0.01,0.1368947999999999,7.5056505
105,105,0.005,0.01,0.1389011,7.207226
106,106,0.005,0.01,0.1409072999999999,6.9248975
107,107,0.005,0.01,0.14291355,6.657674500000001
108,108,0.005,0.01,0.1449196999999999,6.404627500000001
109,109,0.005,0.01,0.14692585,6.1647965
110,110,0.005,0.01,0.148932,5.937046999999999
111,111,0.005,0.01,0.1509029,5.7231015
112,112,0.005,0.01,0.152844,5.518494499999999
113,113,0.005,0.01,0.15486485,5.3192465
114,114,0.005,0.01,0.1571685,5.279113499999999
115,115,0.005,0.01,0.15957805,5.3015205
116,116,0.005,0.01,0.1619877,5.3156135
0,0,0.005,0.02,0.00133622965,5.6011395
1,1,0.005,0.02,0.004476853,7.1940515000000005
2,2,0.005,0.02,0.0076522775,8.749656999999997
3,3,0.005,0.02,0.0108256754999999,11.372439500000002
4,4,0.005,0.02,0.0135795449999999,15.167935
5,5,0.005,0.02,0.014550635,16.770554999999998
6,6,0.005,0.02,0.01528001,18.013885
7,7,0.005,0.02,0.01602653,19.946845
8,8,0.005,0.02,0.016777975,24.661805
9,9,0.005,0.02,0.01752715,34.21229
10,10,0.005,0.02,0.018294405,54.06958
11,11,0.005,0.02,0.019278205,56.59966000000001
12,12,0.005,0.02,0.02028202,51.806830000000005
13,13,0.005,0.02,0.0213324849999999,46.23323499999999
14,14,0.005,0.02,0.022382995,41.80031
15,15,0.005,0.02,0.02343353,40.08587000000001
16,16,0.005,0.02,0.02445293,42.47107499999999
17,17,0.005,0.02,0.02548232,49.318650000000005
18,18,0.005,0.02,0.026532805,56.24691
19,19,0.005,0.02,0.02758324,61.799845000000005
20,20,0.005,0.02,0.028633655,65.93220000000001
21,21,0.005,0.02,0.0296840749999999,68.84496500000002
22,22,0.005,0.02,0.0307344949999999,70.85758000000001
23,23,0.005,0.02,0.03178494,72.20338
24,24,0.005,0.02,0.032835375,73.02942
25,25,0.005,0.02,0.03388577,73.4208
26,26,0.005,0.02,0.034936185,73.501885
27,27,0.005,0.02,0.03598664,73.36115
28,28,0.005,0.02,0.0370371,73.07091
29,29,0.005,0.02,0.0380875549999999,72.67986
30,30,0.005,0.02,0.039138015,72.22297999999998
31,31,0.005,0.02,0.040188465,71.735055
32,32,0.005,0.02,0.04123893,71.239385
33,33,0.005,0.02,0.042289385,70.74889
34,34,0.005,0.02,0.0433398449999999,70.27351999999999
35,35,0.005,0.02,0.0443903,69.82034000000002
36,36,0.005,0.02,0.045440755,69.39356000000001
37,37,0.005,0.02,0.046491175,68.99491
38,38,0.005,0.02,0.047541595,68.62454
39,39,0.005,0.02,0.048592015,68.28338
40,40,0.005,0.02,0.0496424399999999,67.970675
41,41,0.005,0.02,0.0506928599999999,67.686125
42,42,0.005,0.02,0.051743275,67.42893000000001
43,43,0.005,0.02,0.0527936949999999,67.19800000000001
44,44,0.005,0.02,0.05384412,66.992025
45,45,0.005,0.02,0.05489454,66.809215
46,46,0.005,0.02,0.05594496,66.64484999999999
47,47,0.005,0.02,0.056995375,66.4993
48,48,0.005,0.02,0.0580458,66.37338000000003
49,49,0.005,0.02,0.05909622,66.26596499999998
50,50,0.005,0.02,0.0601466399999999,66.17580500000001
51,51,0.005,0.02,0.0611970599999999,66.10162
52,52,0.005,0.02,0.062247475,66.04216
53,53,0.005,0.02,0.0632979299999999,65.99624
54,54,0.005,0.02,0.064348385,65.96299
55,55,0.005,0.02,0.065398845,65.94235
56,56,0.005,0.02,0.0664493,65.942645
57,57,0.005,0.02,0.0674997549999999,66.12133499999999
58,58,0.005,0.02,0.0687120699999999,62.826605
59,59,0.005,0.02,0.0706344999999999,46.79803
60,60,0.005,0.02,0.0726413699999999,36.935665
61,61,0.005,0.02,0.074648355,30.934050000000003
62,62,0.005,0.02,0.0766554249999999,26.91469
63,63,0.005,0.02,0.07866252,24.00149
64,64,0.005,0.02,0.080669605,21.75182
65,65,0.005,0.02,0.082676795,19.932875000000003
66,66,0.005,0.02,0.08468403,18.420305
67,67,0.005,0.02,0.08669127,17.142705000000003
68,68,0.005,0.02,0.08869851,16.051500000000004
69,69,0.005,0.02,0.09070575,15.110685
70,70,0.005,0.02,0.09271298,14.291755
71,71,0.005,0.02,0.094720225,13.571840000000003
72,72,0.005,0.02,0.0967274599999999,12.934755
73,73,0.005,0.02,0.098734695,12.370325
74,74,0.005,0.02,0.10074193,11.873450000000002
75,75,0.005,0.02,0.1027491999999999,11.442605
76,76,0.005,0.02,0.10475645,11.077470000000002
77,77,0.005,0.02,0.10676375,10.77582
78,78,0.005,0.02,0.1087712,10.52962
79,79,0.005,0.02,0.11077855,10.322090000000005
80,80,0.005,0.02,0.1127859499999999,10.131735000000004
81,81,0.005,0.02,0.1147933499999999,9.9395675
82,82,0.005,0.02,0.1168007,9.7332535
83,83,0.005,0.02,0.118808,9.507842
84,84,0.005,0.02,0.1208153,9.264823
85,85,0.005,0.02,0.1227986,9.0138895
86,86,0.005,0.02,0.1247293499999999,8.735837500000002
87,87,0.005,0.02,0.1267366499999999,8.446636999999999
88,88,0.005,0.02,0.128744,8.170737999999998
89,89,0.005,0.02,0.1307513,7.906856500000001
90,90,0.005,0.02,0.13275855,7.651111999999999
91,91,0.005,0.02,0.13476575,7.398589000000001
92,92,0.005,0.02,0.1367729999999999,7.1468605
93,93,0.005,0.02,0.13878015,6.89672
94,94,0.005,0.02,0.14078735,6.650247500000001
95,95,0.005,0.02,0.1427946499999999,6.4094955
96,96,0.005,0.02,0.1448018499999999,6.1749605
97,97,0.005,0.02,0.1468091,5.942093
98,98,0.005,0.02,0.1488192,5.6738615
99,99,0.005,0.02,0.15107465,5.6428165
100,100,0.005,0.02,0.1534844,5.693653
101,101,0.005,0.02,0.155894,5.7059915000000005
102,102,0.005,0.02,0.15830355,5.7105655
0,0,0.005,0.03,0.0011797149,5.1024555000000005
1,1,0.005,0.03,0.004000279,6.452628
2,2,0.005,0.03,0.0067274365,7.656234
3,3,0.005,0.03,0.009568521,9.469919999999998
4,4,0.005,0.03,0.0124155699999999,12.3637
5,5,0.005,0.03,0.0141607,14.666900000000002
6,6,0.005,0.03,0.015004175,15.519605
7,7,0.005,0.03,0.0158357849999999,16.91433
8,8,0.005,0.03,0.016679135,20.293325000000003
9,9,0.005,0.03,0.017488275,26.58675
10,10,0.005,0.03,0.01837507,35.98698
11,11,0.005,0.03,0.019474445,35.31368500000001
12,12,0.005,0.03,0.0206156799999999,32.729150000000004
13,13,0.005,0.03,0.021757385,37.900535
14,14,0.005,0.03,0.022899865,42.48253
15,15,0.005,0.03,0.024035445,38.867355
16,16,0.005,0.03,0.02514365,33.982009999999995
17,17,0.005,0.03,0.026238255,34.01837
18,18,0.005,0.03,0.027369105,38.05616
19,19,0.005,0.03,0.028538125,43.222855
20,20,0.005,0.03,0.02968887,47.61868
21,21,0.005,0.03,0.0308894049999999,51.267065
22,22,0.005,0.03,0.032089925,53.86108
23,23,0.005,0.03,0.0332904299999999,55.577435
24,24,0.005,0.03,0.0344909499999999,56.650400000000005
25,25,0.005,0.03,0.03569145,57.28578
26,26,0.005,0.03,0.036891925,57.639885000000014
27,27,0.005,0.03,0.03809243,57.81974500000001
28,28,0.005,0.03,0.03929295,57.88941000000001
29,29,0.005,0.03,0.04049345,57.884
30,30,0.005,0.03,0.0416939749999999,57.82125499999999
31,31,0.005,0.03,0.042894475,57.710425
32,32,0.005,0.03,0.0440949949999999,57.557895
33,33,0.005,0.03,0.0452955,57.368985
34,34,0.005,0.03,0.04649599,57.152075
35,35,0.005,0.03,0.047696475,56.91387
36,36,0.005,0.03,0.04889695,56.659525
37,37,0.005,0.03,0.050097425,56.39443
38,38,0.005,0.03,0.051297905,56.123665
39,39,0.005,0.03,0.0524983899999999,55.85307
40,40,0.005,0.03,0.0536988749999999,55.585475
41,41,0.005,0.03,0.05489935,55.32552499999999
42,42,0.005,0.03,0.056099825,55.075495
43,43,0.005,0.03,0.0573003049999999,54.83691
44,44,0.005,0.03,0.0585007949999999,54.610375
45,45,0.005,0.03,0.059701275,54.39629000000001
46,46,0.005,0.03,0.06090175,54.19485000000001
47,47,0.005,0.03,0.0621022249999999,54.00629500000001
48,48,0.005,0.03,0.06330274,53.830805
49,49,0.005,0.03,0.0645032599999999,53.66873
50,50,0.005,0.03,0.06570378,53.52366500000001
51,51,0.005,0.03,0.06690429,53.44076
52,52,0.005,0.03,0.0681293249999999,53.49875000000001
53,53,0.005,0.03,0.069868655,46.85921
54,54,0.005,0.03,0.0718095299999999,39.362855
55,55,0.005,0.03,0.073813755,33.052355
56,56,0.005,0.03,0.0758180799999999,28.29043
57,57,0.005,0.03,0.07782247,24.68958
58,58,0.005,0.03,0.07982697,21.91164
59,59,0.005,0.03,0.081831495,19.71232
60,60,0.005,0.03,0.08383603,17.928509999999996
61,61,0.005,0.03,0.08584068,16.450815000000002
62,62,0.005,0.03,0.08784535,15.204294999999998
63,63,0.005,0.03,0.0898500149999999,14.136685
64,64,0.005,0.03,0.09185469,13.210790000000005
65,65,0.005,0.03,0.0938593849999999,12.39884
66,66,0.005,0.03,0.09586405,11.679545
67,67,0.005,0.03,0.097868735,11.037795
68,68,0.005,0.03,0.09987354,10.46286
69,69,0.005,0.03,0.10187835,9.9451905
70,70,0.005,0.03,0.1038832,9.476905
71,71,0.005,0.03,0.105888,9.0529585
72,72,0.005,0.03,0.1078928,8.6681925
73,73,0.005,0.03,0.10989765,8.317608000000002
74,74,0.005,0.03,0.1119024999999999,7.997824500000002
75,75,0.005,0.03,0.1139072499999999,7.706262
76,76,0.005,0.03,0.11591225,7.440970500000001
77,77,0.005,0.03,0.11791725,7.200931
78,78,0.005,0.03,0.11992225,6.985419499999999
79,79,0.005,0.03,0.1219271,6.793227499999999
80,80,0.005,0.03,0.1238526499999999,6.6311795
81,81,0.005,0.03,0.1258369999999999,6.4861295
82,82,0.005,0.03,0.1278421,6.359617500000001
83,83,0.005,0.03,0.12984725,6.2464815
84,84,0.005,0.03,0.1318523999999999,6.138956499999999
85,85,0.005,0.03,0.1338575,6.029324
86,86,0.005,0.03,0.1358625,5.912964999999999
87,87,0.005,0.03,0.13786775,5.7881965
88,88,0.005,0.03,0.13987275,5.654151
89,89,0.005,0.03,0.14187775,5.506374500000001
90,90,0.005,0.03,0.1438835,5.3173525
91,91,0.005,0.03,0.1461199499999999,5.338813
92,92,0.005,0.03,0.1485295,5.464364000000001
93,93,0.005,0.03,0.1509392,5.5359245
94,94,0.005,0.03,0.15334885,5.588015
0,0,0.005,0.04,0.0010933594499999,3.4225345
1,1,0.005,0.04,0.0038291354999999,4.206937
2,2,0.005,0.04,0.0066747909999999,5.008363
3,3,0.005,0.04,0.0095180315,6.1612845
4,4,0.005,0.04,0.012355885,7.963581999999998
5,5,0.005,0.04,0.0141974799999999,9.3997425
6,6,0.005,0.04,0.01512175,9.864093
7,7,0.005,0.04,0.01603807,10.62866
8,8,0.005,0.04,0.01693923,12.34763
9,9,0.005,0.04,0.017811265,14.738855
10,10,0.005,0.04,0.018790595,16.081095
11,11,0.005,0.04,0.01995338,27.63537
12,12,0.005,0.04,0.021262195,38.837945000000005
13,13,0.005,0.04,0.0225239249999999,43.64439499999999
14,14,0.005,0.04,0.023804065,40.344725
15,15,0.005,0.04,0.0249996899999999,31.008644999999994
16,16,0.005,0.04,0.026139855,22.913985000000004
17,17,0.005,0.04,0.02729729,21.196875
18,18,0.005,0.04,0.0285109,24.976155
19,19,0.005,0.04,0.0298106949999999,30.36997000000001
20,20,0.005,0.04,0.03110289,34.49745
21,21,0.005,0.04,0.0324543,37.12589000000001
22,22,0.005,0.04,0.033805685,38.49784
23,23,0.005,0.04,0.03515707,39.167905
24,24,0.005,0.04,0.036508425,39.48050500000001
25,25,0.005,0.04,0.03785977,39.61133499999999
26,26,0.005,0.04,0.039211155,39.64692
27,27,0.005,0.04,0.040562535,39.63054
28,28,0.005,0.04,0.041913925,39.584075000000006
29,29,0.005,0.04,0.043265315,39.51793500000001
30,30,0.005,0.04,0.0446166999999999,39.435245
31,31,0.005,0.04,0.04596808,39.33738000000001
32,32,0.005,0.04,0.047319415,39.22637
33,33,0.005,0.04,0.048670785,39.10249
34,34,0.005,0.04,0.050022115,38.96818
35,35,0.005,0.04,0.051373485,38.825835
36,36,0.005,0.04,0.052724825,38.67734
37,37,0.005,0.04,0.054076185,38.52422
38,38,0.005,0.04,0.05542753,38.36818
39,39,0.005,0.04,0.056778885,38.2104
40,40,0.005,0.04,0.05813023,38.052745
41,41,0.005,0.04,0.059481585,37.89605
42,42,0.005,0.04,0.06083294,37.741245000000006
43,43,0.005,0.04,0.0621842849999999,37.589395
44,44,0.005,0.04,0.0635356649999999,37.44112
45,45,0.005,0.04,0.06488705,37.298275
46,46,0.005,0.04,0.066238435,37.17296499999999
47,47,0.005,0.04,0.067589825,37.22093
48,48,0.005,0.04,0.069148335,35.527365
49,49,0.005,0.04,0.07107669,31.050965
50,50,0.005,0.04,0.07308146,26.907605
51,51,0.005,0.04,0.075086275,23.47126
52,52,0.005,0.04,0.077091125,20.702495000000003
53,53,0.005,0.04,0.0790960149999999,18.4615
54,54,0.005,0.04,0.081100935,16.623105
55,55,0.005,0.04,0.083105955,15.092114999999998
56,56,0.005,0.04,0.085111,13.799924999999998
57,57,0.005,0.04,0.087116045,12.696135000000002
58,58,0.005,0.04,0.089121095,11.743495
59,59,0.005,0.04,0.091126135,10.91392
60,60,0.005,0.04,0.093131175,10.1857235
61,61,0.005,0.04,0.0951362299999999,9.5421335
62,62,0.005,0.04,0.0971414,8.969851499999999
63,63,0.005,0.04,0.099146585,8.458502999999999
64,64,0.005,0.04,0.10115175,7.999789
65,65,0.005,0.04,0.103157,7.586624499999999
66,66,0.005,0.04,0.1051622,7.213236999999999
67,67,0.005,0.04,0.10716735,6.8745795
68,68,0.005,0.04,0.10917255,6.566039000000001
69,69,0.005,0.04,0.11117775,6.283934
70,70,0.005,0.04,0.1131829999999999,6.025180000000001
71,71,0.005,0.04,0.11518835,5.7873905
72,72,0.005,0.04,0.11719365,5.5688435
73,73,0.005,0.04,0.119199,5.3680575
74,74,0.005,0.04,0.12120435,5.1837315
75,75,0.005,0.04,0.1232096499999999,5.0148375
76,76,0.005,0.04,0.12521505,4.8608045
77,77,0.005,0.04,0.1272204,4.721366
78,78,0.005,0.04,0.12922585,4.596854499999999
79,79,0.005,0.04,0.13123145,4.48739
80,80,0.005,0.04,0.133237,4.3911015
81,81,0.005,0.04,0.13524255,4.303390500000001
82,82,0.005,0.04,0.1372482,4.2158075
83,83,0.005,0.04,0.1392564999999999,4.108728000000001
84,84,0.005,0.04,0.1414954,4.195703
85,85,0.005,0.04,0.1438007499999999,4.353013
86,86,0.005,0.04,0.14621045,4.479284
87,87,0.005,0.04,0.1486199999999999,4.5864475
